{"type":"FeatureCollection","features":[{"type":"Feature","properties":{"id":"ppm-es-2251","name":"Almaraz","capacity_mw":2093.0,"fuel_type":"nuclear","status":"operational","precision":"approximate","source":"powerplantmatching v0.9.0, 2026-10-03 · Global Energy Monitor, ENTSO-E, Open Power System Data, OpenStreetMap","source_url":"https://www.openstreetmap.org/way/125338442","units":2,"tech":"Steam Turbine · 2 units","commissioning_year":1983},"geometry":{"type":"Point","coordinates":[-5.699,39.807]}},{"type":"Feature","properties":{"id":"ppm-es-4016","name":"Asco","capacity_mw":2060.0,"fuel_type":"nuclear","status":"operational","precision":"approximate","source":"powerplantmatching v0.9.0, 2026-10-03 · Global Energy Monitor, ENTSO-E, Open Power System Data","source_url":"https://github.com/PyPSA/powerplantmatching","units":2,"tech":"Steam Turbine · 2 units","commissioning_year":1983},"geometry":{"type":"Point","coordinates":[0.569,41.199]}},{"type":"Feature","properties":{"id":"ppm-es-196","name":"Cortes La Muela","capacity_mw":1763.0,"fuel_type":"hydro","status":"operational","precision":"approximate","source":"powerplantmatching v0.9.0, 2026-10-03 · Global Energy Monitor, EESI, JRC (European Commission), ENTSO-E, Global Hydropower Resources, Open Power System Data, WRI GPPD","source_url":"https://github.com/PyPSA/powerplantmatching","tech":"Pumped Storage","commissioning_year":1970},"geometry":{"type":"Point","coordinates":[-0.927,39.251]}},{"type":"Feature","properties":{"id":"ppm-es-1990","name":"Besos","capacity_mw":1671.0,"fuel_type":"gas","status":"operational","precision":"approximate","source":"powerplantmatching v0.9.0, 2026-10-03 · Global Energy Monitor, ENTSO-E, WRI GPPD, GEO","source_url":"https://github.com/PyPSA/powerplantmatching","tech":"CCGT","commissioning_year":2002},"geometry":{"type":"Point","coordinates":[2.229,41.418]}},{"type":"Feature","properties":{"id":"ppm-es-1992","name":"Castellon","capacity_mw":1666.0,"fuel_type":"gas","status":"operational","precision":"approximate","source":"powerplantmatching v0.9.0, 2026-10-03 · Global Energy Monitor, ENTSO-E, WRI GPPD, GEO","source_url":"https://github.com/PyPSA/powerplantmatching","tech":"CCGT","commissioning_year":2002},"geometry":{"type":"Point","coordinates":[-0.001,39.959]}},{"type":"Feature","properties":{"id":"ppm-es-2009","name":"Arcos De La Frontera","capacity_mw":1585.4,"fuel_type":"gas","status":"operational","precision":"approximate","source":"powerplantmatching v0.9.0, 2026-10-03 · Global Energy Monitor, ENTSO-E, WRI GPPD, GEO","source_url":"https://github.com/PyPSA/powerplantmatching","tech":"CCGT","commissioning_year":2005},"geometry":{"type":"Point","coordinates":[-5.816,36.672]}},{"type":"Feature","properties":{"id":"ppm-es-2042","name":"Cartagena Escombreras","capacity_mw":1248.7,"fuel_type":"gas","status":"operational","precision":"approximate","source":"powerplantmatching v0.9.0, 2026-10-03 · Global Energy Monitor, ENTSO-E, WRI GPPD, GEO","source_url":"https://github.com/PyPSA/powerplantmatching","tech":"CCGT","commissioning_year":2006},"geometry":{"type":"Point","coordinates":[-0.938,37.573]}},{"type":"Feature","properties":{"id":"ppm-es-180","name":"Aldeadavila","capacity_mw":1243.0,"fuel_type":"hydro","status":"operational","precision":"approximate","source":"powerplantmatching v0.9.0, 2026-10-03 · Global Energy Monitor, EESI, JRC (European Commission), Global Hydropower Resources, Open Power System Data, WRI GPPD, GEO","source_url":"https://github.com/PyPSA/powerplantmatching","tech":"Pumped Storage","commissioning_year":1962},"geometry":{"type":"Point","coordinates":[-6.683,41.208]}},{"type":"Feature","properties":{"id":"ppm-es-1997","name":"Sagunto","capacity_mw":1232.1,"fuel_type":"gas","status":"operational","precision":"approximate","source":"powerplantmatching v0.9.0, 2026-10-03 · Global Energy Monitor, ENTSO-E, WRI GPPD, GEO","source_url":"https://github.com/PyPSA/powerplantmatching","tech":"CCGT","commissioning_year":2007},"geometry":{"type":"Point","coordinates":[-0.233,39.642]}},{"type":"Feature","properties":{"id":"ppm-es-756","name":"Castejon","capacity_mw":1222.2,"fuel_type":"gas","status":"operational","precision":"approximate","source":"powerplantmatching v0.9.0, 2026-10-03 · Global Energy Monitor, ENTSO-E, WRI GPPD, OpenStreetMap, GEO","source_url":"https://www.openstreetmap.org/way/676395382","tech":"CCGT","commissioning_year":2001},"geometry":{"type":"Point","coordinates":[-1.677,42.172]}},{"type":"Feature","properties":{"id":"ppm-es-11940","name":"El Fangal","capacity_mw":1199.0,"fuel_type":"gas","status":"operational","precision":"approximate","source":"powerplantmatching v0.9.0, 2026-10-03 · Global Energy Monitor, GEO","source_url":"https://github.com/PyPSA/powerplantmatching","tech":"CCGT","commissioning_year":2006},"geometry":{"type":"Point","coordinates":[-0.946,37.571]}},{"type":"Feature","properties":{"id":"ppm-es-4179","name":"Palos","capacity_mw":1166.8,"fuel_type":"gas","status":"operational","precision":"approximate","source":"powerplantmatching v0.9.0, 2026-10-03 · Global Energy Monitor, ENTSO-E, WRI GPPD","source_url":"https://github.com/PyPSA/powerplantmatching","tech":"CCGT","commissioning_year":2004},"geometry":{"type":"Point","coordinates":[-6.893,37.184]}},{"type":"Feature","properties":{"id":"ppm-es-2252","name":"Cofrentes","capacity_mw":1102.0,"fuel_type":"nuclear","status":"operational","precision":"approximate","source":"powerplantmatching v0.9.0, 2026-10-03 · Global Energy Monitor, ENTSO-E, Open Power System Data, OpenStreetMap","source_url":"https://www.openstreetmap.org/way/126986991","tech":"Steam Turbine","commissioning_year":1984},"geometry":{"type":"Point","coordinates":[-1.051,39.213]}},{"type":"Feature","properties":{"id":"ppm-es-2254","name":"Vandellos 2","capacity_mw":1087.0,"fuel_type":"nuclear","status":"operational","precision":"approximate","source":"powerplantmatching v0.9.0, 2026-10-03 · Global Energy Monitor, ENTSO-E, Open Power System Data, OpenStreetMap","source_url":"https://www.openstreetmap.org/relation/12029607","tech":"Steam Turbine","commissioning_year":1972},"geometry":{"type":"Point","coordinates":[0.866,40.951]}},{"type":"Feature","properties":{"id":"ppm-es-2253","name":"Trillo 1","capacity_mw":1066.0,"fuel_type":"nuclear","status":"operational","precision":"approximate","source":"powerplantmatching v0.9.0, 2026-10-03 · Global Energy Monitor, ENTSO-E, Open Power System Data, OpenStreetMap","source_url":"https://www.openstreetmap.org/way/66481386","tech":"Steam Turbine","commissioning_year":1988},"geometry":{"type":"Point","coordinates":[-2.623,40.702]}},{"type":"Feature","properties":{"id":"ppm-es-2085","name":"San Roque Refinery","capacity_mw":988.0,"fuel_type":"gas","status":"operational","precision":"approximate","source":"powerplantmatching v0.9.0, 2026-10-03 · Global Energy Monitor, ENTSO-E, WRI GPPD, OpenStreetMap","source_url":"https://www.openstreetmap.org/way/143868549","tech":"CCGT","commissioning_year":2002},"geometry":{"type":"Point","coordinates":[-5.397,36.191]}},{"type":"Feature","properties":{"id":"ppm-es-417","name":"Jose Maria Oriol","capacity_mw":957.0,"fuel_type":"hydro","status":"operational","precision":"approximate","source":"powerplantmatching v0.9.0, 2026-10-03 · Global Energy Monitor, JRC (European Commission), Global Hydropower Resources, Open Power System Data, WRI GPPD, GEO","source_url":"https://github.com/PyPSA/powerplantmatching","tech":"Reservoir","commissioning_year":1969},"geometry":{"type":"Point","coordinates":[-6.885,39.729]}},{"type":"Feature","properties":{"id":"ppm-es-1032","name":"Abono","capacity_mw":916.2,"fuel_type":"coal","status":"operational","precision":"approximate","source":"powerplantmatching v0.9.0, 2026-10-03 · Global Energy Monitor, ENTSO-E, BEYONDCOAL, WRI GPPD, GEO","source_url":"https://github.com/PyPSA/powerplantmatching","tech":"Steam Turbine (hard coal)","commissioning_year":1974},"geometry":{"type":"Point","coordinates":[-5.722,43.554]}},{"type":"Feature","properties":{"id":"ppm-es-3546","name":"Puerto De Barcelona","capacity_mw":866.2,"fuel_type":"gas","status":"operational","precision":"approximate","source":"powerplantmatching v0.9.0, 2026-10-03 · Global Energy Monitor, WRI GPPD, GEO","source_url":"https://github.com/PyPSA/powerplantmatching","tech":"CCGT","commissioning_year":2003},"geometry":{"type":"Point","coordinates":[2.159,41.337]}},{"type":"Feature","properties":{"id":"ppm-es-2011","name":"As Pontes","capacity_mw":856.0,"fuel_type":"gas","status":"operational","precision":"approximate","source":"powerplantmatching v0.9.0, 2026-10-03 · Global Energy Monitor, ENTSO-E, WRI GPPD, GEO","source_url":"https://github.com/PyPSA/powerplantmatching","tech":"CCGT","commissioning_year":2008},"geometry":{"type":"Point","coordinates":[-7.863,43.441]}},{"type":"Feature","properties":{"id":"ppm-es-4182","name":"Soto De Ribera","capacity_mw":854.0,"fuel_type":"gas","status":"operational","precision":"approximate","source":"powerplantmatching v0.9.0, 2026-10-03 · Global Energy Monitor, ENTSO-E, WRI GPPD","source_url":"https://github.com/PyPSA/powerplantmatching","tech":"CCGT","commissioning_year":2008},"geometry":{"type":"Point","coordinates":[-5.874,43.312]}},{"type":"Feature","properties":{"id":"ppm-es-4180","name":"Plana Del Vent","capacity_mw":834.1,"fuel_type":"gas","status":"operational","precision":"approximate","source":"powerplantmatching v0.9.0, 2026-10-03 · Global Energy Monitor, ENTSO-E, WRI GPPD","source_url":"https://github.com/PyPSA/powerplantmatching","tech":"CCGT","commissioning_year":2007},"geometry":{"type":"Point","coordinates":[0.869,40.96]}},{"type":"Feature","properties":{"id":"ppm-es-4174","name":"Bahia De Algeciras","capacity_mw":821.0,"fuel_type":"gas","status":"operational","precision":"approximate","source":"powerplantmatching v0.9.0, 2026-10-03 · Global Energy Monitor, ENTSO-E, WRI GPPD","source_url":"https://github.com/PyPSA/powerplantmatching","tech":"CCGT","commissioning_year":1970},"geometry":{"type":"Point","coordinates":[-5.388,36.184]}},{"type":"Feature","properties":{"id":"ppm-es-4091","name":"Escombreras Iberdrola","capacity_mw":816.0,"fuel_type":"gas","status":"operational","precision":"approximate","source":"powerplantmatching v0.9.0, 2026-10-03 · Global Energy Monitor, ENTSO-E, WRI GPPD","source_url":"https://github.com/PyPSA/powerplantmatching","tech":"CCGT","commissioning_year":2006},"geometry":{"type":"Point","coordinates":[-0.951,37.565]}},{"type":"Feature","properties":{"id":"ppm-es-179","name":"Villarino","capacity_mw":810.0,"fuel_type":"hydro","status":"operational","precision":"approximate","source":"powerplantmatching v0.9.0, 2026-10-03 · Global Energy Monitor, EESI, JRC (European Commission), Global Hydropower Resources, Open Power System Data, WRI GPPD, GEO","source_url":"https://github.com/PyPSA/powerplantmatching","tech":"Pumped Storage","commissioning_year":1970},"geometry":{"type":"Point","coordinates":[-6.487,41.255]}},{"type":"Feature","properties":{"id":"ppm-es-1993","name":"Escatron","capacity_mw":804.0,"fuel_type":"gas","status":"operational","precision":"approximate","source":"powerplantmatching v0.9.0, 2026-10-03 · Global Energy Monitor, ENTSO-E, WRI GPPD, GEO","source_url":"https://github.com/PyPSA/powerplantmatching","tech":"CCGT","commissioning_year":2007},"geometry":{"type":"Point","coordinates":[-0.34,41.297]}},{"type":"Feature","properties":{"id":"ppm-es-3545","name":"Castelnou","capacity_mw":800.0,"fuel_type":"gas","status":"operational","precision":"approximate","source":"powerplantmatching v0.9.0, 2026-10-03 · Global Energy Monitor, WRI GPPD, GEO","source_url":"https://github.com/PyPSA/powerplantmatching","tech":"CCGT","commissioning_year":2006},"geometry":{"type":"Point","coordinates":[-0.293,41.217]}},{"type":"Feature","properties":{"id":"ppm-es-755","name":"Amorebieta","capacity_mw":786.0,"fuel_type":"gas","status":"operational","precision":"approximate","source":"powerplantmatching v0.9.0, 2026-10-03 · Global Energy Monitor, ENTSO-E, WRI GPPD, OpenStreetMap, GEO","source_url":"https://www.openstreetmap.org/way/132573777","tech":"CCGT","commissioning_year":2005},"geometry":{"type":"Point","coordinates":[-2.75,43.235]}},{"type":"Feature","properties":{"id":"ppm-es-13067","name":"Bahia De Bizkaia","capacity_mw":785.0,"fuel_type":"gas","status":"operational","precision":"approximate","source":"powerplantmatching v0.9.0, 2026-10-03 · Global Energy Monitor","source_url":"https://github.com/PyPSA/powerplantmatching","tech":"CCGT","commissioning_year":2003},"geometry":{"type":"Point","coordinates":[-3.092,43.359]}},{"type":"Feature","properties":{"id":"ppm-es-4175","name":"Arrubal","capacity_mw":784.6,"fuel_type":"gas","status":"operational","precision":"approximate","source":"powerplantmatching v0.9.0, 2026-10-03 · Global Energy Monitor, ENTSO-E, WRI GPPD","source_url":"https://github.com/PyPSA/powerplantmatching","tech":"CCGT","commissioning_year":2005},"geometry":{"type":"Point","coordinates":[-2.251,42.419]}},{"type":"Feature","properties":{"id":"ppm-es-1991","name":"Campo De Gibraltar","capacity_mw":780.5,"fuel_type":"gas","status":"operational","precision":"approximate","source":"powerplantmatching v0.9.0, 2026-10-03 · Global Energy Monitor, ENTSO-E, WRI GPPD, GEO","source_url":"https://github.com/PyPSA/powerplantmatching","tech":"CCGT","commissioning_year":2004},"geometry":{"type":"Point","coordinates":[-5.393,36.183]}},{"type":"Feature","properties":{"id":"ppm-es-2008","name":"Aceca","capacity_mw":759.0,"fuel_type":"gas","status":"operational","precision":"approximate","source":"powerplantmatching v0.9.0, 2026-10-03 · Global Energy Monitor, ENTSO-E, WRI GPPD, GEO","source_url":"https://github.com/PyPSA/powerplantmatching","tech":"CCGT","commissioning_year":2005},"geometry":{"type":"Point","coordinates":[-3.855,39.943]}},{"type":"Feature","properties":{"id":"ppm-es-1033","name":"Soto De Ribera","capacity_mw":672.0,"fuel_type":"coal","status":"operational","precision":"approximate","source":"powerplantmatching v0.9.0, 2026-10-03 · Global Energy Monitor, ENTSO-E, BEYONDCOAL, WRI GPPD, GEO","source_url":"https://github.com/PyPSA/powerplantmatching","tech":"Steam Turbine (hard coal)","commissioning_year":1962},"geometry":{"type":"Point","coordinates":[-5.874,43.312]}},{"type":"Feature","properties":{"id":"ppm-es-5152","name":"Ceclavin Solar Farm","capacity_mw":656.0,"fuel_type":"solar","status":"operational","precision":"approximate","source":"powerplantmatching v0.9.0, 2026-10-03 · Global Energy Monitor, ENTSO-E","source_url":"https://github.com/PyPSA/powerplantmatching","tech":"PV","commissioning_year":2021},"geometry":{"type":"Point","coordinates":[-6.777,39.821]}},{"type":"Feature","properties":{"id":"ppm-es-15211","name":"Cifuentes Trillo Solar Farm","capacity_mw":626.0,"fuel_type":"solar","status":"operational","precision":"approximate","source":"powerplantmatching v0.9.0, 2026-10-03 · Global Energy Monitor","source_url":"https://github.com/PyPSA/powerplantmatching","tech":"PV","commissioning_year":2023},"geometry":{"type":"Point","coordinates":[-2.631,40.709]}},{"type":"Feature","properties":{"id":"ppm-es-25197","name":"Trillo Node Solar Farm","capacity_mw":626.0,"fuel_type":"solar","status":"operational","precision":"approximate","source":"powerplantmatching v0.9.0, 2026-10-03 · Global Energy Monitor","source_url":"https://github.com/PyPSA/powerplantmatching","tech":"PV","commissioning_year":2023},"geometry":{"type":"Point","coordinates":[-2.591,40.705]}},{"type":"Feature","properties":{"id":"ppm-es-522","name":"Los Barrios","capacity_mw":589.0,"fuel_type":"coal","status":"operational","precision":"approximate","source":"powerplantmatching v0.9.0, 2026-10-03 · Global Energy Monitor, ENTSO-E, BEYONDCOAL, WRI GPPD, OpenStreetMap, GEO","source_url":"https://www.openstreetmap.org/way/143868547","tech":"Steam Turbine (hard coal)","commissioning_year":1985},"geometry":{"type":"Point","coordinates":[-5.42,36.183]}},{"type":"Feature","properties":{"id":"ppm-es-14280","name":"Carmonita Ministerio Solar Farm","capacity_mw":582.0,"fuel_type":"solar","status":"operational","precision":"approximate","source":"powerplantmatching v0.9.0, 2026-10-03 · Global Energy Monitor","source_url":"https://github.com/PyPSA/powerplantmatching","tech":"PV","commissioning_year":2024},"geometry":{"type":"Point","coordinates":[-6.331,39.136]}},{"type":"Feature","properties":{"id":"ppm-es-5531","name":"Francisco Pizarro Solar Farm","capacity_mw":553.0,"fuel_type":"solar","status":"operational","precision":"approximate","source":"powerplantmatching v0.9.0, 2026-10-03 · Global Energy Monitor, OpenStreetMap","source_url":"https://www.openstreetmap.org/relation/17164357","tech":"PV","commissioning_year":2022},"geometry":{"type":"Point","coordinates":[-5.705,39.573]}},{"type":"Feature","properties":{"id":"ppm-es-98","name":"Saucelle","capacity_mw":520.0,"fuel_type":"hydro","status":"operational","precision":"approximate","source":"powerplantmatching v0.9.0, 2026-10-03 · Global Energy Monitor, JRC (European Commission), Global Hydropower Resources, Open Power System Data, WRI GPPD, OpenStreetMap, GEO","source_url":"https://www.openstreetmap.org/relation/20269205","tech":"Reservoir","commissioning_year":1956},"geometry":{"type":"Point","coordinates":[-6.807,41.045]}},{"type":"Feature","properties":{"id":"ppm-es-4203","name":"Alcudia Phase","capacity_mw":510.0,"fuel_type":"coal","status":"operational","precision":"approximate","source":"powerplantmatching v0.9.0, 2026-10-03 · Global Energy Monitor, BEYONDCOAL, WRI GPPD","source_url":"https://github.com/PyPSA/powerplantmatching","tech":"Steam Turbine (lignite)","commissioning_year":1981},"geometry":{"type":"Point","coordinates":[3.091,39.811]}},{"type":"Feature","properties":{"id":"ppm-es-1048","name":"Cedillo","capacity_mw":500.0,"fuel_type":"hydro","status":"operational","precision":"approximate","source":"powerplantmatching v0.9.0, 2026-10-03 · Global Energy Monitor, JRC (European Commission), Global Hydropower Resources, Open Power System Data, WRI GPPD","source_url":"https://github.com/PyPSA/powerplantmatching","tech":"Reservoir","commissioning_year":1970},"geometry":{"type":"Point","coordinates":[-7.54,39.664]}},{"type":"Feature","properties":{"id":"ppm-es-21405","name":"Nunez De Balboa Solar Farm","capacity_mw":500.0,"fuel_type":"solar","status":"operational","precision":"approximate","source":"powerplantmatching v0.9.0, 2026-10-03 · Global Energy Monitor","source_url":"https://github.com/PyPSA/powerplantmatching","tech":"PV","commissioning_year":2020},"geometry":{"type":"Point","coordinates":[-6.226,38.453]}},{"type":"Feature","properties":{"id":"ppm-es-4790","name":"Abono","capacity_mw":494.0,"fuel_type":"gas","status":"operational","precision":"approximate","source":"powerplantmatching v0.9.0, 2026-10-03 · Global Energy Monitor, ENTSO-E, GEO","source_url":"https://github.com/PyPSA/powerplantmatching","tech":"CCGT","commissioning_year":1985},"geometry":{"type":"Point","coordinates":[-5.722,43.554]}},{"type":"Feature","properties":{"id":"ppm-es-5665","name":"Mula Solar Photovoltaic","capacity_mw":494.0,"fuel_type":"solar","status":"operational","precision":"approximate","source":"powerplantmatching v0.9.0, 2026-10-03 · Global Energy Monitor, OpenStreetMap","source_url":"https://www.openstreetmap.org/relation/10541226","tech":"PV","commissioning_year":2019},"geometry":{"type":"Point","coordinates":[-1.401,37.955]}},{"type":"Feature","properties":{"id":"ppm-es-10990","name":"Son Reus","capacity_mw":459.0,"fuel_type":"gas","status":"operational","precision":"approximate","source":"powerplantmatching v0.9.0, 2026-10-03 · Global Energy Monitor, WRI GPPD","source_url":"https://github.com/PyPSA/powerplantmatching","tech":"CCGT","commissioning_year":2000},"geometry":{"type":"Point","coordinates":[2.681,39.648]}},{"type":"Feature","properties":{"id":"ppm-es-4167","name":"San Esteban","capacity_mw":451.0,"fuel_type":"hydro","status":"operational","precision":"approximate","source":"powerplantmatching v0.9.0, 2026-10-03 · Global Energy Monitor, Open Power System Data, WRI GPPD","source_url":"https://github.com/PyPSA/powerplantmatching","tech":"Reservoir","commissioning_year":1955},"geometry":{"type":"Point","coordinates":[-7.653,42.414]}},{"type":"Feature","properties":{"id":"ppm-es-5495","name":"Chiprana Solar Farm","capacity_mw":446.3,"fuel_type":"solar","status":"operational","precision":"approximate","source":"powerplantmatching v0.9.0, 2026-10-03 · Global Energy Monitor, ENTSO-E, OpenStreetMap","source_url":"https://www.openstreetmap.org/way/1100880831","units":2,"tech":"PV · 2 units","commissioning_year":2022},"geometry":{"type":"Point","coordinates":[-0.127,41.262]}},{"type":"Feature","properties":{"id":"ppm-es-201","name":"Estany Gento Sallente","capacity_mw":440.0,"fuel_type":"hydro","status":"operational","precision":"approximate","source":"powerplantmatching v0.9.0, 2026-10-03 · Global Energy Monitor, EESI, JRC (European Commission), ENTSO-E, Global Hydropower Resources, Open Power System Data, OpenStreetMap","source_url":"https://www.openstreetmap.org/way/37867159","tech":"Pumped Storage","commissioning_year":1953},"geometry":{"type":"Point","coordinates":[0.989,42.507]}},{"type":"Feature","properties":{"id":"ppm-es-24739","name":"Tabernas Naturgy Solar Farm","capacity_mw":430.5,"fuel_type":"solar","status":"operational","precision":"approximate","source":"powerplantmatching v0.9.0, 2026-10-03 · Global Energy Monitor","source_url":"https://github.com/PyPSA/powerplantmatching","tech":"PV","commissioning_year":2022},"geometry":{"type":"Point","coordinates":[-2.33,37.078]}},{"type":"Feature","properties":{"id":"ppm-es-14207","name":"Campo De Aranuelo Solar Farm","capacity_mw":425.1,"fuel_type":"solar","status":"operational","precision":"approximate","source":"powerplantmatching v0.9.0, 2026-10-03 · Global Energy Monitor","source_url":"https://github.com/PyPSA/powerplantmatching","units":2,"tech":"PV · 2 units","commissioning_year":2025},"geometry":{"type":"Point","coordinates":[-6.581,38.765]}},{"type":"Feature","properties":{"id":"ppm-es-1961","name":"Tarragona","capacity_mw":417.0,"fuel_type":"gas","status":"operational","precision":"approximate","source":"powerplantmatching v0.9.0, 2026-10-03 · Global Energy Monitor, ENTSO-E, WRI GPPD, GEO","source_url":"https://github.com/PyPSA/powerplantmatching","tech":"CCGT","commissioning_year":2003},"geometry":{"type":"Point","coordinates":[1.181,41.11]}},{"type":"Feature","properties":{"id":"ppm-es-2043","name":"Malaga","capacity_mw":416.0,"fuel_type":"gas","status":"operational","precision":"approximate","source":"powerplantmatching v0.9.0, 2026-10-03 · Global Energy Monitor, ENTSO-E, WRI GPPD, GEO","source_url":"https://github.com/PyPSA/powerplantmatching","tech":"CCGT","commissioning_year":2009},"geometry":{"type":"Point","coordinates":[-4.563,36.749]}},{"type":"Feature","properties":{"id":"ppm-es-4324","name":"Sil","capacity_mw":412.0,"fuel_type":"hydro","status":"operational","precision":"approximate","source":"powerplantmatching v0.9.0, 2026-10-03 · JRC (European Commission), ENTSO-E, Open Power System Data","source_url":"https://github.com/PyPSA/powerplantmatching","tech":"Pumped Storage","commissioning_year":1968},"geometry":{"type":"Point","coordinates":[-7.242,43.495]}},{"type":"Feature","properties":{"id":"ppm-es-1960","name":"Santurce","capacity_mw":396.0,"fuel_type":"gas","status":"operational","precision":"approximate","source":"powerplantmatching v0.9.0, 2026-10-03 · Global Energy Monitor, ENTSO-E, WRI GPPD, GEO","source_url":"https://github.com/PyPSA/powerplantmatching","tech":"CCGT","commissioning_year":2005},"geometry":{"type":"Point","coordinates":[-3.054,43.34]}},{"type":"Feature","properties":{"id":"ppm-es-1996","name":"Sabon","capacity_mw":391.0,"fuel_type":"gas","status":"operational","precision":"approximate","source":"powerplantmatching v0.9.0, 2026-10-03 · Global Energy Monitor, ENTSO-E, WRI GPPD, GEO","source_url":"https://github.com/PyPSA/powerplantmatching","tech":"CCGT","commissioning_year":2008},"geometry":{"type":"Point","coordinates":[-8.503,43.329]}},{"type":"Feature","properties":{"id":"ppm-es-4176","name":"Cristobal Colon","capacity_mw":391.0,"fuel_type":"gas","status":"operational","precision":"approximate","source":"powerplantmatching v0.9.0, 2026-10-03 · Global Energy Monitor, ENTSO-E, WRI GPPD","source_url":"https://github.com/PyPSA/powerplantmatching","tech":"CCGT","commissioning_year":2006},"geometry":{"type":"Point","coordinates":[-6.943,37.216]}},{"type":"Feature","properties":{"id":"ppm-es-548","name":"Tajo De La Encantada","capacity_mw":377.0,"fuel_type":"hydro","status":"operational","precision":"approximate","source":"powerplantmatching v0.9.0, 2026-10-03 · Global Energy Monitor, JRC (European Commission), ENTSO-E, Global Hydropower Resources, Open Power System Data, WRI GPPD","source_url":"https://github.com/PyPSA/powerplantmatching","tech":"Pumped Storage","commissioning_year":1970},"geometry":{"type":"Point","coordinates":[-4.763,36.908]}},{"type":"Feature","properties":{"id":"ppm-es-5538","name":"Emocion Solar Farm","capacity_mw":374.8,"fuel_type":"solar","status":"operational","precision":"approximate","source":"powerplantmatching v0.9.0, 2026-10-03 · Global Energy Monitor, OpenStreetMap","source_url":"https://www.openstreetmap.org/way/1100866867","units":2,"tech":"PV · 2 units","commissioning_year":2019},"geometry":{"type":"Point","coordinates":[-0.324,41.287]}},{"type":"Feature","properties":{"id":"ppm-es-3653","name":"Cartago Solar Farm","capacity_mw":368.5,"fuel_type":"solar","status":"operational","precision":"approximate","source":"powerplantmatching v0.9.0, 2026-10-03 · Global Energy Monitor, ENTSO-E, OpenStreetMap","source_url":"https://www.openstreetmap.org/way/788718935","tech":"PV","commissioning_year":2020},"geometry":{"type":"Point","coordinates":[-5.644,37.456]}},{"type":"Feature","properties":{"id":"ppm-es-219","name":"Aguayo","capacity_mw":360.0,"fuel_type":"hydro","status":"operational","precision":"approximate","source":"powerplantmatching v0.9.0, 2026-10-03 · Global Energy Monitor, EESI, JRC (European Commission), ENTSO-E, Global Hydropower Resources, Open Power System Data, WRI GPPD","source_url":"https://github.com/PyPSA/powerplantmatching","tech":"Pumped Storage","commissioning_year":1964},"geometry":{"type":"Point","coordinates":[-4.0,43.096]}},{"type":"Feature","properties":{"id":"ppm-es-20624","name":"Mimosa Hybrid Solar Farm","capacity_mw":360.0,"fuel_type":"solar","status":"construction","precision":"approximate","source":"powerplantmatching v0.9.0, 2026-10-03 · Global Energy Monitor","source_url":"https://github.com/PyPSA/powerplantmatching","tech":"PV","commissioning_year":2027},"geometry":{"type":"Point","coordinates":[-2.771,37.473]}},{"type":"Feature","properties":{"id":"ppm-es-23034","name":"Rey Solar Farm","capacity_mw":356.4,"fuel_type":"solar","status":"operational","precision":"approximate","source":"powerplantmatching v0.9.0, 2026-10-03 · Global Energy Monitor","source_url":"https://github.com/PyPSA/powerplantmatching","tech":"PV","commissioning_year":2025},"geometry":{"type":"Point","coordinates":[-5.603,37.563]}},{"type":"Feature","properties":{"id":"ppm-es-25810","name":"Villalba De Guardo Iberdrola Solar Farm","capacity_mw":350.0,"fuel_type":"solar","status":"operational","precision":"approximate","source":"powerplantmatching v0.9.0, 2026-10-03 · Global Energy Monitor","source_url":"https://github.com/PyPSA/powerplantmatching","tech":"PV"},"geometry":{"type":"Point","coordinates":[-4.823,42.722]}},{"type":"Feature","properties":{"id":"ppm-es-14842","name":"Cedillo Solar Farm","capacity_mw":344.6,"fuel_type":"solar","status":"operational","precision":"approximate","source":"powerplantmatching v0.9.0, 2026-10-03 · Global Energy Monitor","source_url":"https://github.com/PyPSA/powerplantmatching","tech":"PV","commissioning_year":2022},"geometry":{"type":"Point","coordinates":[-7.462,39.612]}},{"type":"Feature","properties":{"id":"ppm-es-19992","name":"Lorca Solar Farm","capacity_mw":339.0,"fuel_type":"solar","status":"construction","precision":"approximate","source":"powerplantmatching v0.9.0, 2026-10-03 · Global Energy Monitor","source_url":"https://github.com/PyPSA/powerplantmatching","tech":"PV","commissioning_year":2026},"geometry":{"type":"Point","coordinates":[-1.697,37.671]}},{"type":"Feature","properties":{"id":"ppm-es-17935","name":"Ictio Alcazar Solar Farm","capacity_mw":330.8,"fuel_type":"solar","status":"operational","precision":"approximate","source":"powerplantmatching v0.9.0, 2026-10-03 · Global Energy Monitor","source_url":"https://github.com/PyPSA/powerplantmatching","tech":"PV","commissioning_year":2019},"geometry":{"type":"Point","coordinates":[-3.212,39.39]}},{"type":"Feature","properties":{"id":"ppm-es-23009","name":"Renopool Solar Farm","capacity_mw":330.0,"fuel_type":"solar","status":"operational","precision":"approximate","source":"powerplantmatching v0.9.0, 2026-10-03 · Global Energy Monitor","source_url":"https://github.com/PyPSA/powerplantmatching","tech":"PV","commissioning_year":2025},"geometry":{"type":"Point","coordinates":[-6.629,38.798]}},{"type":"Feature","properties":{"id":"ppm-es-3602","name":"Gecama Wind Farm","capacity_mw":329.2,"fuel_type":"wind","status":"operational","precision":"approximate","source":"powerplantmatching v0.9.0, 2026-10-03 · Global Energy Monitor, ENTSO-E, OpenStreetMap","source_url":"https://www.openstreetmap.org/relation/16215858","tech":"Onshore","commissioning_year":2022},"geometry":{"type":"Point","coordinates":[-2.168,39.483]}},{"type":"Feature","properties":{"id":"ppm-es-426","name":"Ricobayo","capacity_mw":329.0,"fuel_type":"hydro","status":"operational","precision":"approximate","source":"powerplantmatching v0.9.0, 2026-10-03 · Global Energy Monitor, JRC (European Commission), Global Hydropower Resources, Open Power System Data, WRI GPPD, GEO","source_url":"https://github.com/PyPSA/powerplantmatching","tech":"Reservoir","commissioning_year":1934},"geometry":{"type":"Point","coordinates":[-5.987,41.528]}},{"type":"Feature","properties":{"id":"ppm-es-14136","name":"Caceres Bruc Energy Solar Farm","capacity_mw":324.8,"fuel_type":"solar","status":"operational","precision":"approximate","source":"powerplantmatching v0.9.0, 2026-10-03 · Global Energy Monitor","source_url":"https://github.com/PyPSA/powerplantmatching","tech":"PV","commissioning_year":2023},"geometry":{"type":"Point","coordinates":[-6.376,39.472]}},{"type":"Feature","properties":{"id":"ppm-es-12479","name":"Amazon Solar Farm Andalucia","capacity_mw":323.0,"fuel_type":"solar","status":"operational","precision":"approximate","source":"powerplantmatching v0.9.0, 2026-10-03 · Global Energy Monitor","source_url":"https://github.com/PyPSA/powerplantmatching","tech":"PV","commissioning_year":2021},"geometry":{"type":"Point","coordinates":[-6.237,38.799]}},{"type":"Feature","properties":{"id":"ppm-es-1043","name":"Mequinenza","capacity_mw":322.0,"fuel_type":"hydro","status":"operational","precision":"approximate","source":"powerplantmatching v0.9.0, 2026-10-03 · Global Energy Monitor, JRC (European Commission), Global Hydropower Resources, Open Power System Data, WRI GPPD","source_url":"https://github.com/PyPSA/powerplantmatching","tech":"Reservoir","commissioning_year":1964},"geometry":{"type":"Point","coordinates":[0.274,41.369]}},{"type":"Feature","properties":{"id":"ppm-es-15251","name":"Ciudad Rodrigo Solar Farm","capacity_mw":318.0,"fuel_type":"solar","status":"operational","precision":"approximate","source":"powerplantmatching v0.9.0, 2026-10-03 · Global Energy Monitor","source_url":"https://github.com/PyPSA/powerplantmatching","tech":"PV"},"geometry":{"type":"Point","coordinates":[-6.521,40.603]}},{"type":"Feature","properties":{"id":"ppm-es-999","name":"Puente Bibey","capacity_mw":315.0,"fuel_type":"hydro","status":"operational","precision":"approximate","source":"powerplantmatching v0.9.0, 2026-10-03 · Global Energy Monitor, JRC (European Commission), Global Hydropower Resources, Open Power System Data, WRI GPPD","source_url":"https://github.com/PyPSA/powerplantmatching","tech":"Pumped Storage","commissioning_year":1960},"geometry":{"type":"Point","coordinates":[-7.215,42.334]}},{"type":"Feature","properties":{"id":"ppm-es-17511","name":"Guillena Totalenergies Solar Farm","capacity_mw":313.0,"fuel_type":"solar","status":"construction","precision":"approximate","source":"powerplantmatching v0.9.0, 2026-10-03 · Global Energy Monitor","source_url":"https://github.com/PyPSA/powerplantmatching","tech":"PV","commissioning_year":2026},"geometry":{"type":"Point","coordinates":[-6.07,37.538]}},{"type":"Feature","properties":{"id":"ppm-es-5712","name":"Talasol Solar Farm","capacity_mw":300.0,"fuel_type":"solar","status":"operational","precision":"approximate","source":"powerplantmatching v0.9.0, 2026-10-03 · Global Energy Monitor, OpenStreetMap","source_url":"https://www.openstreetmap.org/relation/17664334","tech":"PV","commissioning_year":2020},"geometry":{"type":"Point","coordinates":[-6.3,39.632]}},{"type":"Feature","properties":{"id":"ppm-es-5713","name":"Talayuela Solarcentury Solar Farm","capacity_mw":300.0,"fuel_type":"solar","status":"operational","precision":"approximate","source":"powerplantmatching v0.9.0, 2026-10-03 · Global Energy Monitor, OpenStreetMap","source_url":"https://www.openstreetmap.org/relation/15810209","tech":"PV","commissioning_year":2020},"geometry":{"type":"Point","coordinates":[-5.418,39.919]}},{"type":"Feature","properties":{"id":"ppm-es-3200","name":"Cinseiro","capacity_mw":295.6,"fuel_type":"wind","status":"operational","precision":"approximate","source":"powerplantmatching v0.9.0, 2026-10-03 · Global Energy Monitor, WRI GPPD, OpenStreetMap","source_url":"https://www.openstreetmap.org/relation/17170745","units":4,"tech":"Onshore · 4 units","commissioning_year":2001},"geometry":{"type":"Point","coordinates":[-6.905,42.036]}},{"type":"Feature","properties":{"id":"ppm-es-12649","name":"Andella Wind Farm","capacity_mw":285.2,"fuel_type":"wind","status":"operational","precision":"approximate","source":"powerplantmatching v0.9.0, 2026-10-03 · Global Energy Monitor","source_url":"https://github.com/PyPSA/powerplantmatching","units":2,"tech":"Onshore · 2 units","commissioning_year":2022},"geometry":{"type":"Point","coordinates":[-2.9,41.866]}},{"type":"Feature","properties":{"id":"ppm-es-2645","name":"Olmedilla Solar Farm","capacity_mw":282.5,"fuel_type":"solar","status":"operational","precision":"approximate","source":"powerplantmatching v0.9.0, 2026-10-03 · Global Energy Monitor, WRI GPPD, OpenStreetMap","source_url":"https://www.openstreetmap.org/relation/17145095","tech":"PV","commissioning_year":2008},"geometry":{"type":"Point","coordinates":[-2.101,39.617]}},{"type":"Feature","properties":{"id":"ppm-es-16506","name":"Escatron Peaker","capacity_mw":275.0,"fuel_type":"gas","status":"operational","precision":"approximate","source":"powerplantmatching v0.9.0, 2026-10-03 · Global Energy Monitor","source_url":"https://github.com/PyPSA/powerplantmatching","tech":"CCGT","commissioning_year":2007},"geometry":{"type":"Point","coordinates":[-0.217,41.281]}},{"type":"Feature","properties":{"id":"ppm-es-10919","name":"Mahon","capacity_mw":274.0,"fuel_type":"oil","status":"operational","precision":"approximate","source":"powerplantmatching v0.9.0, 2026-10-03 · Global Energy Monitor, WRI GPPD","source_url":"https://github.com/PyPSA/powerplantmatching","tech":"Steam Turbine","commissioning_year":1991},"geometry":{"type":"Point","coordinates":[4.259,39.897]}},{"type":"Feature","properties":{"id":"ppm-es-553","name":"Conso","capacity_mw":270.0,"fuel_type":"hydro","status":"operational","precision":"approximate","source":"powerplantmatching v0.9.0, 2026-10-03 · Global Energy Monitor, EESI, JRC (European Commission), Global Hydropower Resources, Open Power System Data, WRI GPPD","source_url":"https://github.com/PyPSA/powerplantmatching","tech":"Reservoir","commissioning_year":1970},"geometry":{"type":"Point","coordinates":[-7.209,42.114]}},{"type":"Feature","properties":{"id":"ppm-es-987","name":"Riba Roja","capacity_mw":264.0,"fuel_type":"hydro","status":"operational","precision":"approximate","source":"powerplantmatching v0.9.0, 2026-10-03 · Global Energy Monitor, JRC (European Commission), Global Hydropower Resources, Open Power System Data, WRI GPPD","source_url":"https://github.com/PyPSA/powerplantmatching","tech":"Reservoir","commissioning_year":1967},"geometry":{"type":"Point","coordinates":[0.431,41.242]}},{"type":"Feature","properties":{"id":"ppm-es-12471","name":"Amazon Cabrera Solar Farm","capacity_mw":260.0,"fuel_type":"solar","status":"operational","precision":"approximate","source":"powerplantmatching v0.9.0, 2026-10-03 · Global Energy Monitor","source_url":"https://github.com/PyPSA/powerplantmatching","tech":"PV","commissioning_year":2020},"geometry":{"type":"Point","coordinates":[-5.989,37.388]}},{"type":"Feature","properties":{"id":"ppm-es-17034","name":"Gasset Solar Farm","capacity_mw":258.0,"fuel_type":"solar","status":"operational","precision":"approximate","source":"powerplantmatching v0.9.0, 2026-10-03 · Global Energy Monitor","source_url":"https://github.com/PyPSA/powerplantmatching","tech":"PV"},"geometry":{"type":"Point","coordinates":[-3.8,40.419]}},{"type":"Feature","properties":{"id":"ppm-es-545","name":"Valdecanas","capacity_mw":249.0,"fuel_type":"hydro","status":"operational","precision":"approximate","source":"powerplantmatching v0.9.0, 2026-10-03 · Global Energy Monitor, EESI, JRC (European Commission), Global Hydropower Resources, Open Power System Data, WRI GPPD","source_url":"https://github.com/PyPSA/powerplantmatching","tech":"Pumped Storage","commissioning_year":1964},"geometry":{"type":"Point","coordinates":[-5.612,39.779]}},{"type":"Feature","properties":{"id":"ppm-es-10135","name":"Portas Las","capacity_mw":233.0,"fuel_type":"hydro","status":"operational","precision":"approximate","source":"powerplantmatching v0.9.0, 2026-10-03 · JRC (European Commission), Global Hydropower Resources","source_url":"https://github.com/PyPSA/powerplantmatching","tech":"Reservoir","commissioning_year":1970},"geometry":{"type":"Point","coordinates":[-7.212,42.116]}},{"type":"Feature","properties":{"id":"ppm-es-1080","name":"Belesar","capacity_mw":225.0,"fuel_type":"hydro","status":"operational","precision":"approximate","source":"powerplantmatching v0.9.0, 2026-10-03 · Global Energy Monitor, JRC (European Commission), Global Hydropower Resources, Open Power System Data, WRI GPPD","source_url":"https://github.com/PyPSA/powerplantmatching","tech":"Reservoir","commissioning_year":1963},"geometry":{"type":"Point","coordinates":[-7.713,42.627]}},{"type":"Feature","properties":{"id":"ppm-es-4181","name":"Don Rodrigo Solar Farm","capacity_mw":225.0,"fuel_type":"solar","status":"operational","precision":"approximate","source":"powerplantmatching v0.9.0, 2026-10-03 · Global Energy Monitor, ENTSO-E, WRI GPPD","source_url":"https://github.com/PyPSA/powerplantmatching","tech":"PV","commissioning_year":2018},"geometry":{"type":"Point","coordinates":[-5.868,37.221]}},{"type":"Feature","properties":{"id":"ppm-es-214","name":"Bolarque","capacity_mw":220.0,"fuel_type":"hydro","status":"operational","precision":"approximate","source":"powerplantmatching v0.9.0, 2026-10-03 · Global Energy Monitor, EESI, JRC (European Commission), ENTSO-E, Global Hydropower Resources, Open Power System Data, WRI GPPD","source_url":"https://github.com/PyPSA/powerplantmatching","tech":"Pumped Storage","commissioning_year":1954},"geometry":{"type":"Point","coordinates":[-2.829,40.364]}},{"type":"Feature","properties":{"id":"ppm-es-197","name":"Moralets","capacity_mw":219.0,"fuel_type":"hydro","status":"operational","precision":"approximate","source":"powerplantmatching v0.9.0, 2026-10-03 · Global Energy Monitor, EESI, JRC (European Commission), ENTSO-E, Global Hydropower Resources, Open Power System Data, WRI GPPD","source_url":"https://github.com/PyPSA/powerplantmatching","tech":"Pumped Storage","commissioning_year":1970},"geometry":{"type":"Point","coordinates":[0.748,42.577]}},{"type":"Feature","properties":{"id":"ppm-es-5764","name":"Vila Ibiza","capacity_mw":219.0,"fuel_type":"gas","status":"operational","precision":"approximate","source":"powerplantmatching v0.9.0, 2026-10-03 · Global Energy Monitor, OpenStreetMap","source_url":"https://www.openstreetmap.org/way/169478553","tech":"CCGT","commissioning_year":1988},"geometry":{"type":"Point","coordinates":[1.427,38.912]}},{"type":"Feature","properties":{"id":"ppm-es-428","name":"Villalcampo","capacity_mw":218.0,"fuel_type":"hydro","status":"operational","precision":"approximate","source":"powerplantmatching v0.9.0, 2026-10-03 · Global Energy Monitor, JRC (European Commission), Global Hydropower Resources, Open Power System Data, WRI GPPD, GEO","source_url":"https://github.com/PyPSA/powerplantmatching","tech":"Reservoir","commissioning_year":1949},"geometry":{"type":"Point","coordinates":[-6.085,41.495]}},{"type":"Feature","properties":{"id":"ppm-es-543","name":"Soutelo","capacity_mw":215.0,"fuel_type":"hydro","status":"operational","precision":"approximate","source":"powerplantmatching v0.9.0, 2026-10-03 · Global Energy Monitor, EESI, JRC (European Commission), Global Hydropower Resources, Open Power System Data, WRI GPPD","source_url":"https://github.com/PyPSA/powerplantmatching","tech":"Pumped Storage","commissioning_year":1970},"geometry":{"type":"Point","coordinates":[-7.189,42.154]}},{"type":"Feature","properties":{"id":"ppm-es-220","name":"Guillena","capacity_mw":207.0,"fuel_type":"hydro","status":"operational","precision":"approximate","source":"powerplantmatching v0.9.0, 2026-10-03 · Global Energy Monitor, EESI, JRC (European Commission), ENTSO-E, Global Hydropower Resources, Open Power System Data, WRI GPPD","source_url":"https://github.com/PyPSA/powerplantmatching","tech":"Pumped Storage","commissioning_year":1970},"geometry":{"type":"Point","coordinates":[-6.107,37.649]}},{"type":"Feature","properties":{"id":"ppm-es-5165","name":"Sigma Reposal Solar Farm","capacity_mw":204.0,"fuel_type":"solar","status":"operational","precision":"approximate","source":"powerplantmatching v0.9.0, 2026-10-03 · Global Energy Monitor, ENTSO-E","source_url":"https://github.com/PyPSA/powerplantmatching","tech":"PV","commissioning_year":2024},"geometry":{"type":"Point","coordinates":[-6.351,36.634]}},{"type":"Feature","properties":{"id":"ppm-es-10988","name":"Solaben Csp Solar Farm","capacity_mw":200.0,"fuel_type":"solar","status":"operational","precision":"approximate","source":"powerplantmatching v0.9.0, 2026-10-03 · Global Energy Monitor, WRI GPPD","source_url":"https://github.com/PyPSA/powerplantmatching","tech":"Csp","commissioning_year":2012},"geometry":{"type":"Point","coordinates":[-5.399,39.224]}},{"type":"Feature","properties":{"id":"ppm-es-15004","name":"Cerrado Cabrera Solar Farm","capacity_mw":200.0,"fuel_type":"solar","status":"operational","precision":"approximate","source":"powerplantmatching v0.9.0, 2026-10-03 · Global Energy Monitor","source_url":"https://github.com/PyPSA/powerplantmatching","units":2,"tech":"PV · 2 units","commissioning_year":2020},"geometry":{"type":"Point","coordinates":[-5.683,37.251]}},{"type":"Feature","properties":{"id":"ppm-es-16451","name":"Entrenucleos Solar Farm","capacity_mw":200.0,"fuel_type":"solar","status":"construction","precision":"approximate","source":"powerplantmatching v0.9.0, 2026-10-03 · Global Energy Monitor","source_url":"https://github.com/PyPSA/powerplantmatching","tech":"PV","commissioning_year":2026},"geometry":{"type":"Point","coordinates":[-6.006,37.246]}},{"type":"Feature","properties":{"id":"ppm-es-19999","name":"Los Escuderos Solar Farm","capacity_mw":200.0,"fuel_type":"solar","status":"operational","precision":"approximate","source":"powerplantmatching v0.9.0, 2026-10-03 · Global Energy Monitor","source_url":"https://github.com/PyPSA/powerplantmatching","tech":"PV"},"geometry":{"type":"Point","coordinates":[-2.447,39.931]}},{"type":"Feature","properties":{"id":"ppm-es-24744","name":"Tagus Iberdrola Solar Farm","capacity_mw":200.0,"fuel_type":"solar","status":"operational","precision":"approximate","source":"powerplantmatching v0.9.0, 2026-10-03 · Global Energy Monitor","source_url":"https://github.com/PyPSA/powerplantmatching","tech":"PV","commissioning_year":2023},"geometry":{"type":"Point","coordinates":[-7.005,39.643]}},{"type":"Feature","properties":{"id":"ppm-es-25788","name":"Vilecha Axpo Solar Farm","capacity_mw":200.0,"fuel_type":"solar","status":"construction","precision":"approximate","source":"powerplantmatching v0.9.0, 2026-10-03 · Global Energy Monitor","source_url":"https://github.com/PyPSA/powerplantmatching","tech":"PV","commissioning_year":2027},"geometry":{"type":"Point","coordinates":[-5.766,42.515]}},{"type":"Feature","properties":{"id":"ppm-es-20631","name":"Minglanilla Solar Farm","capacity_mw":199.2,"fuel_type":"solar","status":"operational","precision":"approximate","source":"powerplantmatching v0.9.0, 2026-10-03 · Global Energy Monitor","source_url":"https://github.com/PyPSA/powerplantmatching","tech":"PV","commissioning_year":2022},"geometry":{"type":"Point","coordinates":[-1.597,39.533]}},{"type":"Feature","properties":{"id":"ppm-es-10133","name":"Itoiz","capacity_mw":198.0,"fuel_type":"hydro","status":"operational","precision":"approximate","source":"powerplantmatching v0.9.0, 2026-10-03 · JRC (European Commission), Global Hydropower Resources","source_url":"https://github.com/PyPSA/powerplantmatching","tech":"Reservoir","commissioning_year":1970},"geometry":{"type":"Point","coordinates":[-1.362,42.804]}},{"type":"Feature","properties":{"id":"ppm-es-14825","name":"Castro","capacity_mw":196.0,"fuel_type":"hydro","status":"operational","precision":"approximate","source":"powerplantmatching v0.9.0, 2026-10-03 · Global Energy Monitor","source_url":"https://github.com/PyPSA/powerplantmatching","tech":"Reservoir","commissioning_year":1952},"geometry":{"type":"Point","coordinates":[-6.189,41.575]}},{"type":"Feature","properties":{"id":"ppm-es-23354","name":"Saica Mill Zaragoza","capacity_mw":193.0,"fuel_type":"gas","status":"operational","precision":"approximate","source":"powerplantmatching v0.9.0, 2026-10-03 · Global Energy Monitor","source_url":"https://github.com/PyPSA/powerplantmatching","tech":"CCGT","commissioning_year":1997},"geometry":{"type":"Point","coordinates":[-0.859,41.678]}},{"type":"Feature","properties":{"id":"ppm-es-5457","name":"Dehesilla Wind Farm","capacity_mw":191.0,"fuel_type":"wind","status":"operational","precision":"approximate","source":"powerplantmatching v0.9.0, 2026-10-03 · Global Energy Monitor, OpenStreetMap","source_url":"https://www.openstreetmap.org/relation/20241606","tech":"Onshore","commissioning_year":2008},"geometry":{"type":"Point","coordinates":[-4.78,41.915]}},{"type":"Feature","properties":{"id":"ppm-es-14038","name":"Budweiser Solar Farm","capacity_mw":190.0,"fuel_type":"solar","status":"operational","precision":"approximate","source":"powerplantmatching v0.9.0, 2026-10-03 · Global Energy Monitor","source_url":"https://github.com/PyPSA/powerplantmatching","tech":"PV","commissioning_year":2021},"geometry":{"type":"Point","coordinates":[-4.838,39.326]}},{"type":"Feature","properties":{"id":"ppm-es-12247","name":"Agripa Solar Farm","capacity_mw":184.7,"fuel_type":"solar","status":"operational","precision":"approximate","source":"powerplantmatching v0.9.0, 2026-10-03 · Global Energy Monitor","source_url":"https://github.com/PyPSA/powerplantmatching","tech":"PV","commissioning_year":2022},"geometry":{"type":"Point","coordinates":[-6.273,39.277]}},{"type":"Feature","properties":{"id":"ppm-es-12469","name":"Amazon Arco Solar Farm","capacity_mw":184.1,"fuel_type":"solar","status":"operational","precision":"approximate","source":"powerplantmatching v0.9.0, 2026-10-03 · Global Energy Monitor","source_url":"https://github.com/PyPSA/powerplantmatching","tech":"PV","commissioning_year":2021},"geometry":{"type":"Point","coordinates":[-6.129,36.69]}},{"type":"Feature","properties":{"id":"ppm-es-5447","name":"Campillo De Altobuey Wind Farm","capacity_mw":182.4,"fuel_type":"wind","status":"operational","precision":"approximate","source":"powerplantmatching v0.9.0, 2026-10-03 · Global Energy Monitor, OpenStreetMap","source_url":"https://www.openstreetmap.org/relation/20311824","tech":"Onshore","commissioning_year":2022},"geometry":{"type":"Point","coordinates":[-1.721,39.64]}},{"type":"Feature","properties":{"id":"ppm-es-1042","name":"Los Peares","capacity_mw":181.0,"fuel_type":"hydro","status":"operational","precision":"approximate","source":"powerplantmatching v0.9.0, 2026-10-03 · Global Energy Monitor, JRC (European Commission), Global Hydropower Resources, Open Power System Data, WRI GPPD","source_url":"https://github.com/PyPSA/powerplantmatching","tech":"Reservoir","commissioning_year":1953},"geometry":{"type":"Point","coordinates":[-7.724,42.464]}},{"type":"Feature","properties":{"id":"ppm-es-1078","name":"Azutan","capacity_mw":180.0,"fuel_type":"hydro","status":"operational","precision":"approximate","source":"powerplantmatching v0.9.0, 2026-10-03 · Global Energy Monitor, JRC (European Commission), Global Hydropower Resources, Open Power System Data, WRI GPPD","source_url":"https://github.com/PyPSA/powerplantmatching","tech":"Reservoir","commissioning_year":1969},"geometry":{"type":"Point","coordinates":[-5.088,39.78]}},{"type":"Feature","properties":{"id":"ppm-es-3654","name":"Tico Wind Farm","capacity_mw":180.0,"fuel_type":"wind","status":"operational","precision":"approximate","source":"powerplantmatching v0.9.0, 2026-10-03 · Global Energy Monitor, ENTSO-E, OpenStreetMap","source_url":"https://www.openstreetmap.org/relation/14209929","tech":"Onshore","commissioning_year":2022},"geometry":{"type":"Point","coordinates":[-1.005,41.166]}},{"type":"Feature","properties":{"id":"ppm-es-5394","name":"Bienvenida Solar Farm","capacity_mw":180.0,"fuel_type":"solar","status":"operational","precision":"approximate","source":"powerplantmatching v0.9.0, 2026-10-03 · Global Energy Monitor, OpenStreetMap","source_url":"https://www.openstreetmap.org/way/1246916015","tech":"PV","commissioning_year":2021},"geometry":{"type":"Point","coordinates":[-6.161,38.283]}},{"type":"Feature","properties":{"id":"ppm-es-18577","name":"Kenia Solar Farm","capacity_mw":180.0,"fuel_type":"solar","status":"operational","precision":"approximate","source":"powerplantmatching v0.9.0, 2026-10-03 · Global Energy Monitor","source_url":"https://github.com/PyPSA/powerplantmatching","tech":"PV","commissioning_year":2024},"geometry":{"type":"Point","coordinates":[-4.582,37.147]}},{"type":"Feature","properties":{"id":"ppm-es-3652","name":"Las Majas Wind Farm","capacity_mw":177.0,"fuel_type":"wind","status":"operational","precision":"approximate","source":"powerplantmatching v0.9.0, 2026-10-03 · Global Energy Monitor, ENTSO-E, OpenStreetMap","source_url":"https://www.openstreetmap.org/relation/12997765","tech":"Onshore","commissioning_year":2020},"geometry":{"type":"Point","coordinates":[-0.92,41.277]}},{"type":"Feature","properties":{"id":"ppm-es-10132","name":"Est Iig","capacity_mw":177.0,"fuel_type":"hydro","status":"operational","precision":"approximate","source":"powerplantmatching v0.9.0, 2026-10-03 · JRC (European Commission), Global Hydropower Resources","source_url":"https://github.com/PyPSA/powerplantmatching","tech":"Reservoir","commissioning_year":1970},"geometry":{"type":"Point","coordinates":[-7.65,42.414]}},{"type":"Feature","properties":{"id":"ppm-es-12404","name":"Almendralejo Solar Farm","capacity_mw":170.6,"fuel_type":"solar","status":"operational","precision":"approximate","source":"powerplantmatching v0.9.0, 2026-10-03 · Global Energy Monitor","source_url":"https://github.com/PyPSA/powerplantmatching","tech":"PV","commissioning_year":2023},"geometry":{"type":"Point","coordinates":[-6.979,38.874]}},{"type":"Feature","properties":{"id":"ppm-es-12347","name":"Alcala De Los Gazules Solar Farm","capacity_mw":165.9,"fuel_type":"solar","status":"operational","precision":"approximate","source":"powerplantmatching v0.9.0, 2026-10-03 · Global Energy Monitor","source_url":"https://github.com/PyPSA/powerplantmatching","tech":"PV","commissioning_year":2023},"geometry":{"type":"Point","coordinates":[-5.726,36.464]}},{"type":"Feature","properties":{"id":"ppm-es-20225","name":"Maira Alpha Solar Farm","capacity_mw":165.3,"fuel_type":"solar","status":"construction","precision":"approximate","source":"powerplantmatching v0.9.0, 2026-10-03 · Global Energy Monitor","source_url":"https://github.com/PyPSA/powerplantmatching","tech":"PV","commissioning_year":2026},"geometry":{"type":"Point","coordinates":[-3.423,42.631]}},{"type":"Feature","properties":{"id":"ppm-es-5154","name":"Valdompere Solar Farm","capacity_mw":164.7,"fuel_type":"solar","status":"operational","precision":"approximate","source":"powerplantmatching v0.9.0, 2026-10-03 · Global Energy Monitor, ENTSO-E","source_url":"https://github.com/PyPSA/powerplantmatching","tech":"PV","commissioning_year":2023},"geometry":{"type":"Point","coordinates":[-0.585,41.439]}},{"type":"Feature","properties":{"id":"ppm-es-21569","name":"Opde Brovales Solar Farm","capacity_mw":163.1,"fuel_type":"solar","status":"operational","precision":"approximate","source":"powerplantmatching v0.9.0, 2026-10-03 · Global Energy Monitor","source_url":"https://github.com/PyPSA/powerplantmatching","tech":"PV"},"geometry":{"type":"Point","coordinates":[-6.313,38.19]}},{"type":"Feature","properties":{"id":"ppm-es-10876","name":"La Cerradilla Wind Farm","capacity_mw":161.0,"fuel_type":"wind","status":"operational","precision":"approximate","source":"powerplantmatching v0.9.0, 2026-10-03 · Global Energy Monitor, WRI GPPD","source_url":"https://github.com/PyPSA/powerplantmatching","tech":"Onshore","commissioning_year":2005},"geometry":{"type":"Point","coordinates":[-2.509,37.344]}},{"type":"Feature","properties":{"id":"ppm-es-427","name":"Salime","capacity_mw":160.0,"fuel_type":"hydro","status":"operational","precision":"approximate","source":"powerplantmatching v0.9.0, 2026-10-03 · Global Energy Monitor, JRC (European Commission), Global Hydropower Resources, Open Power System Data, WRI GPPD, GEO","source_url":"https://github.com/PyPSA/powerplantmatching","tech":"Reservoir","commissioning_year":1953},"geometry":{"type":"Point","coordinates":[-6.847,43.237]}},{"type":"Feature","properties":{"id":"ppm-es-3651","name":"La Isla Solar Farm","capacity_mw":157.5,"fuel_type":"solar","status":"operational","precision":"approximate","source":"powerplantmatching v0.9.0, 2026-10-03 · Global Energy Monitor, ENTSO-E, OpenStreetMap","source_url":"https://www.openstreetmap.org/relation/13370339","tech":"PV","commissioning_year":2020},"geometry":{"type":"Point","coordinates":[-5.874,37.243]}},{"type":"Feature","properties":{"id":"ppm-es-5693","name":"Sabinar Hive Solar Farm","capacity_mw":155.0,"fuel_type":"solar","status":"operational","precision":"approximate","source":"powerplantmatching v0.9.0, 2026-10-03 · Global Energy Monitor, OpenStreetMap","source_url":"https://www.openstreetmap.org/relation/20311640","tech":"PV"},"geometry":{"type":"Point","coordinates":[-2.087,39.547]}},{"type":"Feature","properties":{"id":"ppm-es-12980","name":"Ayora Grenergy Solar Farm","capacity_mw":154.7,"fuel_type":"solar","status":"construction","precision":"approximate","source":"powerplantmatching v0.9.0, 2026-10-03 · Global Energy Monitor","source_url":"https://github.com/PyPSA/powerplantmatching","tech":"PV","commissioning_year":2026},"geometry":{"type":"Point","coordinates":[-1.155,38.978]}},{"type":"Feature","properties":{"id":"ppm-es-22302","name":"Pinos Puente Solar","capacity_mw":152.4,"fuel_type":"solar","status":"operational","precision":"approximate","source":"powerplantmatching v0.9.0, 2026-10-03 · Global Energy Monitor","source_url":"https://github.com/PyPSA/powerplantmatching","tech":"PV","commissioning_year":2017},"geometry":{"type":"Point","coordinates":[-3.769,37.249]}},{"type":"Feature","properties":{"id":"ppm-es-2083","name":"El Escudo Wind Farm","capacity_mw":151.2,"fuel_type":"wind","status":"operational","precision":"approximate","source":"powerplantmatching v0.9.0, 2026-10-03 · Global Energy Monitor, ENTSO-E, WRI GPPD, OpenStreetMap","source_url":"https://www.openstreetmap.org/relation/13645670","tech":"Onshore","commissioning_year":1998},"geometry":{"type":"Point","coordinates":[-3.953,43.074]}},{"type":"Feature","properties":{"id":"ppm-es-26562","name":"Zorita Solar Farm","capacity_mw":150.4,"fuel_type":"solar","status":"operational","precision":"approximate","source":"powerplantmatching v0.9.0, 2026-10-03 · Global Energy Monitor","source_url":"https://github.com/PyPSA/powerplantmatching","tech":"PV","commissioning_year":2025},"geometry":{"type":"Point","coordinates":[-2.886,40.352]}},{"type":"Feature","properties":{"id":"ppm-es-2098","name":"Andasol Solar Farm","capacity_mw":150.0,"fuel_type":"solar","status":"operational","precision":"approximate","source":"powerplantmatching v0.9.0, 2026-10-03 · Global Energy Monitor, WRI GPPD, OpenStreetMap, GEO","source_url":"https://www.openstreetmap.org/way/97931172","tech":"Csp","commissioning_year":2008},"geometry":{"type":"Point","coordinates":[-3.059,37.224]}},{"type":"Feature","properties":{"id":"ppm-es-2567","name":"Dolar Wind Farm","capacity_mw":150.0,"fuel_type":"wind","status":"operational","precision":"approximate","source":"powerplantmatching v0.9.0, 2026-10-03 · Global Energy Monitor, WRI GPPD, OpenStreetMap","source_url":"https://www.openstreetmap.org/relation/13899879","units":2,"tech":"Onshore · 2 units","commissioning_year":2003},"geometry":{"type":"Point","coordinates":[-2.95,37.177]}},{"type":"Feature","properties":{"id":"ppm-es-4092","name":"El Doblon Solar Farm","capacity_mw":150.0,"fuel_type":"solar","status":"operational","precision":"approximate","source":"powerplantmatching v0.9.0, 2026-10-03 · Global Energy Monitor, ENTSO-E, WRI GPPD","source_url":"https://github.com/PyPSA/powerplantmatching","units":2,"tech":"PV · 2 units","commissioning_year":2011},"geometry":{"type":"Point","coordinates":[-6.4,38.757]}},{"type":"Feature","properties":{"id":"ppm-es-10950","name":"Picon Solar Farm","capacity_mw":150.0,"fuel_type":"solar","status":"operational","precision":"approximate","source":"powerplantmatching v0.9.0, 2026-10-03 · Global Energy Monitor, WRI GPPD","source_url":"https://github.com/PyPSA/powerplantmatching","tech":"PV","commissioning_year":2019},"geometry":{"type":"Point","coordinates":[-4.02,39.03]}},{"type":"Feature","properties":{"id":"ppm-es-10989","name":"Solnova Solar Farm","capacity_mw":150.0,"fuel_type":"solar","status":"operational","precision":"approximate","source":"powerplantmatching v0.9.0, 2026-10-03 · Global Energy Monitor, WRI GPPD","source_url":"https://github.com/PyPSA/powerplantmatching","tech":"Csp","commissioning_year":2009},"geometry":{"type":"Point","coordinates":[-6.275,37.419]}},{"type":"Feature","properties":{"id":"ppm-es-12774","name":"Arenales Iberdrola Solar Farm","capacity_mw":150.0,"fuel_type":"solar","status":"operational","precision":"approximate","source":"powerplantmatching v0.9.0, 2026-10-03 · Global Energy Monitor","source_url":"https://github.com/PyPSA/powerplantmatching","tech":"PV","commissioning_year":2021},"geometry":{"type":"Point","coordinates":[-6.442,39.458]}},{"type":"Feature","properties":{"id":"ppm-es-13335","name":"Belinchon Solar Farm","capacity_mw":150.0,"fuel_type":"solar","status":"operational","precision":"approximate","source":"powerplantmatching v0.9.0, 2026-10-03 · Global Energy Monitor","source_url":"https://github.com/PyPSA/powerplantmatching","tech":"PV"},"geometry":{"type":"Point","coordinates":[-2.967,40.068]}},{"type":"Feature","properties":{"id":"ppm-es-13378","name":"Betierra Solar Farm","capacity_mw":150.0,"fuel_type":"solar","status":"operational","precision":"approximate","source":"powerplantmatching v0.9.0, 2026-10-03 · Global Energy Monitor","source_url":"https://github.com/PyPSA/powerplantmatching","tech":"PV","commissioning_year":2024},"geometry":{"type":"Point","coordinates":[-3.058,40.048]}},{"type":"Feature","properties":{"id":"ppm-es-16362","name":"El Morell","capacity_mw":150.0,"fuel_type":"oil","status":"operational","precision":"approximate","source":"powerplantmatching v0.9.0, 2026-10-03 · Global Energy Monitor","source_url":"https://github.com/PyPSA/powerplantmatching","tech":"Steam Turbine","commissioning_year":1998},"geometry":{"type":"Point","coordinates":[1.225,41.194]}},{"type":"Feature","properties":{"id":"ppm-es-23511","name":"San Bartolome Wind Farm","capacity_mw":150.0,"fuel_type":"wind","status":"operational","precision":"approximate","source":"powerplantmatching v0.9.0, 2026-10-03 · Global Energy Monitor","source_url":"https://github.com/PyPSA/powerplantmatching","tech":"Onshore","commissioning_year":2011},"geometry":{"type":"Point","coordinates":[-1.032,41.299]}},{"type":"Feature","properties":{"id":"ppm-es-10888","name":"Extresol Csp Solar Farm","capacity_mw":149.8,"fuel_type":"solar","status":"operational","precision":"approximate","source":"powerplantmatching v0.9.0, 2026-10-03 · Global Energy Monitor, WRI GPPD","source_url":"https://github.com/PyPSA/powerplantmatching","tech":"Csp","commissioning_year":2009},"geometry":{"type":"Point","coordinates":[-6.743,38.637]}},{"type":"Feature","properties":{"id":"ppm-es-5540","name":"Esplendor Solar Farm","capacity_mw":149.4,"fuel_type":"solar","status":"operational","precision":"approximate","source":"powerplantmatching v0.9.0, 2026-10-03 · Global Energy Monitor, OpenStreetMap","source_url":"https://www.openstreetmap.org/relation/14654097","tech":"PV","commissioning_year":2019},"geometry":{"type":"Point","coordinates":[-0.386,41.189]}},{"type":"Feature","properties":{"id":"ppm-es-12346","name":"Alcala De Guadaira Solar Park","capacity_mw":149.0,"fuel_type":"solar","status":"operational","precision":"approximate","source":"powerplantmatching v0.9.0, 2026-10-03 · Global Energy Monitor","source_url":"https://github.com/PyPSA/powerplantmatching","tech":"PV","commissioning_year":2020},"geometry":{"type":"Point","coordinates":[-5.817,37.356]}},{"type":"Feature","properties":{"id":"ppm-es-5576","name":"Hijar Solar Farm","capacity_mw":148.5,"fuel_type":"solar","status":"operational","precision":"approximate","source":"powerplantmatching v0.9.0, 2026-10-03 · Global Energy Monitor, OpenStreetMap","source_url":"https://www.openstreetmap.org/way/1100839751","tech":"PV","commissioning_year":2021},"geometry":{"type":"Point","coordinates":[-0.524,41.264]}},{"type":"Feature","properties":{"id":"ppm-es-22037","name":"Perseo Foton Solar Farm","capacity_mw":148.3,"fuel_type":"solar","status":"operational","precision":"approximate","source":"powerplantmatching v0.9.0, 2026-10-03 · Global Energy Monitor","source_url":"https://github.com/PyPSA/powerplantmatching","tech":"PV","commissioning_year":2021},"geometry":{"type":"Point","coordinates":[-3.391,39.002]}},{"type":"Feature","properties":{"id":"ppm-es-5445","name":"Campanario Elawan Solar Farm","capacity_mw":148.1,"fuel_type":"solar","status":"operational","precision":"approximate","source":"powerplantmatching v0.9.0, 2026-10-03 · Global Energy Monitor, OpenStreetMap","source_url":"https://www.openstreetmap.org/relation/20321623","tech":"PV","commissioning_year":2021},"geometry":{"type":"Point","coordinates":[-1.329,38.907]}},{"type":"Feature","properties":{"id":"ppm-es-5167","name":"Guillena Iberdrola Solar Farm","capacity_mw":144.0,"fuel_type":"solar","status":"operational","precision":"approximate","source":"powerplantmatching v0.9.0, 2026-10-03 · Global Energy Monitor, ENTSO-E","source_url":"https://github.com/PyPSA/powerplantmatching","tech":"PV"},"geometry":{"type":"Point","coordinates":[-5.96,37.38]}},{"type":"Feature","properties":{"id":"ppm-es-2537","name":"Bonete Solar Farm","capacity_mw":140.7,"fuel_type":"solar","status":"operational","precision":"approximate","source":"powerplantmatching v0.9.0, 2026-10-03 · Global Energy Monitor, WRI GPPD, OpenStreetMap","source_url":"https://www.openstreetmap.org/relation/16288292","tech":"PV","commissioning_year":2019},"geometry":{"type":"Point","coordinates":[-1.308,38.846]}},{"type":"Feature","properties":{"id":"ppm-es-20226","name":"Maira Gamma Solar Farm","capacity_mw":140.1,"fuel_type":"solar","status":"construction","precision":"approximate","source":"powerplantmatching v0.9.0, 2026-10-03 · Global Energy Monitor","source_url":"https://github.com/PyPSA/powerplantmatching","tech":"PV","commissioning_year":2026},"geometry":{"type":"Point","coordinates":[-3.338,42.543]}},{"type":"Feature","properties":{"id":"ppm-es-14206","name":"Campo Aranuelo Solar Farm","capacity_mw":140.0,"fuel_type":"solar","status":"operational","precision":"approximate","source":"powerplantmatching v0.9.0, 2026-10-03 · Global Energy Monitor","source_url":"https://github.com/PyPSA/powerplantmatching","tech":"PV","commissioning_year":2021},"geometry":{"type":"Point","coordinates":[-5.689,39.806]}},{"type":"Feature","properties":{"id":"ppm-es-12777","name":"Arenosas Solar Farm","capacity_mw":139.8,"fuel_type":"solar","status":"operational","precision":"approximate","source":"powerplantmatching v0.9.0, 2026-10-03 · Global Energy Monitor","source_url":"https://github.com/PyPSA/powerplantmatching","units":2,"tech":"PV · 2 units","commissioning_year":2022},"geometry":{"type":"Point","coordinates":[-5.799,36.606]}},{"type":"Feature","properties":{"id":"ppm-es-16360","name":"Corral Del Molino Wind Farm","capacity_mw":139.0,"fuel_type":"wind","status":"operational","precision":"approximate","source":"powerplantmatching v0.9.0, 2026-10-03 · Global Energy Monitor, OpenStreetMap","source_url":"https://www.openstreetmap.org/relation/13071654","units":2,"tech":"Onshore · 2 units","commissioning_year":2024},"geometry":{"type":"Point","coordinates":[-1.794,42.334]}},{"type":"Feature","properties":{"id":"ppm-es-5551","name":"Ence Huelva","capacity_mw":137.0,"fuel_type":"biomass","status":"operational","precision":"approximate","source":"powerplantmatching v0.9.0, 2026-10-03 · Global Energy Monitor, OpenStreetMap","source_url":"https://www.openstreetmap.org/way/850827950","tech":"CCGT","commissioning_year":2009},"geometry":{"type":"Point","coordinates":[-6.862,37.307]}},{"type":"Feature","properties":{"id":"ppm-es-14330","name":"Castano Solar Farm","capacity_mw":134.0,"fuel_type":"solar","status":"operational","precision":"approximate","source":"powerplantmatching v0.9.0, 2026-10-03 · Global Energy Monitor","source_url":"https://github.com/PyPSA/powerplantmatching","tech":"PV","commissioning_year":2025},"geometry":{"type":"Point","coordinates":[-4.247,40.911]}},{"type":"Feature","properties":{"id":"ppm-es-5166","name":"Puerto Real Solar Farm","capacity_mw":133.6,"fuel_type":"solar","status":"operational","precision":"approximate","source":"powerplantmatching v0.9.0, 2026-10-03 · Global Energy Monitor, ENTSO-E","source_url":"https://github.com/PyPSA/powerplantmatching","tech":"PV","commissioning_year":2019},"geometry":{"type":"Point","coordinates":[-6.277,36.515]}},{"type":"Feature","properties":{"id":"ppm-es-20003","name":"Los Llanos Solar Farm Spain","capacity_mw":132.1,"fuel_type":"solar","status":"operational","precision":"approximate","source":"powerplantmatching v0.9.0, 2026-10-03 · Global Energy Monitor","source_url":"https://github.com/PyPSA/powerplantmatching","tech":"PV","commissioning_year":2023},"geometry":{"type":"Point","coordinates":[-6.377,38.318]}},{"type":"Feature","properties":{"id":"ppm-es-507","name":"Cornatel","capacity_mw":132.0,"fuel_type":"hydro","status":"operational","precision":"approximate","source":"powerplantmatching v0.9.0, 2026-10-03 · Global Energy Monitor, JRC (European Commission), Global Hydropower Resources, Open Power System Data, WRI GPPD, OpenStreetMap","source_url":"https://www.openstreetmap.org/way/288010633","tech":"Reservoir","commissioning_year":1963},"geometry":{"type":"Point","coordinates":[-6.814,42.47]}},{"type":"Feature","properties":{"id":"ppm-es-544","name":"Torrejon","capacity_mw":132.0,"fuel_type":"hydro","status":"operational","precision":"approximate","source":"powerplantmatching v0.9.0, 2026-10-03 · Global Energy Monitor, EESI, JRC (European Commission), Global Hydropower Resources, Open Power System Data, WRI GPPD","source_url":"https://github.com/PyPSA/powerplantmatching","tech":"Pumped Storage","commissioning_year":1966},"geometry":{"type":"Point","coordinates":[-5.989,39.836]}},{"type":"Feature","properties":{"id":"ppm-es-1076","name":"Frieira","capacity_mw":130.0,"fuel_type":"hydro","status":"operational","precision":"approximate","source":"powerplantmatching v0.9.0, 2026-10-03 · Global Energy Monitor, JRC (European Commission), Global Hydropower Resources, Open Power System Data, WRI GPPD","source_url":"https://github.com/PyPSA/powerplantmatching","tech":"Run-Of-River","commissioning_year":1970},"geometry":{"type":"Point","coordinates":[-8.192,42.154]}},{"type":"Feature","properties":{"id":"ppm-es-10948","name":"De Paxareiras Adrano","capacity_mw":129.2,"fuel_type":"wind","status":"operational","precision":"approximate","source":"powerplantmatching v0.9.0, 2026-10-03 · WRI GPPD, OpenStreetMap, Global Energy Monitor","source_url":"https://www.openstreetmap.org/relation/17147584","units":2,"tech":"Onshore · 2 units","commissioning_year":1997},"geometry":{"type":"Point","coordinates":[-9.089,42.823]}},{"type":"Feature","properties":{"id":"ppm-es-5541","name":"Euder Solar Farm","capacity_mw":129.0,"fuel_type":"solar","status":"operational","precision":"approximate","source":"powerplantmatching v0.9.0, 2026-10-03 · Global Energy Monitor, OpenStreetMap","source_url":"https://www.openstreetmap.org/way/593544452","tech":"PV","commissioning_year":2013},"geometry":{"type":"Point","coordinates":[-5.292,39.244]}},{"type":"Feature","properties":{"id":"ppm-es-16296","name":"Eee Repotenciado Wind Farm","capacity_mw":129.0,"fuel_type":"wind","status":"operational","precision":"approximate","source":"powerplantmatching v0.9.0, 2026-10-03 · Global Energy Monitor","source_url":"https://github.com/PyPSA/powerplantmatching","tech":"Onshore","commissioning_year":1992},"geometry":{"type":"Point","coordinates":[-5.606,36.013]}},{"type":"Feature","properties":{"id":"ppm-es-147","name":"Castrelo","capacity_mw":128.0,"fuel_type":"hydro","status":"operational","precision":"approximate","source":"powerplantmatching v0.9.0, 2026-10-03 · Global Energy Monitor, JRC (European Commission), Global Hydropower Resources, Open Power System Data, WRI GPPD, OpenStreetMap, GEO","source_url":"https://www.openstreetmap.org/way/1155222076","tech":"Reservoir","commissioning_year":1921},"geometry":{"type":"Point","coordinates":[-8.115,42.292]}},{"type":"Feature","properties":{"id":"ppm-es-16367","name":"El Rocio Solar Farm","capacity_mw":128.0,"fuel_type":"solar","status":"operational","precision":"approximate","source":"powerplantmatching v0.9.0, 2026-10-03 · Global Energy Monitor","source_url":"https://github.com/PyPSA/powerplantmatching","tech":"PV","commissioning_year":2023},"geometry":{"type":"Point","coordinates":[-6.54,37.077]}},{"type":"Feature","properties":{"id":"ppm-es-3607","name":"Garnacha Erg Solar Farm","capacity_mw":127.5,"fuel_type":"solar","status":"operational","precision":"approximate","source":"powerplantmatching v0.9.0, 2026-10-03 · Global Energy Monitor, ENTSO-E, OpenStreetMap","source_url":"https://www.openstreetmap.org/way/1449716060","tech":"PV","commissioning_year":2023},"geometry":{"type":"Point","coordinates":[-5.358,41.471]}},{"type":"Feature","properties":{"id":"ppm-es-16891","name":"Fotosfera Solar Farm","capacity_mw":126.9,"fuel_type":"solar","status":"operational","precision":"approximate","source":"powerplantmatching v0.9.0, 2026-10-03 · Global Energy Monitor","source_url":"https://github.com/PyPSA/powerplantmatching","tech":"PV","commissioning_year":2022},"geometry":{"type":"Point","coordinates":[-2.95,37.177]}},{"type":"Feature","properties":{"id":"ppm-es-23542","name":"San Servan Solar Farm","capacity_mw":126.9,"fuel_type":"solar","status":"operational","precision":"approximate","source":"powerplantmatching v0.9.0, 2026-10-03 · Global Energy Monitor","source_url":"https://github.com/PyPSA/powerplantmatching","tech":"PV","commissioning_year":2022},"geometry":{"type":"Point","coordinates":[-6.545,38.724]}},{"type":"Feature","properties":{"id":"ppm-es-10813","name":"Callejas Wind Farm","capacity_mw":126.8,"fuel_type":"wind","status":"operational","precision":"approximate","source":"powerplantmatching v0.9.0, 2026-10-03 · Global Energy Monitor, WRI GPPD","source_url":"https://github.com/PyPSA/powerplantmatching","tech":"Onshore","commissioning_year":2004},"geometry":{"type":"Point","coordinates":[-1.803,39.622]}},{"type":"Feature","properties":{"id":"ppm-es-16631","name":"Extremadura Solar Farm","capacity_mw":124.8,"fuel_type":"solar","status":"operational","precision":"approximate","source":"powerplantmatching v0.9.0, 2026-10-03 · Global Energy Monitor","source_url":"https://github.com/PyPSA/powerplantmatching","tech":"PV","commissioning_year":2023},"geometry":{"type":"Point","coordinates":[-6.49,38.746]}},{"type":"Feature","properties":{"id":"ppm-es-5512","name":"Ekian Eve Solar Farm","capacity_mw":124.0,"fuel_type":"solar","status":"operational","precision":"approximate","source":"powerplantmatching v0.9.0, 2026-10-03 · Global Energy Monitor, OpenStreetMap","source_url":"https://www.openstreetmap.org/relation/18462562","tech":"PV","commissioning_year":2020},"geometry":{"type":"Point","coordinates":[-2.9,42.709]}},{"type":"Feature","properties":{"id":"ppm-es-149","name":"Tanes","capacity_mw":123.0,"fuel_type":"hydro","status":"operational","precision":"approximate","source":"powerplantmatching v0.9.0, 2026-10-03 · Global Energy Monitor, EESI, JRC (European Commission), ENTSO-E, Global Hydropower Resources, Open Power System Data, WRI GPPD","source_url":"https://github.com/PyPSA/powerplantmatching","tech":"Pumped Storage","commissioning_year":1970},"geometry":{"type":"Point","coordinates":[-5.421,43.217]}},{"type":"Feature","properties":{"id":"ppm-es-19253","name":"La Luz Solar Farm","capacity_mw":122.3,"fuel_type":"solar","status":"operational","precision":"approximate","source":"powerplantmatching v0.9.0, 2026-10-03 · Global Energy Monitor","source_url":"https://github.com/PyPSA/powerplantmatching","tech":"PV","commissioning_year":2024},"geometry":{"type":"Point","coordinates":[-6.899,37.323]}},{"type":"Feature","properties":{"id":"ppm-es-1034","name":"Cofrentes","capacity_mw":122.0,"fuel_type":"hydro","status":"operational","precision":"approximate","source":"powerplantmatching v0.9.0, 2026-10-03 · Global Energy Monitor, JRC (European Commission), Global Hydropower Resources, Open Power System Data, WRI GPPD","source_url":"https://github.com/PyPSA/powerplantmatching","tech":"Reservoir","commissioning_year":1951},"geometry":{"type":"Point","coordinates":[-1.094,39.247]}},{"type":"Feature","properties":{"id":"ppm-es-5415","name":"Arroyal Wind Farm","capacity_mw":121.0,"fuel_type":"wind","status":"operational","precision":"approximate","source":"powerplantmatching v0.9.0, 2026-10-03 · Global Energy Monitor, OpenStreetMap","source_url":"https://www.openstreetmap.org/relation/13996369","tech":"Onshore","commissioning_year":2007},"geometry":{"type":"Point","coordinates":[-3.767,42.41]}},{"type":"Feature","properties":{"id":"ppm-es-22802","name":"Puertollano Green Hydrogen Solar","capacity_mw":120.0,"fuel_type":"solar","status":"operational","precision":"approximate","source":"powerplantmatching v0.9.0, 2026-10-03 · Global Energy Monitor","source_url":"https://github.com/PyPSA/powerplantmatching","tech":"PV","commissioning_year":2022},"geometry":{"type":"Point","coordinates":[-4.097,38.693]}},{"type":"Feature","properties":{"id":"ppm-es-24818","name":"Tavascan Superior","capacity_mw":119.0,"fuel_type":"hydro","status":"operational","precision":"approximate","source":"powerplantmatching v0.9.0, 2026-10-03 · Global Energy Monitor","source_url":"https://github.com/PyPSA/powerplantmatching","tech":"Pumped Storage","commissioning_year":1971},"geometry":{"type":"Point","coordinates":[1.259,42.646]}},{"type":"Feature","properties":{"id":"ppm-es-12984","name":"Azuer Solar Farm","capacity_mw":118.4,"fuel_type":"solar","status":"operational","precision":"approximate","source":"powerplantmatching v0.9.0, 2026-10-03 · Global Energy Monitor","source_url":"https://github.com/PyPSA/powerplantmatching","tech":"PV","commissioning_year":2022},"geometry":{"type":"Point","coordinates":[-3.371,39.006]}},{"type":"Feature","properties":{"id":"ppm-es-14992","name":"Centurion Solar Farm","capacity_mw":116.5,"fuel_type":"solar","status":"operational","precision":"approximate","source":"powerplantmatching v0.9.0, 2026-10-03 · Global Energy Monitor","source_url":"https://github.com/PyPSA/powerplantmatching","tech":"PV"},"geometry":{"type":"Point","coordinates":[-6.514,38.136]}},{"type":"Feature","properties":{"id":"ppm-es-5500","name":"El Mulaton Wind Farm","capacity_mw":115.0,"fuel_type":"wind","status":"operational","precision":"approximate","source":"powerplantmatching v0.9.0, 2026-10-03 · Global Energy Monitor, OpenStreetMap","source_url":"https://www.openstreetmap.org/relation/15866048","units":2,"tech":"Onshore · 2 units","commissioning_year":2009},"geometry":{"type":"Point","coordinates":[-1.057,39.06]}},{"type":"Feature","properties":{"id":"ppm-es-14281","name":"Carmonita Norte Solar Farm","capacity_mw":115.0,"fuel_type":"solar","status":"operational","precision":"approximate","source":"powerplantmatching v0.9.0, 2026-10-03 · Global Energy Monitor","source_url":"https://github.com/PyPSA/powerplantmatching","tech":"PV","commissioning_year":2024},"geometry":{"type":"Point","coordinates":[-6.279,39.144]}},{"type":"Feature","properties":{"id":"ppm-es-5453","name":"Buniel Wind Farm","capacity_mw":114.0,"fuel_type":"wind","status":"operational","precision":"approximate","source":"powerplantmatching v0.9.0, 2026-10-03 · Global Energy Monitor, OpenStreetMap","source_url":"https://www.openstreetmap.org/relation/18697353","tech":"Onshore","commissioning_year":2022},"geometry":{"type":"Point","coordinates":[-3.791,42.276]}},{"type":"Feature","properties":{"id":"ppm-es-5948","name":"Fbalbon","capacity_mw":113.0,"fuel_type":"solar","status":"operational","precision":"approximate","source":"powerplantmatching v0.9.0, 2026-10-03 · ENTSO-E, OpenStreetMap","source_url":"https://www.openstreetmap.org/relation/20317217","tech":"PV"},"geometry":{"type":"Point","coordinates":[-1.408,38.512]}},{"type":"Feature","properties":{"id":"ppm-es-13128","name":"Ballestas Solar Farm","capacity_mw":112.1,"fuel_type":"solar","status":"operational","precision":"approximate","source":"powerplantmatching v0.9.0, 2026-10-03 · Global Energy Monitor","source_url":"https://github.com/PyPSA/powerplantmatching","tech":"PV","commissioning_year":2022},"geometry":{"type":"Point","coordinates":[-4.147,42.15]}},{"type":"Feature","properties":{"id":"ppm-es-5480","name":"Cavar Wind Farm","capacity_mw":112.0,"fuel_type":"wind","status":"operational","precision":"approximate","source":"powerplantmatching v0.9.0, 2026-10-03 · Global Energy Monitor, OpenStreetMap","source_url":"https://www.openstreetmap.org/relation/13057967","tech":"Onshore","commissioning_year":2020},"geometry":{"type":"Point","coordinates":[-1.693,42.218]}},{"type":"Feature","properties":{"id":"ppm-es-25547","name":"Valladolid Sonnedix Solar Farm","capacity_mw":111.3,"fuel_type":"solar","status":"operational","precision":"approximate","source":"powerplantmatching v0.9.0, 2026-10-03 · Global Energy Monitor","source_url":"https://github.com/PyPSA/powerplantmatching","tech":"PV","commissioning_year":2017},"geometry":{"type":"Point","coordinates":[-4.731,41.647]}},{"type":"Feature","properties":{"id":"ppm-es-12478","name":"Amazon Solar Farm","capacity_mw":111.0,"fuel_type":"solar","status":"operational","precision":"approximate","source":"powerplantmatching v0.9.0, 2026-10-03 · Global Energy Monitor","source_url":"https://github.com/PyPSA/powerplantmatching","tech":"PV","commissioning_year":2022},"geometry":{"type":"Point","coordinates":[-6.394,39.515]}},{"type":"Feature","properties":{"id":"ppm-es-554","name":"Gabriel Galan","capacity_mw":110.0,"fuel_type":"hydro","status":"operational","precision":"approximate","source":"powerplantmatching v0.9.0, 2026-10-03 · Global Energy Monitor, EESI, JRC (European Commission), Global Hydropower Resources, Open Power System Data, WRI GPPD","source_url":"https://github.com/PyPSA/powerplantmatching","tech":"Pumped Storage","commissioning_year":1970},"geometry":{"type":"Point","coordinates":[-6.133,40.221]}},{"type":"Feature","properties":{"id":"ppm-es-2665","name":"San Lorenzo Wind Farm Spain","capacity_mw":110.0,"fuel_type":"wind","status":"operational","precision":"approximate","source":"powerplantmatching v0.9.0, 2026-10-03 · Global Energy Monitor, WRI GPPD, OpenStreetMap","source_url":"https://www.openstreetmap.org/relation/20249854","tech":"Onshore","commissioning_year":2007},"geometry":{"type":"Point","coordinates":[-5.03,41.639]}},{"type":"Feature","properties":{"id":"ppm-es-19567","name":"Las Quinientas Solar Farm","capacity_mw":110.0,"fuel_type":"solar","status":"operational","precision":"approximate","source":"powerplantmatching v0.9.0, 2026-10-03 · Global Energy Monitor","source_url":"https://github.com/PyPSA/powerplantmatching","tech":"PV","commissioning_year":2021},"geometry":{"type":"Point","coordinates":[-6.112,36.612]}},{"type":"Feature","properties":{"id":"ppm-es-5949","name":"Fterrer","capacity_mw":107.5,"fuel_type":"solar","status":"operational","precision":"approximate","source":"powerplantmatching v0.9.0, 2026-10-03 · ENTSO-E, OpenStreetMap","source_url":"https://www.openstreetmap.org/relation/20442828","tech":"PV","commissioning_year":2025},"geometry":{"type":"Point","coordinates":[-1.776,41.384]}},{"type":"Feature","properties":{"id":"ppm-es-1046","name":"Canelles","capacity_mw":107.0,"fuel_type":"hydro","status":"operational","precision":"approximate","source":"powerplantmatching v0.9.0, 2026-10-03 · Global Energy Monitor, JRC (European Commission), Global Hydropower Resources, Open Power System Data, WRI GPPD","source_url":"https://github.com/PyPSA/powerplantmatching","tech":"Reservoir","commissioning_year":1959},"geometry":{"type":"Point","coordinates":[0.612,41.976]}},{"type":"Feature","properties":{"id":"ppm-es-10873","name":"Manzanares Solar Farm","capacity_mw":106.3,"fuel_type":"solar","status":"operational","precision":"approximate","source":"powerplantmatching v0.9.0, 2026-10-03 · Global Energy Monitor, WRI GPPD","source_url":"https://github.com/PyPSA/powerplantmatching","tech":"PV","commissioning_year":2022},"geometry":{"type":"Point","coordinates":[-3.388,38.995]}},{"type":"Feature","properties":{"id":"ppm-es-2614","name":"La Retuerta Wind Farm","capacity_mw":106.0,"fuel_type":"wind","status":"operational","precision":"approximate","source":"powerplantmatching v0.9.0, 2026-10-03 · Global Energy Monitor, WRI GPPD, OpenStreetMap","source_url":"https://www.openstreetmap.org/relation/13934167","tech":"Onshore","commissioning_year":2009},"geometry":{"type":"Point","coordinates":[-7.27,37.507]}},{"type":"Feature","properties":{"id":"ppm-es-4173","name":"Alto Palancia Wind Farm","capacity_mw":106.0,"fuel_type":"wind","status":"operational","precision":"approximate","source":"powerplantmatching v0.9.0, 2026-10-03 · Global Energy Monitor, ENTSO-E, WRI GPPD","source_url":"https://github.com/PyPSA/powerplantmatching","tech":"Onshore","commissioning_year":2007},"geometry":{"type":"Point","coordinates":[-0.694,40.01]}},{"type":"Feature","properties":{"id":"ppm-es-15600","name":"Cuevas Del Velasco Wind Farm","capacity_mw":105.0,"fuel_type":"wind","status":"operational","precision":"approximate","source":"powerplantmatching v0.9.0, 2026-10-03 · Global Energy Monitor","source_url":"https://github.com/PyPSA/powerplantmatching","tech":"Onshore","commissioning_year":2022},"geometry":{"type":"Point","coordinates":[-2.573,40.009]}},{"type":"Feature","properties":{"id":"ppm-es-17423","name":"Grijota Solar Farm","capacity_mw":104.8,"fuel_type":"solar","status":"operational","precision":"approximate","source":"powerplantmatching v0.9.0, 2026-10-03 · Global Energy Monitor","source_url":"https://github.com/PyPSA/powerplantmatching","tech":"PV","commissioning_year":2025},"geometry":{"type":"Point","coordinates":[-4.565,42.106]}},{"type":"Feature","properties":{"id":"ppm-es-25784","name":"Vila Ibiza","capacity_mw":104.6,"fuel_type":"oil","status":"operational","precision":"approximate","source":"powerplantmatching v0.9.0, 2026-10-03 · Global Energy Monitor","source_url":"https://github.com/PyPSA/powerplantmatching","tech":"CCGT","commissioning_year":2007},"geometry":{"type":"Point","coordinates":[1.427,38.912]}},{"type":"Feature","properties":{"id":"ppm-es-3197","name":"Cabrillas Wind Farm","capacity_mw":103.0,"fuel_type":"wind","status":"operational","precision":"approximate","source":"powerplantmatching v0.9.0, 2026-10-03 · Global Energy Monitor, WRI GPPD, OpenStreetMap","source_url":"https://www.openstreetmap.org/relation/12979915","units":2,"tech":"Onshore · 2 units","commissioning_year":2007},"geometry":{"type":"Point","coordinates":[-0.263,40.533]}},{"type":"Feature","properties":{"id":"ppm-es-15213","name":"Cijara","capacity_mw":102.0,"fuel_type":"hydro","status":"operational","precision":"approximate","source":"powerplantmatching v0.9.0, 2026-10-03 · Global Energy Monitor, JRC (European Commission), Global Hydropower Resources, Open Power System Data, WRI GPPD","source_url":"https://github.com/PyPSA/powerplantmatching","units":2,"tech":"Reservoir · 2 units","commissioning_year":1956},"geometry":{"type":"Point","coordinates":[-5.017,39.371]}},{"type":"Feature","properties":{"id":"ppm-es-23867","name":"Sierra Del Escudo Wind Farm","capacity_mw":101.0,"fuel_type":"wind","status":"construction","precision":"approximate","source":"powerplantmatching v0.9.0, 2026-10-03 · Global Energy Monitor","source_url":"https://github.com/PyPSA/powerplantmatching","tech":"Onshore","commissioning_year":2026},"geometry":{"type":"Point","coordinates":[-3.989,43.031]}},{"type":"Feature","properties":{"id":"ppm-es-2535","name":"Aste Csp Solar Farm","capacity_mw":100.0,"fuel_type":"solar","status":"operational","precision":"approximate","source":"powerplantmatching v0.9.0, 2026-10-03 · Global Energy Monitor, WRI GPPD, OpenStreetMap","source_url":"https://www.openstreetmap.org/way/188750993","tech":"Csp","commissioning_year":2012},"geometry":{"type":"Point","coordinates":[-3.266,39.177]}},{"type":"Feature","properties":{"id":"ppm-es-2602","name":"La Carracha Wind Farm","capacity_mw":100.0,"fuel_type":"wind","status":"operational","precision":"approximate","source":"powerplantmatching v0.9.0, 2026-10-03 · Global Energy Monitor, WRI GPPD, OpenStreetMap","source_url":"https://www.openstreetmap.org/relation/12990259","tech":"Onshore","commissioning_year":2002},"geometry":{"type":"Point","coordinates":[-1.125,41.57]}},{"type":"Feature","properties":{"id":"ppm-es-5564","name":"La Lora Wind Farm","capacity_mw":100.0,"fuel_type":"wind","status":"operational","precision":"approximate","source":"powerplantmatching v0.9.0, 2026-10-03 · Global Energy Monitor, OpenStreetMap","source_url":"https://www.openstreetmap.org/relation/14205349","tech":"Onshore"},"geometry":{"type":"Point","coordinates":[-4.051,42.754]}},{"type":"Feature","properties":{"id":"ppm-es-5595","name":"Las Mareas Wind Farm","capacity_mw":100.0,"fuel_type":"wind","status":"operational","precision":"approximate","source":"powerplantmatching v0.9.0, 2026-10-03 · Global Energy Monitor, OpenStreetMap","source_url":"https://www.openstreetmap.org/relation/19593745","tech":"Onshore","commissioning_year":2024},"geometry":{"type":"Point","coordinates":[0.282,41.383]}},{"type":"Feature","properties":{"id":"ppm-es-5752","name":"Virgen De Rodanas Wind Farm","capacity_mw":100.0,"fuel_type":"wind","status":"operational","precision":"approximate","source":"powerplantmatching v0.9.0, 2026-10-03 · Global Energy Monitor, OpenStreetMap","source_url":"https://www.openstreetmap.org/relation/12991935","tech":"Onshore"},"geometry":{"type":"Point","coordinates":[-1.4,41.725]}},{"type":"Feature","properties":{"id":"ppm-es-10827","name":"Alvarado Solar Farm Spain","capacity_mw":100.0,"fuel_type":"solar","status":"operational","precision":"approximate","source":"powerplantmatching v0.9.0, 2026-10-03 · Global Energy Monitor, WRI GPPD","source_url":"https://github.com/PyPSA/powerplantmatching","tech":"PV","commissioning_year":2020},"geometry":{"type":"Point","coordinates":[-6.791,38.81]}},{"type":"Feature","properties":{"id":"ppm-es-10849","name":"Cerro Calderon Wind Farm","capacity_mw":100.0,"fuel_type":"wind","status":"operational","precision":"approximate","source":"powerplantmatching v0.9.0, 2026-10-03 · Global Energy Monitor, WRI GPPD","source_url":"https://github.com/PyPSA/powerplantmatching","tech":"Onshore","commissioning_year":2004},"geometry":{"type":"Point","coordinates":[-2.247,39.456]}},{"type":"Feature","properties":{"id":"ppm-es-10881","name":"Helioenergy Solar Farm","capacity_mw":100.0,"fuel_type":"solar","status":"operational","precision":"approximate","source":"powerplantmatching v0.9.0, 2026-10-03 · Global Energy Monitor, WRI GPPD","source_url":"https://github.com/PyPSA/powerplantmatching","tech":"Csp","commissioning_year":2011},"geometry":{"type":"Point","coordinates":[-5.158,37.572]}},{"type":"Feature","properties":{"id":"ppm-es-10882","name":"Helios Csp Solar Farm","capacity_mw":100.0,"fuel_type":"solar","status":"operational","precision":"approximate","source":"powerplantmatching v0.9.0, 2026-10-03 · Global Energy Monitor, WRI GPPD","source_url":"https://github.com/PyPSA/powerplantmatching","tech":"Csp","commissioning_year":2012},"geometry":{"type":"Point","coordinates":[-3.469,39.238]}},{"type":"Feature","properties":{"id":"ppm-es-10907","name":"Manchasol Csp Solar Farm","capacity_mw":100.0,"fuel_type":"solar","status":"operational","precision":"approximate","source":"powerplantmatching v0.9.0, 2026-10-03 · Global Energy Monitor, WRI GPPD","source_url":"https://github.com/PyPSA/powerplantmatching","tech":"Csp","commissioning_year":2011},"geometry":{"type":"Point","coordinates":[-3.312,39.183]}},{"type":"Feature","properties":{"id":"ppm-es-12466","name":"Amazon Alamo Solar Farm","capacity_mw":100.0,"fuel_type":"solar","status":"operational","precision":"approximate","source":"powerplantmatching v0.9.0, 2026-10-03 · Global Energy Monitor","source_url":"https://github.com/PyPSA/powerplantmatching","tech":"PV","commissioning_year":2022},"geometry":{"type":"Point","coordinates":[-4.032,39.914]}},{"type":"Feature","properties":{"id":"ppm-es-12659","name":"Andujar Solar Farm","capacity_mw":100.0,"fuel_type":"solar","status":"operational","precision":"approximate","source":"powerplantmatching v0.9.0, 2026-10-03 · Global Energy Monitor","source_url":"https://github.com/PyPSA/powerplantmatching","tech":"PV"},"geometry":{"type":"Point","coordinates":[-4.037,38.059]}},{"type":"Feature","properties":{"id":"ppm-es-12772","name":"Ardila Solar Farm","capacity_mw":100.0,"fuel_type":"solar","status":"operational","precision":"approximate","source":"powerplantmatching v0.9.0, 2026-10-03 · Global Energy Monitor","source_url":"https://github.com/PyPSA/powerplantmatching","tech":"PV","commissioning_year":2021},"geometry":{"type":"Point","coordinates":[-6.591,38.159]}},{"type":"Feature","properties":{"id":"ppm-es-13215","name":"Barcience Solar Farm","capacity_mw":100.0,"fuel_type":"solar","status":"operational","precision":"approximate","source":"powerplantmatching v0.9.0, 2026-10-03 · Global Energy Monitor","source_url":"https://github.com/PyPSA/powerplantmatching","tech":"PV","commissioning_year":2020},"geometry":{"type":"Point","coordinates":[-4.102,39.92]}},{"type":"Feature","properties":{"id":"ppm-es-16340","name":"El Carpio Thermosolar Farm","capacity_mw":100.0,"fuel_type":"solar","status":"operational","precision":"approximate","source":"powerplantmatching v0.9.0, 2026-10-03 · Global Energy Monitor","source_url":"https://github.com/PyPSA/powerplantmatching","tech":"CSP","commissioning_year":2012},"geometry":{"type":"Point","coordinates":[-4.489,37.958]}},{"type":"Feature","properties":{"id":"ppm-es-16996","name":"Gamonarejo Solar Farm","capacity_mw":100.0,"fuel_type":"solar","status":"operational","precision":"approximate","source":"powerplantmatching v0.9.0, 2026-10-03 · Global Energy Monitor","source_url":"https://github.com/PyPSA/powerplantmatching","tech":"PV","commissioning_year":2019},"geometry":{"type":"Point","coordinates":[-5.104,37.806]}},{"type":"Feature","properties":{"id":"ppm-es-17246","name":"Gnowee Solar Farm","capacity_mw":100.0,"fuel_type":"solar","status":"operational","precision":"approximate","source":"powerplantmatching v0.9.0, 2026-10-03 · Global Energy Monitor","source_url":"https://github.com/PyPSA/powerplantmatching","tech":"PV","commissioning_year":2022},"geometry":{"type":"Point","coordinates":[-6.328,39.422]}},{"type":"Feature","properties":{"id":"ppm-es-19997","name":"Los Belos Solar Farm","capacity_mw":100.0,"fuel_type":"solar","status":"operational","precision":"approximate","source":"powerplantmatching v0.9.0, 2026-10-03 · Global Energy Monitor","source_url":"https://github.com/PyPSA/powerplantmatching","tech":"PV","commissioning_year":2020},"geometry":{"type":"Point","coordinates":[-1.096,41.496]}},{"type":"Feature","properties":{"id":"ppm-es-25549","name":"Valle Csp Solar Farm","capacity_mw":100.0,"fuel_type":"solar","status":"operational","precision":"approximate","source":"powerplantmatching v0.9.0, 2026-10-03 · Global Energy Monitor","source_url":"https://github.com/PyPSA/powerplantmatching","tech":"CSP","commissioning_year":2011},"geometry":{"type":"Point","coordinates":[-5.856,36.658]}},{"type":"Feature","properties":{"id":"ppm-es-10879","name":"La Florida Csp Solar Farm","capacity_mw":99.9,"fuel_type":"solar","status":"operational","precision":"approximate","source":"powerplantmatching v0.9.0, 2026-10-03 · Global Energy Monitor, WRI GPPD","source_url":"https://github.com/PyPSA/powerplantmatching","tech":"Csp","commissioning_year":2009},"geometry":{"type":"Point","coordinates":[-6.832,38.821]}},{"type":"Feature","properties":{"id":"ppm-es-21788","name":"Palma Del Rio Csp Solar Farm","capacity_mw":99.9,"fuel_type":"solar","status":"operational","precision":"approximate","source":"powerplantmatching v0.9.0, 2026-10-03 · Global Energy Monitor","source_url":"https://github.com/PyPSA/powerplantmatching","tech":"CSP","commissioning_year":2010},"geometry":{"type":"Point","coordinates":[-5.258,37.645]}},{"type":"Feature","properties":{"id":"ppm-es-25818","name":"Villarino Solar Farm","capacity_mw":99.9,"fuel_type":"solar","status":"operational","precision":"approximate","source":"powerplantmatching v0.9.0, 2026-10-03 · Global Energy Monitor","source_url":"https://github.com/PyPSA/powerplantmatching","tech":"PV","commissioning_year":2023},"geometry":{"type":"Point","coordinates":[-6.462,41.273]}},{"type":"Feature","properties":{"id":"ppm-es-10977","name":"Termosol Csp Solar Farm","capacity_mw":99.8,"fuel_type":"solar","status":"operational","precision":"approximate","source":"powerplantmatching v0.9.0, 2026-10-03 · Global Energy Monitor, WRI GPPD","source_url":"https://github.com/PyPSA/powerplantmatching","tech":"Csp","commissioning_year":2011},"geometry":{"type":"Point","coordinates":[-5.592,39.183]}},{"type":"Feature","properties":{"id":"ppm-es-5640","name":"Lodoso Wind Farm","capacity_mw":99.5,"fuel_type":"wind","status":"operational","precision":"approximate","source":"powerplantmatching v0.9.0, 2026-10-03 · Global Energy Monitor, OpenStreetMap","source_url":"https://www.openstreetmap.org/relation/17444036","tech":"Onshore","commissioning_year":2007},"geometry":{"type":"Point","coordinates":[-3.855,42.414]}},{"type":"Feature","properties":{"id":"ppm-es-12387","name":"Alizarsun Solar Farm","capacity_mw":99.0,"fuel_type":"solar","status":"operational","precision":"approximate","source":"powerplantmatching v0.9.0, 2026-10-03 · Global Energy Monitor","source_url":"https://github.com/PyPSA/powerplantmatching","tech":"PV","commissioning_year":2021},"geometry":{"type":"Point","coordinates":[-0.447,41.179]}},{"type":"Feature","properties":{"id":"ppm-es-16865","name":"Fonteavia Wind Farm","capacity_mw":98.0,"fuel_type":"wind","status":"operational","precision":"approximate","source":"powerplantmatching v0.9.0, 2026-10-03 · Global Energy Monitor","source_url":"https://github.com/PyPSA/powerplantmatching","tech":"Onshore","commissioning_year":2003},"geometry":{"type":"Point","coordinates":[-8.369,42.216]}},{"type":"Feature","properties":{"id":"ppm-es-1549","name":"Tambre","capacity_mw":97.0,"fuel_type":"hydro","status":"operational","precision":"approximate","source":"powerplantmatching v0.9.0, 2026-10-03 · Global Energy Monitor, Global Hydropower Resources, Open Power System Data, WRI GPPD","source_url":"https://github.com/PyPSA/powerplantmatching","tech":"Reservoir","commissioning_year":1927},"geometry":{"type":"Point","coordinates":[-8.85,42.837]}},{"type":"Feature","properties":{"id":"ppm-es-2084","name":"Radona Wind Farm","capacity_mw":96.0,"fuel_type":"wind","status":"operational","precision":"approximate","source":"powerplantmatching v0.9.0, 2026-10-03 · Global Energy Monitor, ENTSO-E, WRI GPPD, OpenStreetMap","source_url":"https://www.openstreetmap.org/relation/13068052","tech":"Onshore","commissioning_year":2009},"geometry":{"type":"Point","coordinates":[-2.456,41.287]}},{"type":"Feature","properties":{"id":"ppm-es-5660","name":"Paramo De Poza Wind Farm","capacity_mw":96.0,"fuel_type":"wind","status":"operational","precision":"approximate","source":"powerplantmatching v0.9.0, 2026-10-03 · Global Energy Monitor, OpenStreetMap","source_url":"https://www.openstreetmap.org/relation/12353387","tech":"Onshore","commissioning_year":2002},"geometry":{"type":"Point","coordinates":[-3.57,42.67]}},{"type":"Feature","properties":{"id":"ppm-es-26433","name":"Zaratan Energy Solar Farm","capacity_mw":96.0,"fuel_type":"solar","status":"operational","precision":"approximate","source":"powerplantmatching v0.9.0, 2026-10-03 · Global Energy Monitor","source_url":"https://github.com/PyPSA/powerplantmatching","tech":"PV"},"geometry":{"type":"Point","coordinates":[-4.922,41.889]}},{"type":"Feature","properties":{"id":"ppm-es-13344","name":"Belvis Solar Farm","capacity_mw":95.5,"fuel_type":"solar","status":"operational","precision":"approximate","source":"powerplantmatching v0.9.0, 2026-10-03 · Global Energy Monitor","source_url":"https://github.com/PyPSA/powerplantmatching","tech":"PV","commissioning_year":2025},"geometry":{"type":"Point","coordinates":[-5.675,39.798]}},{"type":"Feature","properties":{"id":"ppm-es-14303","name":"Cartagena Refinery","capacity_mw":95.0,"fuel_type":"gas","status":"operational","precision":"approximate","source":"powerplantmatching v0.9.0, 2026-10-03 · Global Energy Monitor","source_url":"https://github.com/PyPSA/powerplantmatching","tech":"CCGT","commissioning_year":2002},"geometry":{"type":"Point","coordinates":[-1.1,37.704]}},{"type":"Feature","properties":{"id":"ppm-es-2595","name":"Fuendetodos Wind Farm","capacity_mw":94.0,"fuel_type":"wind","status":"operational","precision":"approximate","source":"powerplantmatching v0.9.0, 2026-10-03 · Global Energy Monitor, WRI GPPD, OpenStreetMap","source_url":"https://www.openstreetmap.org/relation/12924164","tech":"Onshore","commissioning_year":2003},"geometry":{"type":"Point","coordinates":[-0.952,41.362]}},{"type":"Feature","properties":{"id":"ppm-es-2686","name":"Tardienta Wind Farm","capacity_mw":94.0,"fuel_type":"wind","status":"operational","precision":"approximate","source":"powerplantmatching v0.9.0, 2026-10-03 · Global Energy Monitor, WRI GPPD, OpenStreetMap","source_url":"https://www.openstreetmap.org/relation/6329235","tech":"Onshore","commissioning_year":2001},"geometry":{"type":"Point","coordinates":[-0.572,41.918]}},{"type":"Feature","properties":{"id":"ppm-es-22298","name":"Pinatar Solar Farm","capacity_mw":93.2,"fuel_type":"solar","status":"operational","precision":"approximate","source":"powerplantmatching v0.9.0, 2026-10-03 · Global Energy Monitor","source_url":"https://github.com/PyPSA/powerplantmatching","tech":"PV"},"geometry":{"type":"Point","coordinates":[-0.879,37.888]}},{"type":"Feature","properties":{"id":"ppm-es-15555","name":"Csf Continua Anguita Solar Farm","capacity_mw":93.0,"fuel_type":"solar","status":"operational","precision":"approximate","source":"powerplantmatching v0.9.0, 2026-10-03 · Global Energy Monitor","source_url":"https://github.com/PyPSA/powerplantmatching","tech":"PV","commissioning_year":2021},"geometry":{"type":"Point","coordinates":[-2.37,41.027]}},{"type":"Feature","properties":{"id":"ppm-es-2648","name":"Los Lances Wind Farm","capacity_mw":92.0,"fuel_type":"wind","status":"operational","precision":"approximate","source":"powerplantmatching v0.9.0, 2026-10-03 · Global Energy Monitor, WRI GPPD, OpenStreetMap","source_url":"https://www.openstreetmap.org/relation/13943137","units":3,"tech":"Onshore · 3 units","commissioning_year":1999},"geometry":{"type":"Point","coordinates":[-5.607,36.014]}},{"type":"Feature","properties":{"id":"ppm-es-5438","name":"Capiruza Wind Farm","capacity_mw":92.0,"fuel_type":"wind","status":"operational","precision":"approximate","source":"powerplantmatching v0.9.0, 2026-10-03 · Global Energy Monitor, OpenStreetMap","source_url":"https://www.openstreetmap.org/relation/17228462","tech":"Onshore","commissioning_year":2003},"geometry":{"type":"Point","coordinates":[-1.992,38.785]}},{"type":"Feature","properties":{"id":"ppm-es-19287","name":"La Torre Solar Farm","capacity_mw":91.9,"fuel_type":"solar","status":"operational","precision":"approximate","source":"powerplantmatching v0.9.0, 2026-10-03 · Global Energy Monitor","source_url":"https://github.com/PyPSA/powerplantmatching","tech":"PV","commissioning_year":2022},"geometry":{"type":"Point","coordinates":[-3.793,37.79]}},{"type":"Feature","properties":{"id":"ppm-es-5616","name":"Merengue Wind Farm","capacity_mw":90.0,"fuel_type":"wind","status":"operational","precision":"approximate","source":"powerplantmatching v0.9.0, 2026-10-03 · Global Energy Monitor, OpenStreetMap","source_url":"https://www.openstreetmap.org/relation/17458295","tech":"Onshore","commissioning_year":2019},"geometry":{"type":"Point","coordinates":[-6.173,39.983]}},{"type":"Feature","properties":{"id":"ppm-es-12358","name":"Alcores Solar Farm","capacity_mw":90.0,"fuel_type":"solar","status":"operational","precision":"approximate","source":"powerplantmatching v0.9.0, 2026-10-03 · Global Energy Monitor","source_url":"https://github.com/PyPSA/powerplantmatching","tech":"PV","commissioning_year":2019},"geometry":{"type":"Point","coordinates":[-5.793,37.43]}},{"type":"Feature","properties":{"id":"ppm-es-13346","name":"Benalaz Wind Farm","capacity_mw":90.0,"fuel_type":"wind","status":"operational","precision":"approximate","source":"powerplantmatching v0.9.0, 2026-10-03 · Global Energy Monitor","source_url":"https://github.com/PyPSA/powerplantmatching","tech":"Onshore","commissioning_year":2011},"geometry":{"type":"Point","coordinates":[-0.689,38.98]}},{"type":"Feature","properties":{"id":"ppm-es-16511","name":"Esparragal Solar Farm","capacity_mw":89.9,"fuel_type":"solar","status":"operational","precision":"approximate","source":"powerplantmatching v0.9.0, 2026-10-03 · Global Energy Monitor","source_url":"https://github.com/PyPSA/powerplantmatching","tech":"PV","commissioning_year":2022},"geometry":{"type":"Point","coordinates":[-6.075,37.546]}},{"type":"Feature","properties":{"id":"ppm-es-19240","name":"La Flota Solar Farm","capacity_mw":89.4,"fuel_type":"solar","status":"operational","precision":"approximate","source":"powerplantmatching v0.9.0, 2026-10-03 · Global Energy Monitor","source_url":"https://github.com/PyPSA/powerplantmatching","tech":"PV"},"geometry":{"type":"Point","coordinates":[-1.131,38.169]}},{"type":"Feature","properties":{"id":"ppm-es-161","name":"Ip","capacity_mw":89.0,"fuel_type":"hydro","status":"operational","precision":"approximate","source":"powerplantmatching v0.9.0, 2026-10-03 · Global Energy Monitor, EESI, JRC (European Commission), Global Hydropower Resources, Open Power System Data, WRI GPPD, OpenStreetMap","source_url":"https://www.openstreetmap.org/way/303014973","tech":"Pumped Storage","commissioning_year":1969},"geometry":{"type":"Point","coordinates":[-0.517,42.743]}},{"type":"Feature","properties":{"id":"ppm-es-997","name":"Susqueda","capacity_mw":89.0,"fuel_type":"hydro","status":"operational","precision":"approximate","source":"powerplantmatching v0.9.0, 2026-10-03 · Global Energy Monitor, JRC (European Commission), Global Hydropower Resources, Open Power System Data, WRI GPPD","source_url":"https://github.com/PyPSA/powerplantmatching","tech":"Reservoir","commissioning_year":1967},"geometry":{"type":"Point","coordinates":[2.527,41.979]}},{"type":"Feature","properties":{"id":"ppm-es-508","name":"Eriste","capacity_mw":88.0,"fuel_type":"hydro","status":"operational","precision":"approximate","source":"powerplantmatching v0.9.0, 2026-10-03 · Global Energy Monitor, JRC (European Commission), Global Hydropower Resources, Open Power System Data, WRI GPPD, OpenStreetMap","source_url":"https://www.openstreetmap.org/way/228452430","tech":"Reservoir","commissioning_year":1969},"geometry":{"type":"Point","coordinates":[0.492,42.589]}},{"type":"Feature","properties":{"id":"ppm-es-555","name":"Montamara","capacity_mw":88.0,"fuel_type":"hydro","status":"operational","precision":"approximate","source":"powerplantmatching v0.9.0, 2026-10-03 · Global Energy Monitor, EESI, JRC (European Commission), Global Hydropower Resources, Open Power System Data, WRI GPPD","source_url":"https://github.com/PyPSA/powerplantmatching","tech":"Pumped Storage","commissioning_year":1970},"geometry":{"type":"Point","coordinates":[1.254,42.653]}},{"type":"Feature","properties":{"id":"ppm-es-5409","name":"Amazon San Isidro Wind Farm","capacity_mw":88.0,"fuel_type":"wind","status":"operational","precision":"approximate","source":"powerplantmatching v0.9.0, 2026-10-03 · Global Energy Monitor, OpenStreetMap","source_url":"https://www.openstreetmap.org/relation/18515058","tech":"Onshore","commissioning_year":2022},"geometry":{"type":"Point","coordinates":[-0.564,42.069]}},{"type":"Feature","properties":{"id":"ppm-es-19866","name":"Lirios Solar Farm","capacity_mw":87.1,"fuel_type":"solar","status":"operational","precision":"approximate","source":"powerplantmatching v0.9.0, 2026-10-03 · Global Energy Monitor","source_url":"https://github.com/PyPSA/powerplantmatching","tech":"PV"},"geometry":{"type":"Point","coordinates":[-6.388,37.367]}},{"type":"Feature","properties":{"id":"ppm-es-2635","name":"Virgen De Los Llanos Wind Farm","capacity_mw":87.0,"fuel_type":"wind","status":"operational","precision":"approximate","source":"powerplantmatching v0.9.0, 2026-10-03 · Global Energy Monitor, WRI GPPD, OpenStreetMap","source_url":"https://www.openstreetmap.org/relation/20319540","tech":"Onshore","commissioning_year":1999},"geometry":{"type":"Point","coordinates":[-1.429,38.978]}},{"type":"Feature","properties":{"id":"ppm-es-11941","name":"Repsol Cartagena Refinery","capacity_mw":87.0,"fuel_type":"gas","status":"operational","precision":"approximate","source":"powerplantmatching v0.9.0, 2026-10-03 · Global Energy Monitor, GEO","source_url":"https://github.com/PyPSA/powerplantmatching","tech":"CCGT","commissioning_year":2006},"geometry":{"type":"Point","coordinates":[-0.929,37.575]}},{"type":"Feature","properties":{"id":"ppm-es-14227","name":"Canaseca Wind Farm","capacity_mw":86.8,"fuel_type":"wind","status":"operational","precision":"approximate","source":"powerplantmatching v0.9.0, 2026-10-03 · Global Energy Monitor","source_url":"https://github.com/PyPSA/powerplantmatching","tech":"Onshore","commissioning_year":2020},"geometry":{"type":"Point","coordinates":[-0.764,41.379]}},{"type":"Feature","properties":{"id":"ppm-es-1550","name":"Velle","capacity_mw":86.0,"fuel_type":"hydro","status":"operational","precision":"approximate","source":"powerplantmatching v0.9.0, 2026-10-03 · Global Energy Monitor, Global Hydropower Resources, Open Power System Data, WRI GPPD","source_url":"https://github.com/PyPSA/powerplantmatching","tech":"Reservoir","commissioning_year":1966},"geometry":{"type":"Point","coordinates":[-7.85,42.358]}},{"type":"Feature","properties":{"id":"ppm-es-2632","name":"Malagon Wind Farm","capacity_mw":86.0,"fuel_type":"wind","status":"operational","precision":"approximate","source":"powerplantmatching v0.9.0, 2026-10-03 · Global Energy Monitor, WRI GPPD, OpenStreetMap","source_url":"https://www.openstreetmap.org/relation/13086971","tech":"Onshore","commissioning_year":2007},"geometry":{"type":"Point","coordinates":[-4.052,39.286]}},{"type":"Feature","properties":{"id":"ppm-es-5723","name":"Acampo Sancho Wind Farm","capacity_mw":86.0,"fuel_type":"wind","status":"operational","precision":"approximate","source":"powerplantmatching v0.9.0, 2026-10-03 · Global Energy Monitor, OpenStreetMap","source_url":"https://www.openstreetmap.org/relation/18516246","units":2,"tech":"Onshore · 2 units","commissioning_year":2023},"geometry":{"type":"Point","coordinates":[-0.742,41.572]}},{"type":"Feature","properties":{"id":"ppm-es-19291","name":"La Vega Solar Farm","capacity_mw":86.0,"fuel_type":"solar","status":"operational","precision":"approximate","source":"powerplantmatching v0.9.0, 2026-10-03 · Global Energy Monitor","source_url":"https://github.com/PyPSA/powerplantmatching","tech":"PV","commissioning_year":2020},"geometry":{"type":"Point","coordinates":[-4.913,36.99]}},{"type":"Feature","properties":{"id":"ppm-es-12399","name":"Almaraz Solar Farm","capacity_mw":85.2,"fuel_type":"solar","status":"operational","precision":"approximate","source":"powerplantmatching v0.9.0, 2026-10-03 · Global Energy Monitor","source_url":"https://github.com/PyPSA/powerplantmatching","tech":"PV","commissioning_year":2022},"geometry":{"type":"Point","coordinates":[-5.7,39.787]}},{"type":"Feature","properties":{"id":"ppm-es-986","name":"Remolina","capacity_mw":85.0,"fuel_type":"hydro","status":"operational","precision":"approximate","source":"powerplantmatching v0.9.0, 2026-10-03 · Global Energy Monitor, JRC (European Commission), Global Hydropower Resources, Open Power System Data, WRI GPPD","source_url":"https://github.com/PyPSA/powerplantmatching","tech":"Reservoir","commissioning_year":1970},"geometry":{"type":"Point","coordinates":[-5.087,42.932]}},{"type":"Feature","properties":{"id":"ppm-es-5414","name":"Arriello Wind Farm","capacity_mw":85.0,"fuel_type":"wind","status":"operational","precision":"approximate","source":"powerplantmatching v0.9.0, 2026-10-03 · Global Energy Monitor, OpenStreetMap","source_url":"https://www.openstreetmap.org/relation/12979612","tech":"Onshore","commissioning_year":2006},"geometry":{"type":"Point","coordinates":[-0.213,40.467]}},{"type":"Feature","properties":{"id":"ppm-es-5717","name":"Totana Solar Farm","capacity_mw":85.0,"fuel_type":"solar","status":"operational","precision":"approximate","source":"powerplantmatching v0.9.0, 2026-10-03 · Global Energy Monitor, OpenStreetMap","source_url":"https://www.openstreetmap.org/relation/10714283","tech":"PV","commissioning_year":2019},"geometry":{"type":"Point","coordinates":[-1.43,37.759]}},{"type":"Feature","properties":{"id":"ppm-es-24788","name":"Tarragona Refinery","capacity_mw":85.0,"fuel_type":"oil","status":"operational","precision":"approximate","source":"powerplantmatching v0.9.0, 2026-10-03 · Global Energy Monitor","source_url":"https://github.com/PyPSA/powerplantmatching","tech":"Steam Turbine","commissioning_year":2000},"geometry":{"type":"Point","coordinates":[1.224,41.176]}},{"type":"Feature","properties":{"id":"ppm-es-1079","name":"Barazar","capacity_mw":84.0,"fuel_type":"hydro","status":"operational","precision":"approximate","source":"powerplantmatching v0.9.0, 2026-10-03 · Global Energy Monitor, JRC (European Commission), Global Hydropower Resources, Open Power System Data, WRI GPPD","source_url":"https://github.com/PyPSA/powerplantmatching","tech":"Reservoir","commissioning_year":1957},"geometry":{"type":"Point","coordinates":[-2.734,43.08]}},{"type":"Feature","properties":{"id":"ppm-es-5597","name":"Las Panaderas Wind Farm","capacity_mw":84.0,"fuel_type":"wind","status":"operational","precision":"approximate","source":"powerplantmatching v0.9.0, 2026-10-03 · Global Energy Monitor, OpenStreetMap","source_url":"https://www.openstreetmap.org/relation/15844924","tech":"Onshore","commissioning_year":2007},"geometry":{"type":"Point","coordinates":[-5.04,41.772]}},{"type":"Feature","properties":{"id":"ppm-es-18285","name":"Jumilla Solar Farm","capacity_mw":84.0,"fuel_type":"solar","status":"operational","precision":"approximate","source":"powerplantmatching v0.9.0, 2026-10-03 · Global Energy Monitor","source_url":"https://github.com/PyPSA/powerplantmatching","tech":"PV"},"geometry":{"type":"Point","coordinates":[-1.129,37.983]}},{"type":"Feature","properties":{"id":"ppm-es-20014","name":"Los Pedreros Wind Farm","capacity_mw":84.0,"fuel_type":"wind","status":"operational","precision":"approximate","source":"powerplantmatching v0.9.0, 2026-10-03 · Global Energy Monitor","source_url":"https://github.com/PyPSA/powerplantmatching","tech":"Onshore","commissioning_year":2005},"geometry":{"type":"Point","coordinates":[-1.398,38.694]}},{"type":"Feature","properties":{"id":"ppm-es-5491","name":"El Portillo Wind Farm","capacity_mw":83.0,"fuel_type":"wind","status":"operational","precision":"approximate","source":"powerplantmatching v0.9.0, 2026-10-03 · Global Energy Monitor, OpenStreetMap","source_url":"https://www.openstreetmap.org/relation/12991779","tech":"Onshore"},"geometry":{"type":"Point","coordinates":[-1.068,41.555]}},{"type":"Feature","properties":{"id":"ppm-es-5699","name":"Refineria La Rabida","capacity_mw":83.0,"fuel_type":"gas","status":"operational","precision":"approximate","source":"powerplantmatching v0.9.0, 2026-10-03 · Global Energy Monitor, OpenStreetMap","source_url":"https://www.openstreetmap.org/way/977379401","tech":"CCGT","commissioning_year":2010},"geometry":{"type":"Point","coordinates":[-6.901,37.186]}},{"type":"Feature","properties":{"id":"ppm-es-19563","name":"Las Llanas De Codes Wind Farm","capacity_mw":83.0,"fuel_type":"wind","status":"operational","precision":"approximate","source":"powerplantmatching v0.9.0, 2026-10-03 · Global Energy Monitor","source_url":"https://github.com/PyPSA/powerplantmatching","tech":"Onshore","commissioning_year":2005},"geometry":{"type":"Point","coordinates":[-2.34,42.59]}},{"type":"Feature","properties":{"id":"ppm-es-12470","name":"Amazon Armada Solar Farm","capacity_mw":82.5,"fuel_type":"solar","status":"operational","precision":"approximate","source":"powerplantmatching v0.9.0, 2026-10-03 · Global Energy Monitor","source_url":"https://github.com/PyPSA/powerplantmatching","tech":"PV","commissioning_year":2021},"geometry":{"type":"Point","coordinates":[-3.191,40.339]}},{"type":"Feature","properties":{"id":"ppm-es-123","name":"Silvon","capacity_mw":82.0,"fuel_type":"hydro","status":"operational","precision":"approximate","source":"powerplantmatching v0.9.0, 2026-10-03 · Global Energy Monitor, JRC (European Commission), Global Hydropower Resources, Open Power System Data, WRI GPPD, OpenStreetMap, GEO","source_url":"https://www.openstreetmap.org/way/712507670","tech":"Reservoir","commissioning_year":1954},"geometry":{"type":"Point","coordinates":[-6.825,43.387]}},{"type":"Feature","properties":{"id":"ppm-es-530","name":"Lafortunada Cinca","capacity_mw":82.0,"fuel_type":"hydro","status":"operational","precision":"approximate","source":"powerplantmatching v0.9.0, 2026-10-03 · Global Energy Monitor, JRC (European Commission), Global Hydropower Resources, Open Power System Data, WRI GPPD, OpenStreetMap","source_url":"https://www.openstreetmap.org/way/190289524","tech":"Reservoir","commissioning_year":1923},"geometry":{"type":"Point","coordinates":[0.198,42.543]}},{"type":"Feature","properties":{"id":"ppm-es-16358","name":"El Gramal Wind Farm","capacity_mw":82.0,"fuel_type":"wind","status":"operational","precision":"approximate","source":"powerplantmatching v0.9.0, 2026-10-03 · Global Energy Monitor","source_url":"https://github.com/PyPSA/powerplantmatching","tech":"Onshore","commissioning_year":2005},"geometry":{"type":"Point","coordinates":[-1.83,39.06]}},{"type":"Feature","properties":{"id":"ppm-es-993","name":"Las Ondinas Gr","capacity_mw":81.0,"fuel_type":"hydro","status":"operational","precision":"approximate","source":"powerplantmatching v0.9.0, 2026-10-03 · Global Energy Monitor, JRC (European Commission), Global Hydropower Resources, Open Power System Data, WRI GPPD","source_url":"https://github.com/PyPSA/powerplantmatching","tech":"Reservoir","commissioning_year":1966},"geometry":{"type":"Point","coordinates":[-6.47,42.843]}},{"type":"Feature","properties":{"id":"ppm-es-1047","name":"Castrejon","capacity_mw":81.0,"fuel_type":"hydro","status":"operational","precision":"approximate","source":"powerplantmatching v0.9.0, 2026-10-03 · Global Energy Monitor, JRC (European Commission), Global Hydropower Resources, Open Power System Data, WRI GPPD","source_url":"https://github.com/PyPSA/powerplantmatching","tech":"Reservoir","commissioning_year":1952},"geometry":{"type":"Point","coordinates":[-4.474,39.852]}},{"type":"Feature","properties":{"id":"ppm-es-2621","name":"Leboreiro Wind Farm","capacity_mw":81.0,"fuel_type":"wind","status":"operational","precision":"approximate","source":"powerplantmatching v0.9.0, 2026-10-03 · Global Energy Monitor, WRI GPPD, OpenStreetMap","source_url":"https://www.openstreetmap.org/relation/17091542","tech":"Onshore","commissioning_year":2000},"geometry":{"type":"Point","coordinates":[-7.722,43.468]}},{"type":"Feature","properties":{"id":"ppm-es-5543","name":"Farlan Wind Farm","capacity_mw":81.0,"fuel_type":"wind","status":"operational","precision":"approximate","source":"powerplantmatching v0.9.0, 2026-10-03 · Global Energy Monitor, OpenStreetMap","source_url":"https://www.openstreetmap.org/relation/12850707","tech":"Onshore","commissioning_year":2019},"geometry":{"type":"Point","coordinates":[-0.738,41.073]}},{"type":"Feature","properties":{"id":"ppm-es-20800","name":"Montanes Wind Farm","capacity_mw":80.9,"fuel_type":"wind","status":"operational","precision":"approximate","source":"powerplantmatching v0.9.0, 2026-10-03 · Global Energy Monitor, OpenStreetMap","source_url":"https://www.openstreetmap.org/relation/18515312","units":3,"tech":"Onshore · 3 units","commissioning_year":2024},"geometry":{"type":"Point","coordinates":[-0.784,41.652]}},{"type":"Feature","properties":{"id":"ppm-es-5518","name":"El Bonal Solar Farm","capacity_mw":80.0,"fuel_type":"solar","status":"operational","precision":"approximate","source":"powerplantmatching v0.9.0, 2026-10-03 · Global Energy Monitor, OpenStreetMap","source_url":"https://www.openstreetmap.org/way/1119193105","tech":"PV","commissioning_year":2020},"geometry":{"type":"Point","coordinates":[-3.958,38.642]}},{"type":"Feature","properties":{"id":"ppm-es-15170","name":"Chorreaderos Wind Farm","capacity_mw":80.0,"fuel_type":"wind","status":"operational","precision":"approximate","source":"powerplantmatching v0.9.0, 2026-10-03 · Global Energy Monitor","source_url":"https://github.com/PyPSA/powerplantmatching","tech":"Onshore","commissioning_year":2008},"geometry":{"type":"Point","coordinates":[-6.132,36.686]}},{"type":"Feature","properties":{"id":"ppm-es-19232","name":"La Coruna Refinery","capacity_mw":80.0,"fuel_type":"oil","status":"operational","precision":"approximate","source":"powerplantmatching v0.9.0, 2026-10-03 · Global Energy Monitor","source_url":"https://github.com/PyPSA/powerplantmatching","tech":"CCGT","commissioning_year":2001},"geometry":{"type":"Point","coordinates":[-8.447,43.354]}},{"type":"Feature","properties":{"id":"ppm-es-23126","name":"Rocha Wind Farm","capacity_mw":80.0,"fuel_type":"wind","status":"operational","precision":"approximate","source":"powerplantmatching v0.9.0, 2026-10-03 · Global Energy Monitor","source_url":"https://github.com/PyPSA/powerplantmatching","tech":"Onshore"},"geometry":{"type":"Point","coordinates":[-1.045,41.081]}},{"type":"Feature","properties":{"id":"ppm-es-23587","name":"Santiz Solar Farm","capacity_mw":80.0,"fuel_type":"solar","status":"operational","precision":"approximate","source":"powerplantmatching v0.9.0, 2026-10-03 · Global Energy Monitor","source_url":"https://github.com/PyPSA/powerplantmatching","tech":"PV","commissioning_year":2019},"geometry":{"type":"Point","coordinates":[-5.843,41.21]}},{"type":"Feature","properties":{"id":"ppm-es-25099","name":"Tordesillas Solaria Solar Farm","capacity_mw":80.0,"fuel_type":"solar","status":"operational","precision":"approximate","source":"powerplantmatching v0.9.0, 2026-10-03 · Global Energy Monitor","source_url":"https://github.com/PyPSA/powerplantmatching","tech":"PV","commissioning_year":2019},"geometry":{"type":"Point","coordinates":[-5.014,41.472]}},{"type":"Feature","properties":{"id":"ppm-es-19215","name":"La Aljorra Solar Farm","capacity_mw":79.9,"fuel_type":"solar","status":"operational","precision":"approximate","source":"powerplantmatching v0.9.0, 2026-10-03 · Global Energy Monitor","source_url":"https://github.com/PyPSA/powerplantmatching","tech":"PV","commissioning_year":2019},"geometry":{"type":"Point","coordinates":[-1.172,37.721]}},{"type":"Feature","properties":{"id":"ppm-es-17888","name":"Huelva Solar Farm","capacity_mw":78.5,"fuel_type":"solar","status":"operational","precision":"approximate","source":"powerplantmatching v0.9.0, 2026-10-03 · Global Energy Monitor","source_url":"https://github.com/PyPSA/powerplantmatching","tech":"PV","commissioning_year":2021},"geometry":{"type":"Point","coordinates":[-6.924,37.338]}},{"type":"Feature","properties":{"id":"ppm-es-2615","name":"La Tahuna Wind Farm","capacity_mw":78.0,"fuel_type":"wind","status":"operational","precision":"approximate","source":"powerplantmatching v0.9.0, 2026-10-03 · Global Energy Monitor, WRI GPPD, OpenStreetMap","source_url":"https://www.openstreetmap.org/relation/20244658","tech":"Onshore","commissioning_year":2007},"geometry":{"type":"Point","coordinates":[-5.601,36.014]}},{"type":"Feature","properties":{"id":"ppm-es-2634","name":"Maranchon Wind Farm","capacity_mw":78.0,"fuel_type":"wind","status":"operational","precision":"approximate","source":"powerplantmatching v0.9.0, 2026-10-03 · Global Energy Monitor, WRI GPPD, OpenStreetMap","source_url":"https://www.openstreetmap.org/relation/13062283","tech":"Onshore","commissioning_year":2005},"geometry":{"type":"Point","coordinates":[-2.2,41.042]}},{"type":"Feature","properties":{"id":"ppm-es-5423","name":"Alto De La Degollada Wind Farm","capacity_mw":78.0,"fuel_type":"wind","status":"operational","precision":"approximate","source":"powerplantmatching v0.9.0, 2026-10-03 · Global Energy Monitor, OpenStreetMap","source_url":"https://www.openstreetmap.org/relation/13995596","tech":"Onshore","commissioning_year":2008},"geometry":{"type":"Point","coordinates":[-4.14,42.288]}},{"type":"Feature","properties":{"id":"ppm-es-5506","name":"El Carrascal Wind Farm","capacity_mw":78.0,"fuel_type":"wind","status":"operational","precision":"approximate","source":"powerplantmatching v0.9.0, 2026-10-03 · Global Energy Monitor, OpenStreetMap","source_url":"https://www.openstreetmap.org/relation/13929873","tech":"Onshore"},"geometry":{"type":"Point","coordinates":[-2.47,37.34]}},{"type":"Feature","properties":{"id":"ppm-es-5510","name":"El Cuadron Wind Farm","capacity_mw":78.0,"fuel_type":"wind","status":"operational","precision":"approximate","source":"powerplantmatching v0.9.0, 2026-10-03 · Global Energy Monitor, OpenStreetMap","source_url":"https://www.openstreetmap.org/relation/15834268","tech":"Onshore","commissioning_year":2007},"geometry":{"type":"Point","coordinates":[-4.26,41.96]}},{"type":"Feature","properties":{"id":"ppm-es-22088","name":"Pestriz Wind Farm","capacity_mw":78.0,"fuel_type":"wind","status":"operational","precision":"approximate","source":"powerplantmatching v0.9.0, 2026-10-03 · Global Energy Monitor","source_url":"https://github.com/PyPSA/powerplantmatching","tech":"Onshore","commissioning_year":2019},"geometry":{"type":"Point","coordinates":[-1.775,42.101]}},{"type":"Feature","properties":{"id":"ppm-es-991","name":"Iznajar","capacity_mw":77.0,"fuel_type":"hydro","status":"operational","precision":"approximate","source":"powerplantmatching v0.9.0, 2026-10-03 · Global Energy Monitor, JRC (European Commission), Global Hydropower Resources, Open Power System Data, WRI GPPD","source_url":"https://github.com/PyPSA/powerplantmatching","tech":"Reservoir","commissioning_year":1969},"geometry":{"type":"Point","coordinates":[-4.387,37.275]}},{"type":"Feature","properties":{"id":"ppm-es-16417","name":"Ence Navia","capacity_mw":77.0,"fuel_type":"biomass","status":"operational","precision":"approximate","source":"powerplantmatching v0.9.0, 2026-10-03 · Global Energy Monitor","source_url":"https://github.com/PyPSA/powerplantmatching","commissioning_year":2009},"geometry":{"type":"Point","coordinates":[-6.725,43.527]}},{"type":"Feature","properties":{"id":"ppm-es-16945","name":"Fuenlabrada Mill","capacity_mw":77.0,"fuel_type":"gas","status":"operational","precision":"approximate","source":"powerplantmatching v0.9.0, 2026-10-03 · Global Energy Monitor","source_url":"https://github.com/PyPSA/powerplantmatching","tech":"CCGT","commissioning_year":2001},"geometry":{"type":"Point","coordinates":[-3.769,40.27]}},{"type":"Feature","properties":{"id":"ppm-es-1045","name":"Portodemouros","capacity_mw":76.0,"fuel_type":"hydro","status":"operational","precision":"approximate","source":"powerplantmatching v0.9.0, 2026-10-03 · Global Energy Monitor, JRC (European Commission), Global Hydropower Resources, Open Power System Data, WRI GPPD","source_url":"https://github.com/PyPSA/powerplantmatching","tech":"Reservoir","commissioning_year":1968},"geometry":{"type":"Point","coordinates":[-8.191,42.855]}},{"type":"Feature","properties":{"id":"ppm-es-10932","name":"Serra De Rubio Wind Farm","capacity_mw":76.0,"fuel_type":"wind","status":"operational","precision":"approximate","source":"powerplantmatching v0.9.0, 2026-10-03 · Global Energy Monitor, WRI GPPD","source_url":"https://github.com/PyPSA/powerplantmatching","tech":"Onshore","commissioning_year":2005},"geometry":{"type":"Point","coordinates":[1.619,41.661]}},{"type":"Feature","properties":{"id":"ppm-es-16972","name":"Gajano","capacity_mw":76.0,"fuel_type":"oil","status":"operational","precision":"approximate","source":"powerplantmatching v0.9.0, 2026-10-03 · Global Energy Monitor","source_url":"https://github.com/PyPSA/powerplantmatching","tech":"CCGT","commissioning_year":2001},"geometry":{"type":"Point","coordinates":[-3.751,43.422]}},{"type":"Feature","properties":{"id":"ppm-es-5617","name":"Mirabel Wind Farm","capacity_mw":75.5,"fuel_type":"wind","status":"operational","precision":"approximate","source":"powerplantmatching v0.9.0, 2026-10-03 · Global Energy Monitor, OpenStreetMap","source_url":"https://www.openstreetmap.org/relation/20226672","tech":"Onshore","commissioning_year":2020},"geometry":{"type":"Point","coordinates":[-5.026,41.835]}},{"type":"Feature","properties":{"id":"ppm-es-1380","name":"Contreras","capacity_mw":75.0,"fuel_type":"hydro","status":"operational","precision":"approximate","source":"powerplantmatching v0.9.0, 2026-10-03 · JRC (European Commission), Global Hydropower Resources, Open Power System Data, WRI GPPD","source_url":"https://github.com/PyPSA/powerplantmatching","tech":"Reservoir","commissioning_year":1970},"geometry":{"type":"Point","coordinates":[-1.503,39.545]}},{"type":"Feature","properties":{"id":"ppm-es-5433","name":"Campoliva Wind Farm","capacity_mw":75.0,"fuel_type":"wind","status":"operational","precision":"approximate","source":"powerplantmatching v0.9.0, 2026-10-03 · Global Energy Monitor, OpenStreetMap","source_url":"https://www.openstreetmap.org/relation/12997893","tech":"Onshore","commissioning_year":2019},"geometry":{"type":"Point","coordinates":[-0.679,41.68]}},{"type":"Feature","properties":{"id":"ppm-es-5462","name":"Dona Benita Cuellar Wind Farm","capacity_mw":75.0,"fuel_type":"wind","status":"operational","precision":"approximate","source":"powerplantmatching v0.9.0, 2026-10-03 · Global Energy Monitor, OpenStreetMap","source_url":"https://www.openstreetmap.org/relation/13940075","tech":"Onshore","commissioning_year":2008},"geometry":{"type":"Point","coordinates":[-5.989,36.586]}},{"type":"Feature","properties":{"id":"ppm-es-12359","name":"Alcudia","capacity_mw":75.0,"fuel_type":"oil","status":"operational","precision":"approximate","source":"powerplantmatching v0.9.0, 2026-10-03 · Global Energy Monitor","source_url":"https://github.com/PyPSA/powerplantmatching","tech":"Steam Turbine","commissioning_year":1989},"geometry":{"type":"Point","coordinates":[3.091,39.811]}},{"type":"Feature","properties":{"id":"ppm-es-12715","name":"Apicio Solar Farm","capacity_mw":75.0,"fuel_type":"solar","status":"operational","precision":"approximate","source":"powerplantmatching v0.9.0, 2026-10-03 · Global Energy Monitor","source_url":"https://github.com/PyPSA/powerplantmatching","tech":"PV","commissioning_year":2021},"geometry":{"type":"Point","coordinates":[-6.657,38.167]}},{"type":"Feature","properties":{"id":"ppm-es-15527","name":"Cruz Solar Farm","capacity_mw":75.0,"fuel_type":"solar","status":"operational","precision":"approximate","source":"powerplantmatching v0.9.0, 2026-10-03 · Global Energy Monitor","source_url":"https://github.com/PyPSA/powerplantmatching","tech":"PV"},"geometry":{"type":"Point","coordinates":[-3.769,40.233]}},{"type":"Feature","properties":{"id":"ppm-es-24859","name":"Tena Solar Farm","capacity_mw":75.0,"fuel_type":"solar","status":"operational","precision":"approximate","source":"powerplantmatching v0.9.0, 2026-10-03 · Global Energy Monitor","source_url":"https://github.com/PyPSA/powerplantmatching","tech":"PV"},"geometry":{"type":"Point","coordinates":[-5.817,37.354]}},{"type":"Feature","properties":{"id":"ppm-es-20634","name":"Minon Wind Farm","capacity_mw":74.0,"fuel_type":"wind","status":"operational","precision":"approximate","source":"powerplantmatching v0.9.0, 2026-10-03 · Global Energy Monitor","source_url":"https://github.com/PyPSA/powerplantmatching","tech":"Onshore","commissioning_year":2001},"geometry":{"type":"Point","coordinates":[-9.079,43.114]}},{"type":"Feature","properties":{"id":"ppm-es-9772","name":"Plana De Jarreta","capacity_mw":73.5,"fuel_type":"wind","status":"operational","precision":"approximate","source":"powerplantmatching v0.9.0, 2026-10-03 · WRI GPPD, OpenStreetMap","source_url":"https://www.openstreetmap.org/relation/12990260","tech":"Onshore","commissioning_year":2002},"geometry":{"type":"Point","coordinates":[-1.117,41.58]}},{"type":"Feature","properties":{"id":"ppm-es-2544","name":"La Magascona Solar Farm","capacity_mw":73.0,"fuel_type":"solar","status":"operational","precision":"approximate","source":"powerplantmatching v0.9.0, 2026-10-03 · Global Energy Monitor, WRI GPPD, OpenStreetMap","source_url":"https://www.openstreetmap.org/way/989330969","tech":"PV","commissioning_year":2007},"geometry":{"type":"Point","coordinates":[-5.93,39.432]}},{"type":"Feature","properties":{"id":"ppm-es-2657","name":"Ponte Rebordelo Wind Farm","capacity_mw":73.0,"fuel_type":"wind","status":"operational","precision":"approximate","source":"powerplantmatching v0.9.0, 2026-10-03 · Global Energy Monitor, WRI GPPD, OpenStreetMap","source_url":"https://www.openstreetmap.org/relation/15826914","tech":"Onshore","commissioning_year":2006},"geometry":{"type":"Point","coordinates":[-9.117,43.009]}},{"type":"Feature","properties":{"id":"ppm-es-20750","name":"Monciro Wind Farm","capacity_mw":73.0,"fuel_type":"wind","status":"operational","precision":"approximate","source":"powerplantmatching v0.9.0, 2026-10-03 · Global Energy Monitor","source_url":"https://github.com/PyPSA/powerplantmatching","tech":"Onshore","commissioning_year":2004},"geometry":{"type":"Point","coordinates":[-7.29,43.08]}},{"type":"Feature","properties":{"id":"ppm-es-5653","name":"Pesur Wind Farm","capacity_mw":72.0,"fuel_type":"wind","status":"operational","precision":"approximate","source":"powerplantmatching v0.9.0, 2026-10-03 · Global Energy Monitor, WRI GPPD, OpenStreetMap","source_url":"https://www.openstreetmap.org/relation/13945962","units":2,"tech":"Onshore · 2 units","commissioning_year":2008},"geometry":{"type":"Point","coordinates":[-5.605,36.013]}},{"type":"Feature","properties":{"id":"ppm-es-5492","name":"El Pradillo Wind Farm","capacity_mw":72.0,"fuel_type":"wind","status":"operational","precision":"approximate","source":"powerplantmatching v0.9.0, 2026-10-03 · Global Energy Monitor, OpenStreetMap","source_url":"https://www.openstreetmap.org/relation/12998424","tech":"Onshore","commissioning_year":2020},"geometry":{"type":"Point","coordinates":[-1.49,41.874]}},{"type":"Feature","properties":{"id":"ppm-es-5621","name":"Monforte Wind Farm","capacity_mw":72.0,"fuel_type":"wind","status":"operational","precision":"approximate","source":"powerplantmatching v0.9.0, 2026-10-03 · Global Energy Monitor, OpenStreetMap","source_url":"https://www.openstreetmap.org/relation/12848292","tech":"Onshore"},"geometry":{"type":"Point","coordinates":[-1.013,41.084]}},{"type":"Feature","properties":{"id":"ppm-es-5705","name":"Plana De La Balsa Wind Farm","capacity_mw":72.0,"fuel_type":"wind","status":"operational","precision":"approximate","source":"powerplantmatching v0.9.0, 2026-10-03 · Global Energy Monitor, OpenStreetMap","source_url":"https://www.openstreetmap.org/relation/12931998","tech":"Onshore","commissioning_year":2002},"geometry":{"type":"Point","coordinates":[-0.935,41.505]}},{"type":"Feature","properties":{"id":"ppm-es-14233","name":"Canredondo Solar Farm","capacity_mw":72.0,"fuel_type":"solar","status":"operational","precision":"approximate","source":"powerplantmatching v0.9.0, 2026-10-03 · Global Energy Monitor","source_url":"https://github.com/PyPSA/powerplantmatching","tech":"PV","commissioning_year":2022},"geometry":{"type":"Point","coordinates":[-3.173,40.634]}},{"type":"Feature","properties":{"id":"ppm-es-17889","name":"Huevar Del Aljarafe Solar Farm","capacity_mw":72.0,"fuel_type":"solar","status":"operational","precision":"approximate","source":"powerplantmatching v0.9.0, 2026-10-03 · Global Energy Monitor","source_url":"https://github.com/PyPSA/powerplantmatching","tech":"PV","commissioning_year":2024},"geometry":{"type":"Point","coordinates":[-6.264,37.354]}},{"type":"Feature","properties":{"id":"ppm-es-1517","name":"Prada","capacity_mw":71.0,"fuel_type":"hydro","status":"operational","precision":"approximate","source":"powerplantmatching v0.9.0, 2026-10-03 · Global Energy Monitor, JRC (European Commission), Global Hydropower Resources, Open Power System Data","source_url":"https://github.com/PyPSA/powerplantmatching","tech":"Run-Of-River","commissioning_year":1958},"geometry":{"type":"Point","coordinates":[-7.038,42.33]}},{"type":"Feature","properties":{"id":"ppm-es-20957","name":"Munera Wind Farm","capacity_mw":71.0,"fuel_type":"wind","status":"operational","precision":"approximate","source":"powerplantmatching v0.9.0, 2026-10-03 · Global Energy Monitor","source_url":"https://github.com/PyPSA/powerplantmatching","tech":"Onshore","commissioning_year":2007},"geometry":{"type":"Point","coordinates":[-2.427,39.084]}},{"type":"Feature","properties":{"id":"ppm-es-1557","name":"Millares","capacity_mw":70.0,"fuel_type":"hydro","status":"operational","precision":"approximate","source":"powerplantmatching v0.9.0, 2026-10-03 · Global Energy Monitor, Global Hydropower Resources, Open Power System Data, WRI GPPD","source_url":"https://github.com/PyPSA/powerplantmatching","tech":"Reservoir","commissioning_year":1970},"geometry":{"type":"Point","coordinates":[-0.718,39.223]}},{"type":"Feature","properties":{"id":"ppm-es-5405","name":"Ballestas Wind Farm","capacity_mw":70.0,"fuel_type":"wind","status":"operational","precision":"approximate","source":"powerplantmatching v0.9.0, 2026-10-03 · Global Energy Monitor, OpenStreetMap","source_url":"https://www.openstreetmap.org/relation/13995594","tech":"Onshore","commissioning_year":2019},"geometry":{"type":"Point","coordinates":[-4.158,42.192]}},{"type":"Feature","properties":{"id":"ppm-es-5406","name":"Bandeleras Wind Farm","capacity_mw":70.0,"fuel_type":"wind","status":"operational","precision":"approximate","source":"powerplantmatching v0.9.0, 2026-10-03 · Global Energy Monitor, OpenStreetMap","source_url":"https://www.openstreetmap.org/relation/15833896","tech":"Onshore","commissioning_year":2011},"geometry":{"type":"Point","coordinates":[-5.842,41.152]}},{"type":"Feature","properties":{"id":"ppm-es-5478","name":"Cogollos Wind Farm","capacity_mw":70.0,"fuel_type":"wind","status":"operational","precision":"approximate","source":"powerplantmatching v0.9.0, 2026-10-03 · Global Energy Monitor, OpenStreetMap","source_url":"https://www.openstreetmap.org/relation/13996371","tech":"Onshore","commissioning_year":2011},"geometry":{"type":"Point","coordinates":[-3.7,42.2]}},{"type":"Feature","properties":{"id":"ppm-es-5620","name":"Mondonedo Wind Farm","capacity_mw":70.0,"fuel_type":"wind","status":"operational","precision":"approximate","source":"powerplantmatching v0.9.0, 2026-10-03 · Global Energy Monitor, OpenStreetMap","source_url":"https://www.openstreetmap.org/relation/17414213","tech":"Onshore","commissioning_year":2005},"geometry":{"type":"Point","coordinates":[-7.412,43.446]}},{"type":"Feature","properties":{"id":"ppm-es-16401","name":"Els Barrancs Wind Farm","capacity_mw":70.0,"fuel_type":"wind","status":"operational","precision":"approximate","source":"powerplantmatching v0.9.0, 2026-10-03 · Global Energy Monitor","source_url":"https://github.com/PyPSA/powerplantmatching","tech":"Onshore","commissioning_year":2023},"geometry":{"type":"Point","coordinates":[1.591,41.193]}},{"type":"Feature","properties":{"id":"ppm-es-16946","name":"Fuenteblanca Wind Farm","capacity_mw":70.0,"fuel_type":"wind","status":"operational","precision":"approximate","source":"powerplantmatching v0.9.0, 2026-10-03 · Global Energy Monitor","source_url":"https://github.com/PyPSA/powerplantmatching","tech":"Onshore","commissioning_year":2020},"geometry":{"type":"Point","coordinates":[-3.681,42.345]}},{"type":"Feature","properties":{"id":"ppm-es-22804","name":"Puertollano Repsol","capacity_mw":70.0,"fuel_type":"oil","status":"operational","precision":"approximate","source":"powerplantmatching v0.9.0, 2026-10-03 · Global Energy Monitor","source_url":"https://github.com/PyPSA/powerplantmatching","tech":"CCGT","commissioning_year":2000},"geometry":{"type":"Point","coordinates":[-4.052,38.671]}},{"type":"Feature","properties":{"id":"ppm-es-2554","name":"Cerro Vicente Wind Farm","capacity_mw":69.0,"fuel_type":"wind","status":"operational","precision":"approximate","source":"powerplantmatching v0.9.0, 2026-10-03 · Global Energy Monitor, WRI GPPD, OpenStreetMap","source_url":"https://www.openstreetmap.org/relation/13471878","tech":"Onshore","commissioning_year":2003},"geometry":{"type":"Point","coordinates":[-1.682,38.83]}},{"type":"Feature","properties":{"id":"ppm-es-2689","name":"Tinajeros Wind Farm","capacity_mw":69.0,"fuel_type":"wind","status":"operational","precision":"approximate","source":"powerplantmatching v0.9.0, 2026-10-03 · Global Energy Monitor, WRI GPPD, OpenStreetMap","source_url":"https://www.openstreetmap.org/relation/12998213","tech":"Onshore"},"geometry":{"type":"Point","coordinates":[-1.405,41.845]}},{"type":"Feature","properties":{"id":"ppm-es-1546","name":"Albarellos","capacity_mw":68.0,"fuel_type":"hydro","status":"operational","precision":"approximate","source":"powerplantmatching v0.9.0, 2026-10-03 · Global Energy Monitor, Global Hydropower Resources, Open Power System Data, WRI GPPD","source_url":"https://github.com/PyPSA/powerplantmatching","tech":"Reservoir","commissioning_year":1970},"geometry":{"type":"Point","coordinates":[-8.144,42.433]}},{"type":"Feature","properties":{"id":"ppm-es-1568","name":"Arties","capacity_mw":68.0,"fuel_type":"hydro","status":"operational","precision":"approximate","source":"powerplantmatching v0.9.0, 2026-10-03 · Global Energy Monitor, Global Hydropower Resources, Open Power System Data, WRI GPPD","source_url":"https://github.com/PyPSA/powerplantmatching","tech":"Reservoir","commissioning_year":1955},"geometry":{"type":"Point","coordinates":[0.876,42.7]}},{"type":"Feature","properties":{"id":"ppm-es-5569","name":"Jubera Wind Farm","capacity_mw":68.0,"fuel_type":"wind","status":"operational","precision":"approximate","source":"powerplantmatching v0.9.0, 2026-10-03 · Global Energy Monitor, OpenStreetMap","source_url":"https://www.openstreetmap.org/relation/19604160","tech":"Onshore","commissioning_year":2025},"geometry":{"type":"Point","coordinates":[-2.282,42.364]}},{"type":"Feature","properties":{"id":"ppm-es-5667","name":"Muxia Wind Farm","capacity_mw":68.0,"fuel_type":"wind","status":"operational","precision":"approximate","source":"powerplantmatching v0.9.0, 2026-10-03 · Global Energy Monitor, OpenStreetMap","source_url":"https://www.openstreetmap.org/relation/15876385","tech":"Onshore","commissioning_year":2018},"geometry":{"type":"Point","coordinates":[-9.216,43.08]}},{"type":"Feature","properties":{"id":"ppm-es-425","name":"Mediano","capacity_mw":67.0,"fuel_type":"hydro","status":"operational","precision":"approximate","source":"powerplantmatching v0.9.0, 2026-10-03 · Global Energy Monitor, JRC (European Commission), Global Hydropower Resources, Open Power System Data, WRI GPPD, OpenStreetMap","source_url":"https://www.openstreetmap.org/way/370803225","tech":"Reservoir","commissioning_year":1969},"geometry":{"type":"Point","coordinates":[0.213,42.313]}},{"type":"Feature","properties":{"id":"ppm-es-17039","name":"Gatun Wind Farm","capacity_mw":67.0,"fuel_type":"wind","status":"operational","precision":"approximate","source":"powerplantmatching v0.9.0, 2026-10-03 · Global Energy Monitor","source_url":"https://github.com/PyPSA/powerplantmatching","tech":"Onshore","commissioning_year":2002},"geometry":{"type":"Point","coordinates":[-2.041,42.151]}},{"type":"Feature","properties":{"id":"ppm-es-5469","name":"Cruz Wind Farm","capacity_mw":66.0,"fuel_type":"wind","status":"operational","precision":"approximate","source":"powerplantmatching v0.9.0, 2026-10-03 · Global Energy Monitor, OpenStreetMap","source_url":"https://www.openstreetmap.org/relation/20312293","tech":"Onshore","commissioning_year":2003},"geometry":{"type":"Point","coordinates":[-1.58,39.858]}},{"type":"Feature","properties":{"id":"ppm-es-5766","name":"Villanueva Valenica Wind Farm","capacity_mw":66.0,"fuel_type":"wind","status":"operational","precision":"approximate","source":"powerplantmatching v0.9.0, 2026-10-03 · Global Energy Monitor, OpenStreetMap","source_url":"https://www.openstreetmap.org/relation/20322868","tech":"Onshore","commissioning_year":2009},"geometry":{"type":"Point","coordinates":[-1.143,39.16]}},{"type":"Feature","properties":{"id":"ppm-es-16375","name":"El Viudo Wind Farm","capacity_mw":66.0,"fuel_type":"wind","status":"operational","precision":"approximate","source":"powerplantmatching v0.9.0, 2026-10-03 · Global Energy Monitor","source_url":"https://github.com/PyPSA/powerplantmatching","tech":"Onshore","commissioning_year":2012},"geometry":{"type":"Point","coordinates":[-0.924,39.935]}},{"type":"Feature","properties":{"id":"ppm-es-20294","name":"Manzanares Elawan Energy Solar Farm","capacity_mw":66.0,"fuel_type":"solar","status":"operational","precision":"approximate","source":"powerplantmatching v0.9.0, 2026-10-03 · Global Energy Monitor","source_url":"https://github.com/PyPSA/powerplantmatching","tech":"PV","commissioning_year":2023},"geometry":{"type":"Point","coordinates":[-3.319,39.034]}},{"type":"Feature","properties":{"id":"ppm-es-953","name":"Valparaiso","capacity_mw":65.0,"fuel_type":"hydro","status":"operational","precision":"approximate","source":"powerplantmatching v0.9.0, 2026-10-03 · Global Energy Monitor, JRC (European Commission), Global Hydropower Resources, Open Power System Data, WRI GPPD","source_url":"https://github.com/PyPSA/powerplantmatching","tech":"Pumped Storage","commissioning_year":1970},"geometry":{"type":"Point","coordinates":[-6.274,41.997]}},{"type":"Feature","properties":{"id":"ppm-es-1565","name":"Miranda Belmonte","capacity_mw":65.0,"fuel_type":"hydro","status":"operational","precision":"approximate","source":"powerplantmatching v0.9.0, 2026-10-03 · Global Energy Monitor, JRC (European Commission), Global Hydropower Resources, Open Power System Data","source_url":"https://github.com/PyPSA/powerplantmatching","tech":"Run-Of-River","commissioning_year":1962},"geometry":{"type":"Point","coordinates":[-6.204,43.331]}},{"type":"Feature","properties":{"id":"ppm-es-2511","name":"El Hierro Wind Farm","capacity_mw":65.0,"fuel_type":"wind","status":"operational","precision":"approximate","source":"powerplantmatching v0.9.0, 2026-10-03 · Global Energy Monitor, WRI GPPD, OpenStreetMap","source_url":"https://www.openstreetmap.org/relation/13288396","tech":"Onshore","commissioning_year":2008},"geometry":{"type":"Point","coordinates":[-6.001,41.693]}},{"type":"Feature","properties":{"id":"ppm-es-5471","name":"Dehesa Del Coscojar Wind Farm","capacity_mw":65.0,"fuel_type":"wind","status":"operational","precision":"approximate","source":"powerplantmatching v0.9.0, 2026-10-03 · Global Energy Monitor, OpenStreetMap","source_url":"https://www.openstreetmap.org/relation/12991929","tech":"Onshore","commissioning_year":2000},"geometry":{"type":"Point","coordinates":[-1.256,41.71]}},{"type":"Feature","properties":{"id":"ppm-es-5530","name":"Folch Wind Farm","capacity_mw":65.0,"fuel_type":"wind","status":"operational","precision":"approximate","source":"powerplantmatching v0.9.0, 2026-10-03 · Global Energy Monitor, OpenStreetMap","source_url":"https://www.openstreetmap.org/relation/12979611","tech":"Onshore","commissioning_year":2006},"geometry":{"type":"Point","coordinates":[-0.193,40.485]}},{"type":"Feature","properties":{"id":"ppm-es-3199","name":"Guijo Wind Farm","capacity_mw":64.0,"fuel_type":"wind","status":"operational","precision":"approximate","source":"powerplantmatching v0.9.0, 2026-10-03 · Global Energy Monitor, WRI GPPD, OpenStreetMap","source_url":"https://www.openstreetmap.org/relation/13062846","tech":"Onshore","commissioning_year":2008},"geometry":{"type":"Point","coordinates":[-2.161,40.967]}},{"type":"Feature","properties":{"id":"ppm-es-5458","name":"Derramador Wind Farm","capacity_mw":64.0,"fuel_type":"wind","status":"operational","precision":"approximate","source":"powerplantmatching v0.9.0, 2026-10-03 · Global Energy Monitor, OpenStreetMap","source_url":"https://www.openstreetmap.org/relation/15879736","tech":"Onshore","commissioning_year":2022},"geometry":{"type":"Point","coordinates":[-1.724,38.92]}},{"type":"Feature","properties":{"id":"ppm-es-24985","name":"Tico Solar Farm","capacity_mw":63.8,"fuel_type":"solar","status":"operational","precision":"approximate","source":"powerplantmatching v0.9.0, 2026-10-03 · Global Energy Monitor","source_url":"https://github.com/PyPSA/powerplantmatching","tech":"PV","commissioning_year":2022},"geometry":{"type":"Point","coordinates":[-0.967,41.207]}},{"type":"Feature","properties":{"id":"ppm-es-1384","name":"Bejo","capacity_mw":63.7,"fuel_type":"hydro","status":"operational","precision":"approximate","source":"powerplantmatching v0.9.0, 2026-10-03 · JRC (European Commission), Global Hydropower Resources, Open Power System Data, WRI GPPD","source_url":"https://github.com/PyPSA/powerplantmatching","tech":"Reservoir","commissioning_year":1961},"geometry":{"type":"Point","coordinates":[-4.415,43.123]}},{"type":"Feature","properties":{"id":"ppm-es-10831","name":"Archidona Encavis Solar Farm","capacity_mw":63.7,"fuel_type":"solar","status":"operational","precision":"approximate","source":"powerplantmatching v0.9.0, 2026-10-03 · Global Energy Monitor, WRI GPPD","source_url":"https://github.com/PyPSA/powerplantmatching","tech":"PV","commissioning_year":2008},"geometry":{"type":"Point","coordinates":[-4.407,37.093]}},{"type":"Feature","properties":{"id":"ppm-es-988","name":"San Agustin","capacity_mw":63.0,"fuel_type":"hydro","status":"operational","precision":"approximate","source":"powerplantmatching v0.9.0, 2026-10-03 · Global Energy Monitor, JRC (European Commission), Global Hydropower Resources, Open Power System Data, WRI GPPD","source_url":"https://github.com/PyPSA/powerplantmatching","tech":"Reservoir","commissioning_year":1961},"geometry":{"type":"Point","coordinates":[-7.063,42.154]}},{"type":"Feature","properties":{"id":"ppm-es-5527","name":"Herrera La Huesa Wind Farm","capacity_mw":63.0,"fuel_type":"wind","status":"operational","precision":"approximate","source":"powerplantmatching v0.9.0, 2026-10-03 · Global Energy Monitor, OpenStreetMap","source_url":"https://www.openstreetmap.org/relation/18698123","tech":"Onshore","commissioning_year":2021},"geometry":{"type":"Point","coordinates":[-3.93,42.362]}},{"type":"Feature","properties":{"id":"ppm-es-5604","name":"Las Azubias Wind Farm","capacity_mw":63.0,"fuel_type":"wind","status":"operational","precision":"approximate","source":"powerplantmatching v0.9.0, 2026-10-03 · Global Energy Monitor, OpenStreetMap","source_url":"https://www.openstreetmap.org/relation/12991936","tech":"Onshore","commissioning_year":2022},"geometry":{"type":"Point","coordinates":[-1.429,41.751]}},{"type":"Feature","properties":{"id":"ppm-es-10913","name":"Logrosan","capacity_mw":62.9,"fuel_type":"solar","status":"operational","precision":"approximate","source":"powerplantmatching v0.9.0, 2026-10-03 · Global Energy Monitor, WRI GPPD","source_url":"https://github.com/PyPSA/powerplantmatching","commissioning_year":2017},"geometry":{"type":"Point","coordinates":[-5.492,39.314]}},{"type":"Feature","properties":{"id":"ppm-es-146","name":"Doiras","capacity_mw":62.0,"fuel_type":"hydro","status":"operational","precision":"approximate","source":"powerplantmatching v0.9.0, 2026-10-03 · Global Energy Monitor, JRC (European Commission), Global Hydropower Resources, Open Power System Data, WRI GPPD, OpenStreetMap, GEO","source_url":"https://www.openstreetmap.org/way/712507671","tech":"Reservoir","commissioning_year":1934},"geometry":{"type":"Point","coordinates":[-6.823,43.389]}},{"type":"Feature","properties":{"id":"ppm-es-1067","name":"Burguillo","capacity_mw":62.0,"fuel_type":"hydro","status":"operational","precision":"approximate","source":"powerplantmatching v0.9.0, 2026-10-03 · Global Energy Monitor, JRC (European Commission), Global Hydropower Resources, Open Power System Data, WRI GPPD","source_url":"https://github.com/PyPSA/powerplantmatching","tech":"Reservoir","commissioning_year":1913},"geometry":{"type":"Point","coordinates":[-4.502,40.415]}},{"type":"Feature","properties":{"id":"ppm-es-2551","name":"Cerro De La Higuera Wind Farm","capacity_mw":62.0,"fuel_type":"wind","status":"operational","precision":"approximate","source":"powerplantmatching v0.9.0, 2026-10-03 · Global Energy Monitor, WRI GPPD, OpenStreetMap","source_url":"https://www.openstreetmap.org/relation/13935877","tech":"Onshore","commissioning_year":2009},"geometry":{"type":"Point","coordinates":[-4.878,36.93]}},{"type":"Feature","properties":{"id":"ppm-es-5364","name":"Abuela Santa Ana Wind Farm","capacity_mw":62.0,"fuel_type":"wind","status":"operational","precision":"approximate","source":"powerplantmatching v0.9.0, 2026-10-03 · Global Energy Monitor, OpenStreetMap","source_url":"https://www.openstreetmap.org/relation/20367077","tech":"Onshore","commissioning_year":2008},"geometry":{"type":"Point","coordinates":[-1.502,39.053]}},{"type":"Feature","properties":{"id":"ppm-es-5537","name":"Encinillas Wind Farm","capacity_mw":62.0,"fuel_type":"wind","status":"operational","precision":"approximate","source":"powerplantmatching v0.9.0, 2026-10-03 · Global Energy Monitor, OpenStreetMap","source_url":"https://www.openstreetmap.org/relation/15833420","tech":"Onshore","commissioning_year":2020},"geometry":{"type":"Point","coordinates":[-4.692,42.153]}},{"type":"Feature","properties":{"id":"ppm-es-17479","name":"Grullas Solar Farm","capacity_mw":62.0,"fuel_type":"solar","status":"operational","precision":"approximate","source":"powerplantmatching v0.9.0, 2026-10-03 · Global Energy Monitor","source_url":"https://github.com/PyPSA/powerplantmatching","tech":"PV","commissioning_year":2019},"geometry":{"type":"Point","coordinates":[-5.434,37.726]}},{"type":"Feature","properties":{"id":"ppm-es-17496","name":"Guadacano Solar Farm","capacity_mw":62.0,"fuel_type":"solar","status":"operational","precision":"approximate","source":"powerplantmatching v0.9.0, 2026-10-03 · Global Energy Monitor","source_url":"https://github.com/PyPSA/powerplantmatching","tech":"PV","commissioning_year":2024},"geometry":{"type":"Point","coordinates":[-4.496,37.113]}},{"type":"Feature","properties":{"id":"ppm-es-5525","name":"Grullas Penaflor Solar Farm","capacity_mw":61.8,"fuel_type":"solar","status":"operational","precision":"approximate","source":"powerplantmatching v0.9.0, 2026-10-03 · Global Energy Monitor, OpenStreetMap","source_url":"https://www.openstreetmap.org/way/1100839750","tech":"PV","commissioning_year":2019},"geometry":{"type":"Point","coordinates":[-5.527,37.657]}},{"type":"Feature","properties":{"id":"ppm-es-1081","name":"Biescas","capacity_mw":61.0,"fuel_type":"hydro","status":"operational","precision":"approximate","source":"powerplantmatching v0.9.0, 2026-10-03 · Global Energy Monitor, JRC (European Commission), Global Hydropower Resources, Open Power System Data, WRI GPPD","source_url":"https://github.com/PyPSA/powerplantmatching","tech":"Reservoir","commissioning_year":1969},"geometry":{"type":"Point","coordinates":[-0.321,42.629]}},{"type":"Feature","properties":{"id":"ppm-es-1569","name":"Barcena","capacity_mw":61.0,"fuel_type":"hydro","status":"operational","precision":"approximate","source":"powerplantmatching v0.9.0, 2026-10-03 · Global Energy Monitor, Global Hydropower Resources, Open Power System Data, WRI GPPD","source_url":"https://github.com/PyPSA/powerplantmatching","tech":"Reservoir","commissioning_year":1959},"geometry":{"type":"Point","coordinates":[-6.561,42.578]}},{"type":"Feature","properties":{"id":"ppm-es-2546","name":"La Muela Wind Farm","capacity_mw":60.0,"fuel_type":"wind","status":"operational","precision":"approximate","source":"powerplantmatching v0.9.0, 2026-10-03 · Global Energy Monitor, WRI GPPD, OpenStreetMap","source_url":"https://www.openstreetmap.org/relation/12990262","tech":"Onshore","commissioning_year":1997},"geometry":{"type":"Point","coordinates":[-1.141,41.6]}},{"type":"Feature","properties":{"id":"ppm-es-2590","name":"Entredicho Wind Farm","capacity_mw":60.0,"fuel_type":"wind","status":"operational","precision":"approximate","source":"powerplantmatching v0.9.0, 2026-10-03 · Global Energy Monitor, WRI GPPD, OpenStreetMap","source_url":"https://www.openstreetmap.org/relation/12922737","tech":"Onshore","commissioning_year":2003},"geometry":{"type":"Point","coordinates":[-0.931,41.334]}},{"type":"Feature","properties":{"id":"ppm-es-5164","name":"La Cometa Wind Farm","capacity_mw":60.0,"fuel_type":"wind","status":"operational","precision":"approximate","source":"powerplantmatching v0.9.0, 2026-10-03 · Global Energy Monitor, ENTSO-E","source_url":"https://github.com/PyPSA/powerplantmatching","tech":"Onshore","commissioning_year":2022},"geometry":{"type":"Point","coordinates":[-0.945,41.262]}},{"type":"Feature","properties":{"id":"ppm-es-5482","name":"Celada Wind Farm","capacity_mw":60.0,"fuel_type":"wind","status":"operational","precision":"approximate","source":"powerplantmatching v0.9.0, 2026-10-03 · Global Energy Monitor, OpenStreetMap","source_url":"https://www.openstreetmap.org/relation/20256747","tech":"Onshore","commissioning_year":2009},"geometry":{"type":"Point","coordinates":[-4.211,42.034]}},{"type":"Feature","properties":{"id":"ppm-es-5623","name":"Monte Da Serra Wind Farm","capacity_mw":60.0,"fuel_type":"wind","status":"operational","precision":"approximate","source":"powerplantmatching v0.9.0, 2026-10-03 · Global Energy Monitor, OpenStreetMap","source_url":"https://www.openstreetmap.org/relation/17414187","tech":"Onshore","commissioning_year":1999},"geometry":{"type":"Point","coordinates":[-7.882,43.518]}},{"type":"Feature","properties":{"id":"ppm-es-5702","name":"Rio Ebro Wind Farm","capacity_mw":60.0,"fuel_type":"wind","status":"operational","precision":"approximate","source":"powerplantmatching v0.9.0, 2026-10-03 · Global Energy Monitor, OpenStreetMap","source_url":"https://www.openstreetmap.org/relation/19608209","tech":"Onshore","commissioning_year":2019},"geometry":{"type":"Point","coordinates":[-1.22,41.776]}},{"type":"Feature","properties":{"id":"ppm-es-10843","name":"Dulcinea Solar Farm","capacity_mw":60.0,"fuel_type":"solar","status":"operational","precision":"approximate","source":"powerplantmatching v0.9.0, 2026-10-03 · Global Energy Monitor, WRI GPPD","source_url":"https://github.com/PyPSA/powerplantmatching","tech":"PV","commissioning_year":2008},"geometry":{"type":"Point","coordinates":[-2.802,39.653]}},{"type":"Feature","properties":{"id":"ppm-es-10900","name":"Montes De Cierzo Wind Farm","capacity_mw":60.0,"fuel_type":"wind","status":"operational","precision":"approximate","source":"powerplantmatching v0.9.0, 2026-10-03 · Global Energy Monitor, WRI GPPD","source_url":"https://github.com/PyPSA/powerplantmatching","tech":"Onshore","commissioning_year":2000},"geometry":{"type":"Point","coordinates":[-1.605,42.062]}},{"type":"Feature","properties":{"id":"ppm-es-10933","name":"Serra De Vilobi Wind Farm","capacity_mw":60.0,"fuel_type":"wind","status":"operational","precision":"approximate","source":"powerplantmatching v0.9.0, 2026-10-03 · Global Energy Monitor, WRI GPPD","source_url":"https://github.com/PyPSA/powerplantmatching","tech":"Onshore","commissioning_year":2007},"geometry":{"type":"Point","coordinates":[1.054,41.444]}},{"type":"Feature","properties":{"id":"ppm-es-12444","name":"Alto Casillas Wind Farm","capacity_mw":60.0,"fuel_type":"wind","status":"operational","precision":"approximate","source":"powerplantmatching v0.9.0, 2026-10-03 · Global Energy Monitor","source_url":"https://github.com/PyPSA/powerplantmatching","tech":"Onshore","commissioning_year":2008},"geometry":{"type":"Point","coordinates":[-0.627,39.999]}},{"type":"Feature","properties":{"id":"ppm-es-12481","name":"Amazon Zaragoza Wind Farm","capacity_mw":60.0,"fuel_type":"wind","status":"operational","precision":"approximate","source":"powerplantmatching v0.9.0, 2026-10-03 · Global Energy Monitor","source_url":"https://github.com/PyPSA/powerplantmatching","tech":"Onshore","commissioning_year":2023},"geometry":{"type":"Point","coordinates":[-1.029,40.67]}},{"type":"Feature","properties":{"id":"ppm-es-15374","name":"Conesa Wind Farm","capacity_mw":60.0,"fuel_type":"wind","status":"operational","precision":"approximate","source":"powerplantmatching v0.9.0, 2026-10-03 · Global Energy Monitor","source_url":"https://github.com/PyPSA/powerplantmatching","tech":"Onshore"},"geometry":{"type":"Point","coordinates":[1.262,41.506]}},{"type":"Feature","properties":{"id":"ppm-es-20350","name":"Marmolejo Solar Farm","capacity_mw":60.0,"fuel_type":"solar","status":"operational","precision":"approximate","source":"powerplantmatching v0.9.0, 2026-10-03 · Global Energy Monitor","source_url":"https://github.com/PyPSA/powerplantmatching","tech":"PV"},"geometry":{"type":"Point","coordinates":[-4.171,38.045]}},{"type":"Feature","properties":{"id":"ppm-es-12476","name":"Amazon San Bartolome Wind Farm","capacity_mw":59.6,"fuel_type":"wind","status":"operational","precision":"approximate","source":"powerplantmatching v0.9.0, 2026-10-03 · Global Energy Monitor","source_url":"https://github.com/PyPSA/powerplantmatching","tech":"Onshore","commissioning_year":2023},"geometry":{"type":"Point","coordinates":[-1.046,41.279]}},{"type":"Feature","properties":{"id":"ppm-es-15400","name":"Cordoba Solar","capacity_mw":59.5,"fuel_type":"solar","status":"operational","precision":"approximate","source":"powerplantmatching v0.9.0, 2026-10-03 · Global Energy Monitor","source_url":"https://github.com/PyPSA/powerplantmatching","tech":"PV","commissioning_year":2017},"geometry":{"type":"Point","coordinates":[-4.798,37.877]}},{"type":"Feature","properties":{"id":"ppm-es-12467","name":"Amazon Andalucia Solar Farm","capacity_mw":59.0,"fuel_type":"solar","status":"construction","precision":"approximate","source":"powerplantmatching v0.9.0, 2026-10-03 · Global Energy Monitor","source_url":"https://github.com/PyPSA/powerplantmatching","tech":"PV","commissioning_year":2026},"geometry":{"type":"Point","coordinates":[-4.753,37.531]}},{"type":"Feature","properties":{"id":"ppm-es-19236","name":"La Dehesica Wind Farm","capacity_mw":59.0,"fuel_type":"wind","status":"operational","precision":"approximate","source":"powerplantmatching v0.9.0, 2026-10-03 · Global Energy Monitor","source_url":"https://github.com/PyPSA/powerplantmatching","tech":"Onshore","commissioning_year":2008},"geometry":{"type":"Point","coordinates":[-2.199,39.153]}},{"type":"Feature","properties":{"id":"ppm-es-19562","name":"Las Jaras Solar Farm","capacity_mw":59.0,"fuel_type":"solar","status":"operational","precision":"approximate","source":"powerplantmatching v0.9.0, 2026-10-03 · Global Energy Monitor","source_url":"https://github.com/PyPSA/powerplantmatching","tech":"PV","commissioning_year":2023},"geometry":{"type":"Point","coordinates":[-6.817,38.719]}},{"type":"Feature","properties":{"id":"ppm-es-10954","name":"Mudefer Wind Farm","capacity_mw":58.0,"fuel_type":"wind","status":"operational","precision":"approximate","source":"powerplantmatching v0.9.0, 2026-10-03 · Global Energy Monitor, WRI GPPD","source_url":"https://github.com/PyPSA/powerplantmatching","tech":"Onshore","commissioning_year":2010},"geometry":{"type":"Point","coordinates":[0.282,41.037]}},{"type":"Feature","properties":{"id":"ppm-es-23080","name":"Rioboo Wind Farm","capacity_mw":58.0,"fuel_type":"wind","status":"operational","precision":"approximate","source":"powerplantmatching v0.9.0, 2026-10-03 · Global Energy Monitor","source_url":"https://github.com/PyPSA/powerplantmatching","tech":"Onshore","commissioning_year":2003},"geometry":{"type":"Point","coordinates":[-7.548,43.646]}},{"type":"Feature","properties":{"id":"ppm-es-20318","name":"Mareiro Wind Farm","capacity_mw":57.0,"fuel_type":"wind","status":"operational","precision":"approximate","source":"powerplantmatching v0.9.0, 2026-10-03 · Global Energy Monitor","source_url":"https://github.com/PyPSA/powerplantmatching","tech":"Onshore","commissioning_year":2003},"geometry":{"type":"Point","coordinates":[-7.642,43.563]}},{"type":"Feature","properties":{"id":"ppm-es-26325","name":"Zabalgarbi","capacity_mw":57.0,"fuel_type":"waste","status":"operational","precision":"approximate","source":"powerplantmatching v0.9.0, 2026-10-03 · Global Energy Monitor","source_url":"https://github.com/PyPSA/powerplantmatching","commissioning_year":2005},"geometry":{"type":"Point","coordinates":[-2.97,43.251]}},{"type":"Feature","properties":{"id":"ppm-es-408","name":"Arbon","capacity_mw":56.0,"fuel_type":"hydro","status":"operational","precision":"approximate","source":"powerplantmatching v0.9.0, 2026-10-03 · Global Energy Monitor, JRC (European Commission), Global Hydropower Resources, Open Power System Data, WRI GPPD, GEO","source_url":"https://github.com/PyPSA/powerplantmatching","tech":"Reservoir","commissioning_year":1967},"geometry":{"type":"Point","coordinates":[-6.731,43.478]}},{"type":"Feature","properties":{"id":"ppm-es-2588","name":"Elgea Urkilla Wind Farm","capacity_mw":56.0,"fuel_type":"wind","status":"operational","precision":"approximate","source":"powerplantmatching v0.9.0, 2026-10-03 · Global Energy Monitor, WRI GPPD, OpenStreetMap","source_url":"https://www.openstreetmap.org/relation/14710615","tech":"Onshore","commissioning_year":2000},"geometry":{"type":"Point","coordinates":[-2.468,42.96]}},{"type":"Feature","properties":{"id":"ppm-es-5703","name":"Rio Gallego Wind Farm","capacity_mw":56.0,"fuel_type":"wind","status":"operational","precision":"approximate","source":"powerplantmatching v0.9.0, 2026-10-03 · Global Energy Monitor, OpenStreetMap","source_url":"https://www.openstreetmap.org/relation/12999075","tech":"Onshore","commissioning_year":2002},"geometry":{"type":"Point","coordinates":[-0.683,42.025]}},{"type":"Feature","properties":{"id":"ppm-es-12381","name":"Alhendin Solar Farm","capacity_mw":56.0,"fuel_type":"solar","status":"operational","precision":"approximate","source":"powerplantmatching v0.9.0, 2026-10-03 · Global Energy Monitor","source_url":"https://github.com/PyPSA/powerplantmatching","tech":"PV","commissioning_year":2024},"geometry":{"type":"Point","coordinates":[-3.594,37.177]}},{"type":"Feature","properties":{"id":"ppm-es-16357","name":"El Escepar Wind Farm","capacity_mw":56.0,"fuel_type":"wind","status":"operational","precision":"approximate","source":"powerplantmatching v0.9.0, 2026-10-03 · Global Energy Monitor","source_url":"https://github.com/PyPSA/powerplantmatching","tech":"Onshore","commissioning_year":2007},"geometry":{"type":"Point","coordinates":[-2.618,40.365]}},{"type":"Feature","properties":{"id":"ppm-es-19560","name":"Las Angosturas Wind Farm","capacity_mw":56.0,"fuel_type":"wind","status":"operational","precision":"approximate","source":"powerplantmatching v0.9.0, 2026-10-03 · Global Energy Monitor","source_url":"https://github.com/PyPSA/powerplantmatching","tech":"Onshore","commissioning_year":2011},"geometry":{"type":"Point","coordinates":[-4.86,37.05]}},{"type":"Feature","properties":{"id":"ppm-es-20001","name":"Los Granujales Wind Farm","capacity_mw":56.0,"fuel_type":"wind","status":"operational","precision":"approximate","source":"powerplantmatching v0.9.0, 2026-10-03 · Global Energy Monitor","source_url":"https://github.com/PyPSA/powerplantmatching","tech":"Onshore","commissioning_year":2011},"geometry":{"type":"Point","coordinates":[-5.965,36.317]}},{"type":"Feature","properties":{"id":"ppm-es-23629","name":"Sau","capacity_mw":56.0,"fuel_type":"hydro","status":"operational","precision":"approximate","source":"powerplantmatching v0.9.0, 2026-10-03 · Global Energy Monitor","source_url":"https://github.com/PyPSA/powerplantmatching","tech":"Reservoir","commissioning_year":1964},"geometry":{"type":"Point","coordinates":[2.384,41.947]}},{"type":"Feature","properties":{"id":"ppm-es-12981","name":"Azaila Solar","capacity_mw":55.9,"fuel_type":"solar","status":"operational","precision":"approximate","source":"powerplantmatching v0.9.0, 2026-10-03 · Global Energy Monitor","source_url":"https://github.com/PyPSA/powerplantmatching","tech":"PV","commissioning_year":2021},"geometry":{"type":"Point","coordinates":[-0.474,41.272]}},{"type":"Feature","properties":{"id":"ppm-es-5396","name":"Bluesol Solar Farm","capacity_mw":55.6,"fuel_type":"solar","status":"construction","precision":"approximate","source":"powerplantmatching v0.9.0, 2026-10-03 · Global Energy Monitor, OpenStreetMap","source_url":"https://www.openstreetmap.org/way/1490116387","tech":"PV","commissioning_year":2026},"geometry":{"type":"Point","coordinates":[-4.236,38.659]}},{"type":"Feature","properties":{"id":"ppm-es-24748","name":"Talayuela Statkraft Solar Farm","capacity_mw":55.2,"fuel_type":"solar","status":"operational","precision":"approximate","source":"powerplantmatching v0.9.0, 2026-10-03 · Global Energy Monitor","source_url":"https://github.com/PyPSA/powerplantmatching","tech":"PV","commissioning_year":2023},"geometry":{"type":"Point","coordinates":[-5.399,39.986]}},{"type":"Feature","properties":{"id":"ppm-es-1000","name":"Puerto Pena","capacity_mw":55.0,"fuel_type":"hydro","status":"operational","precision":"approximate","source":"powerplantmatching v0.9.0, 2026-10-03 · Global Energy Monitor, JRC (European Commission), Global Hydropower Resources, Open Power System Data, WRI GPPD","source_url":"https://github.com/PyPSA/powerplantmatching","tech":"Reservoir","commissioning_year":1964},"geometry":{"type":"Point","coordinates":[-5.234,39.037]}},{"type":"Feature","properties":{"id":"ppm-es-5753","name":"Yerga Wind Farm","capacity_mw":55.0,"fuel_type":"wind","status":"operational","precision":"approximate","source":"powerplantmatching v0.9.0, 2026-10-03 · Global Energy Monitor, OpenStreetMap","source_url":"https://www.openstreetmap.org/relation/13071655","tech":"Onshore","commissioning_year":2000},"geometry":{"type":"Point","coordinates":[-1.96,42.148]}},{"type":"Feature","properties":{"id":"ppm-es-12285","name":"Aguasvivas Solar Farm","capacity_mw":55.0,"fuel_type":"solar","status":"operational","precision":"approximate","source":"powerplantmatching v0.9.0, 2026-10-03 · Global Energy Monitor","source_url":"https://github.com/PyPSA/powerplantmatching","tech":"PV","commissioning_year":2024},"geometry":{"type":"Point","coordinates":[-0.866,41.147]}},{"type":"Feature","properties":{"id":"ppm-es-16951","name":"Fundici Solar Farm","capacity_mw":55.0,"fuel_type":"solar","status":"operational","precision":"approximate","source":"powerplantmatching v0.9.0, 2026-10-03 · Global Energy Monitor","source_url":"https://github.com/PyPSA/powerplantmatching","tech":"PV","commissioning_year":2025},"geometry":{"type":"Point","coordinates":[-6.021,37.559]}},{"type":"Feature","properties":{"id":"ppm-es-22927","name":"Rascon Solar Farm","capacity_mw":55.0,"fuel_type":"solar","status":"operational","precision":"approximate","source":"powerplantmatching v0.9.0, 2026-10-03 · Global Energy Monitor","source_url":"https://github.com/PyPSA/powerplantmatching","tech":"PV"},"geometry":{"type":"Point","coordinates":[0.515,41.607]}},{"type":"Feature","properties":{"id":"ppm-es-24056","name":"Socovos Solar Farm","capacity_mw":54.6,"fuel_type":"solar","status":"operational","precision":"approximate","source":"powerplantmatching v0.9.0, 2026-10-03 · Global Energy Monitor","source_url":"https://github.com/PyPSA/powerplantmatching","tech":"PV","commissioning_year":2021},"geometry":{"type":"Point","coordinates":[-1.888,38.317]}},{"type":"Feature","properties":{"id":"ppm-es-1066","name":"Buendia","capacity_mw":54.0,"fuel_type":"hydro","status":"operational","precision":"approximate","source":"powerplantmatching v0.9.0, 2026-10-03 · Global Energy Monitor, JRC (European Commission), Global Hydropower Resources, Open Power System Data, WRI GPPD","source_url":"https://github.com/PyPSA/powerplantmatching","tech":"Reservoir","commissioning_year":1956},"geometry":{"type":"Point","coordinates":[-2.756,40.366]}},{"type":"Feature","properties":{"id":"ppm-es-1075","name":"Eume","capacity_mw":54.0,"fuel_type":"hydro","status":"operational","precision":"approximate","source":"powerplantmatching v0.9.0, 2026-10-03 · Global Energy Monitor, JRC (European Commission), Global Hydropower Resources, Open Power System Data, WRI GPPD","source_url":"https://github.com/PyPSA/powerplantmatching","tech":"Reservoir","commissioning_year":1960},"geometry":{"type":"Point","coordinates":[-8.067,43.427]}},{"type":"Feature","properties":{"id":"ppm-es-5454","name":"Bureba Wind Farm","capacity_mw":54.0,"fuel_type":"wind","status":"operational","precision":"approximate","source":"powerplantmatching v0.9.0, 2026-10-03 · Global Energy Monitor, OpenStreetMap","source_url":"https://www.openstreetmap.org/relation/14130572","tech":"Onshore","commissioning_year":2008},"geometry":{"type":"Point","coordinates":[-3.408,42.539]}},{"type":"Feature","properties":{"id":"ppm-es-5659","name":"Paradela Wind Farm","capacity_mw":54.0,"fuel_type":"wind","status":"operational","precision":"approximate","source":"powerplantmatching v0.9.0, 2026-10-03 · Global Energy Monitor, OpenStreetMap","source_url":"https://www.openstreetmap.org/relation/17531587","tech":"Onshore","commissioning_year":2019},"geometry":{"type":"Point","coordinates":[-7.57,42.765]}},{"type":"Feature","properties":{"id":"ppm-es-12667","name":"Angostillos Wind Farm","capacity_mw":54.0,"fuel_type":"wind","status":"operational","precision":"approximate","source":"powerplantmatching v0.9.0, 2026-10-03 · Global Energy Monitor","source_url":"https://github.com/PyPSA/powerplantmatching","tech":"Onshore","commissioning_year":2007},"geometry":{"type":"Point","coordinates":[-4.268,41.981]}},{"type":"Feature","properties":{"id":"ppm-es-20969","name":"Murcia Solarpack Solar Farm","capacity_mw":54.0,"fuel_type":"solar","status":"operational","precision":"approximate","source":"powerplantmatching v0.9.0, 2026-10-03 · Global Energy Monitor","source_url":"https://github.com/PyPSA/powerplantmatching","tech":"PV","commissioning_year":2025},"geometry":{"type":"Point","coordinates":[-1.334,38.001]}},{"type":"Feature","properties":{"id":"ppm-es-12375","name":"Alfanar San Marcos Wind Farm","capacity_mw":53.1,"fuel_type":"wind","status":"operational","precision":"approximate","source":"powerplantmatching v0.9.0, 2026-10-03 · Global Energy Monitor","source_url":"https://github.com/PyPSA/powerplantmatching","tech":"Onshore"},"geometry":{"type":"Point","coordinates":[-1.851,42.559]}},{"type":"Feature","properties":{"id":"ppm-es-531","name":"Lanuza","capacity_mw":53.0,"fuel_type":"hydro","status":"operational","precision":"approximate","source":"powerplantmatching v0.9.0, 2026-10-03 · Global Energy Monitor, JRC (European Commission), Global Hydropower Resources, Open Power System Data, WRI GPPD, OpenStreetMap","source_url":"https://www.openstreetmap.org/way/671937066","tech":"Reservoir","commissioning_year":1970},"geometry":{"type":"Point","coordinates":[-0.282,42.724]}},{"type":"Feature","properties":{"id":"ppm-es-533","name":"Salas","capacity_mw":53.0,"fuel_type":"hydro","status":"operational","precision":"approximate","source":"powerplantmatching v0.9.0, 2026-10-03 · Global Energy Monitor, JRC (European Commission), Global Hydropower Resources, Open Power System Data, WRI GPPD, OpenStreetMap","source_url":"https://www.openstreetmap.org/way/888496574","tech":"Reservoir","commissioning_year":1948},"geometry":{"type":"Point","coordinates":[-8.035,41.944]}},{"type":"Feature","properties":{"id":"ppm-es-996","name":"Santiago Jares","capacity_mw":53.0,"fuel_type":"hydro","status":"operational","precision":"approximate","source":"powerplantmatching v0.9.0, 2026-10-03 · Global Energy Monitor, JRC (European Commission), Global Hydropower Resources, Open Power System Data, WRI GPPD","source_url":"https://github.com/PyPSA/powerplantmatching","tech":"Pumped Storage","commissioning_year":1967},"geometry":{"type":"Point","coordinates":[-7.089,42.393]}},{"type":"Feature","properties":{"id":"ppm-es-4342","name":"La Barca","capacity_mw":53.0,"fuel_type":"hydro","status":"operational","precision":"approximate","source":"powerplantmatching v0.9.0, 2026-10-03 · JRC (European Commission), Global Hydropower Resources, Open Power System Data","source_url":"https://github.com/PyPSA/powerplantmatching","tech":"Reservoir","commissioning_year":1967},"geometry":{"type":"Point","coordinates":[-6.201,43.352]}},{"type":"Feature","properties":{"id":"ppm-es-5419","name":"Alijar Wind Farm","capacity_mw":53.0,"fuel_type":"wind","status":"operational","precision":"approximate","source":"powerplantmatching v0.9.0, 2026-10-03 · Global Energy Monitor, OpenStreetMap","source_url":"https://www.openstreetmap.org/relation/13940083","tech":"Onshore","commissioning_year":2005},"geometry":{"type":"Point","coordinates":[-6.268,36.742]}},{"type":"Feature","properties":{"id":"ppm-es-5521","name":"Gamoide Wind Farm","capacity_mw":53.0,"fuel_type":"wind","status":"operational","precision":"approximate","source":"powerplantmatching v0.9.0, 2026-10-03 · Global Energy Monitor, OpenStreetMap","source_url":"https://www.openstreetmap.org/relation/17386141","tech":"Onshore","commissioning_year":2000},"geometry":{"type":"Point","coordinates":[-7.467,43.581]}},{"type":"Feature","properties":{"id":"ppm-es-5526","name":"Herrera De Los Navarros Wind Farm","capacity_mw":53.0,"fuel_type":"wind","status":"operational","precision":"approximate","source":"powerplantmatching v0.9.0, 2026-10-03 · Global Energy Monitor, OpenStreetMap","source_url":"https://www.openstreetmap.org/relation/14209928","tech":"Onshore","commissioning_year":2022},"geometry":{"type":"Point","coordinates":[-1.069,41.24]}},{"type":"Feature","properties":{"id":"ppm-es-5690","name":"Rueda Sur Solar Farm","capacity_mw":53.0,"fuel_type":"solar","status":"operational","precision":"approximate","source":"powerplantmatching v0.9.0, 2026-10-03 · Global Energy Monitor, OpenStreetMap","source_url":"https://www.openstreetmap.org/way/1429189140","tech":"PV","commissioning_year":2025},"geometry":{"type":"Point","coordinates":[-1.241,41.589]}},{"type":"Feature","properties":{"id":"ppm-es-16276","name":"Ebro Solar Farm","capacity_mw":52.9,"fuel_type":"solar","status":"operational","precision":"approximate","source":"powerplantmatching v0.9.0, 2026-10-03 · Global Energy Monitor","source_url":"https://github.com/PyPSA/powerplantmatching","tech":"PV","commissioning_year":2025},"geometry":{"type":"Point","coordinates":[-1.68,42.13]}},{"type":"Feature","properties":{"id":"ppm-es-990","name":"Guijo De Granadilla","capacity_mw":52.0,"fuel_type":"hydro","status":"operational","precision":"approximate","source":"powerplantmatching v0.9.0, 2026-10-03 · Global Energy Monitor, JRC (European Commission), Global Hydropower Resources, Open Power System Data, WRI GPPD","source_url":"https://github.com/PyPSA/powerplantmatching","tech":"Pumped Storage","commissioning_year":1970},"geometry":{"type":"Point","coordinates":[-6.142,40.18]}},{"type":"Feature","properties":{"id":"ppm-es-1538","name":"Camarasa","capacity_mw":52.0,"fuel_type":"hydro","status":"operational","precision":"approximate","source":"powerplantmatching v0.9.0, 2026-10-03 · Global Energy Monitor, Global Hydropower Resources, Open Power System Data, WRI GPPD","source_url":"https://github.com/PyPSA/powerplantmatching","tech":"Reservoir","commissioning_year":1920},"geometry":{"type":"Point","coordinates":[0.887,41.908]}},{"type":"Feature","properties":{"id":"ppm-es-2611","name":"La Pena Wind Farm","capacity_mw":52.0,"fuel_type":"wind","status":"operational","precision":"approximate","source":"powerplantmatching v0.9.0, 2026-10-03 · Global Energy Monitor, WRI GPPD, OpenStreetMap","source_url":"https://www.openstreetmap.org/relation/12998995","tech":"Onshore","commissioning_year":2009},"geometry":{"type":"Point","coordinates":[-0.895,42.05]}},{"type":"Feature","properties":{"id":"ppm-es-4150","name":"Llavorsi","capacity_mw":52.0,"fuel_type":"hydro","status":"operational","precision":"approximate","source":"powerplantmatching v0.9.0, 2026-10-03 · Global Energy Monitor, Open Power System Data, WRI GPPD","source_url":"https://github.com/PyPSA/powerplantmatching","tech":"Reservoir","commissioning_year":1966},"geometry":{"type":"Point","coordinates":[1.211,42.495]}},{"type":"Feature","properties":{"id":"ppm-es-5513","name":"El Aguila Wind Farm","capacity_mw":52.0,"fuel_type":"wind","status":"operational","precision":"approximate","source":"powerplantmatching v0.9.0, 2026-10-03 · Global Energy Monitor, OpenStreetMap","source_url":"https://www.openstreetmap.org/relation/12991927","tech":"Onshore","commissioning_year":2001},"geometry":{"type":"Point","coordinates":[-1.276,41.729]}},{"type":"Feature","properties":{"id":"ppm-es-5562","name":"La Herrada Wind Farm","capacity_mw":52.0,"fuel_type":"wind","status":"operational","precision":"approximate","source":"powerplantmatching v0.9.0, 2026-10-03 · Global Energy Monitor, OpenStreetMap","source_url":"https://www.openstreetmap.org/relation/20319640","tech":"Onshore"},"geometry":{"type":"Point","coordinates":[-1.86,38.993]}},{"type":"Feature","properties":{"id":"ppm-es-5622","name":"Monlora Wind Farm","capacity_mw":52.0,"fuel_type":"wind","status":"operational","precision":"approximate","source":"powerplantmatching v0.9.0, 2026-10-03 · Global Energy Monitor, OpenStreetMap","source_url":"https://www.openstreetmap.org/relation/12998996","tech":"Onshore"},"geometry":{"type":"Point","coordinates":[-0.887,42.022]}},{"type":"Feature","properties":{"id":"ppm-es-13207","name":"Barbers Wind Farm","capacity_mw":52.0,"fuel_type":"wind","status":"operational","precision":"approximate","source":"powerplantmatching v0.9.0, 2026-10-03 · Global Energy Monitor","source_url":"https://github.com/PyPSA/powerplantmatching","tech":"Onshore","commissioning_year":2012},"geometry":{"type":"Point","coordinates":[0.594,41.133]}},{"type":"Feature","properties":{"id":"ppm-es-24206","name":"Son Salomo Solar Farm","capacity_mw":52.0,"fuel_type":"solar","status":"operational","precision":"approximate","source":"powerplantmatching v0.9.0, 2026-10-03 · Global Energy Monitor","source_url":"https://github.com/PyPSA/powerplantmatching","tech":"PV","commissioning_year":2023},"geometry":{"type":"Point","coordinates":[3.905,39.97]}},{"type":"Feature","properties":{"id":"ppm-es-18072","name":"Jaen Aquila Clean Energy Solar Farm","capacity_mw":51.2,"fuel_type":"solar","status":"operational","precision":"approximate","source":"powerplantmatching v0.9.0, 2026-10-03 · Global Energy Monitor","source_url":"https://github.com/PyPSA/powerplantmatching","tech":"PV","commissioning_year":2017},"geometry":{"type":"Point","coordinates":[-3.785,37.76]}},{"type":"Feature","properties":{"id":"ppm-es-2628","name":"Los Llanos Enel Green Powerm Acciona Wind Farm","capacity_mw":51.0,"fuel_type":"wind","status":"operational","precision":"approximate","source":"powerplantmatching v0.9.0, 2026-10-03 · Global Energy Monitor, WRI GPPD, OpenStreetMap","source_url":"https://www.openstreetmap.org/relation/13996370","tech":"Onshore","commissioning_year":2008},"geometry":{"type":"Point","coordinates":[-5.286,36.447]}},{"type":"Feature","properties":{"id":"ppm-es-5649","name":"Pena Blanca Wind Farm","capacity_mw":51.0,"fuel_type":"wind","status":"operational","precision":"approximate","source":"powerplantmatching v0.9.0, 2026-10-03 · Global Energy Monitor, OpenStreetMap","source_url":"https://www.openstreetmap.org/way/1491559661","tech":"Onshore","commissioning_year":1999},"geometry":{"type":"Point","coordinates":[-1.644,42.54]}},{"type":"Feature","properties":{"id":"ppm-es-20918","name":"Motilla Wind Farm","capacity_mw":51.0,"fuel_type":"wind","status":"operational","precision":"approximate","source":"powerplantmatching v0.9.0, 2026-10-03 · Global Energy Monitor","source_url":"https://github.com/PyPSA/powerplantmatching","tech":"Onshore","commissioning_year":2021},"geometry":{"type":"Point","coordinates":[-1.917,39.562]}},{"type":"Feature","properties":{"id":"ppm-es-998","name":"Proaza","capacity_mw":50.0,"fuel_type":"hydro","status":"operational","precision":"approximate","source":"powerplantmatching v0.9.0, 2026-10-03 · Global Energy Monitor, JRC (European Commission), Global Hydropower Resources, Open Power System Data, WRI GPPD","source_url":"https://github.com/PyPSA/powerplantmatching","tech":"Reservoir","commissioning_year":1968},"geometry":{"type":"Point","coordinates":[-6.016,43.252]}},{"type":"Feature","properties":{"id":"ppm-es-1044","name":"Mora De Luna","capacity_mw":50.0,"fuel_type":"hydro","status":"operational","precision":"approximate","source":"powerplantmatching v0.9.0, 2026-10-03 · Global Energy Monitor, JRC (European Commission), Global Hydropower Resources, Open Power System Data, WRI GPPD","source_url":"https://github.com/PyPSA/powerplantmatching","tech":"Reservoir","commissioning_year":1930},"geometry":{"type":"Point","coordinates":[-5.839,42.823]}},{"type":"Feature","properties":{"id":"ppm-es-2095","name":"Guzman Thermosolar Farm","capacity_mw":50.0,"fuel_type":"solar","status":"operational","precision":"approximate","source":"powerplantmatching v0.9.0, 2026-10-03 · Global Energy Monitor, WRI GPPD, OpenStreetMap, GEO","source_url":"https://www.openstreetmap.org/way/457731939","tech":"Csp","commissioning_year":2012},"geometry":{"type":"Point","coordinates":[-5.27,37.65]}},{"type":"Feature","properties":{"id":"ppm-es-2096","name":"Olivenza Solar Farm","capacity_mw":50.0,"fuel_type":"solar","status":"operational","precision":"approximate","source":"powerplantmatching v0.9.0, 2026-10-03 · Global Energy Monitor, WRI GPPD, OpenStreetMap, GEO","source_url":"https://www.openstreetmap.org/way/546454273","tech":"Csp","commissioning_year":2012},"geometry":{"type":"Point","coordinates":[-7.144,38.755]}},{"type":"Feature","properties":{"id":"ppm-es-2481","name":"Caramonte Wind Farm","capacity_mw":50.0,"fuel_type":"wind","status":"operational","precision":"approximate","source":"powerplantmatching v0.9.0, 2026-10-03 · Global Energy Monitor, WRI GPPD, OpenStreetMap","source_url":"https://www.openstreetmap.org/relation/13065860","tech":"Onshore","commissioning_year":2009},"geometry":{"type":"Point","coordinates":[-2.429,41.125]}},{"type":"Feature","properties":{"id":"ppm-es-2536","name":"Belchite Wind Farm","capacity_mw":50.0,"fuel_type":"wind","status":"operational","precision":"approximate","source":"powerplantmatching v0.9.0, 2026-10-03 · Global Energy Monitor, WRI GPPD, OpenStreetMap","source_url":"https://www.openstreetmap.org/relation/12931579","tech":"Onshore","commissioning_year":2004},"geometry":{"type":"Point","coordinates":[-0.688,41.307]}},{"type":"Feature","properties":{"id":"ppm-es-2547","name":"Casa Del Aire Wind Farm","capacity_mw":50.0,"fuel_type":"wind","status":"operational","precision":"approximate","source":"powerplantmatching v0.9.0, 2026-10-03 · Global Energy Monitor, WRI GPPD, OpenStreetMap","source_url":"https://www.openstreetmap.org/relation/15880126","tech":"Onshore","commissioning_year":2004},"geometry":{"type":"Point","coordinates":[-2.54,38.95]}},{"type":"Feature","properties":{"id":"ppm-es-2553","name":"Cerro Del Palo Wind Farm","capacity_mw":50.0,"fuel_type":"wind","status":"operational","precision":"approximate","source":"powerplantmatching v0.9.0, 2026-10-03 · Global Energy Monitor, WRI GPPD, OpenStreetMap","source_url":"https://www.openstreetmap.org/relation/20307699","tech":"Onshore","commissioning_year":2004},"geometry":{"type":"Point","coordinates":[-2.227,39.451]}},{"type":"Feature","properties":{"id":"ppm-es-2566","name":"Cuesta Colorada Wind Farm","capacity_mw":50.0,"fuel_type":"wind","status":"operational","precision":"approximate","source":"powerplantmatching v0.9.0, 2026-10-03 · Global Energy Monitor, WRI GPPD, OpenStreetMap","source_url":"https://www.openstreetmap.org/relation/20311469","tech":"Onshore","commissioning_year":2003},"geometry":{"type":"Point","coordinates":[-2.206,39.466]}},{"type":"Feature","properties":{"id":"ppm-es-2592","name":"Escurrillo Wind Farm","capacity_mw":50.0,"fuel_type":"wind","status":"operational","precision":"approximate","source":"powerplantmatching v0.9.0, 2026-10-03 · Global Energy Monitor, WRI GPPD, OpenStreetMap","source_url":"https://www.openstreetmap.org/relation/13071749","tech":"Onshore","commissioning_year":2003},"geometry":{"type":"Point","coordinates":[-2.197,42.259]}},{"type":"Feature","properties":{"id":"ppm-es-2596","name":"Hoya Gonzalo Wind Farm","capacity_mw":50.0,"fuel_type":"wind","status":"operational","precision":"approximate","source":"powerplantmatching v0.9.0, 2026-10-03 · Global Energy Monitor, WRI GPPD, OpenStreetMap","source_url":"https://www.openstreetmap.org/relation/15879828","tech":"Onshore","commissioning_year":2006},"geometry":{"type":"Point","coordinates":[-1.557,38.958]}},{"type":"Feature","properties":{"id":"ppm-es-2618","name":"Las Pardas Wind Farm","capacity_mw":50.0,"fuel_type":"wind","status":"operational","precision":"approximate","source":"powerplantmatching v0.9.0, 2026-10-03 · Global Energy Monitor, WRI GPPD, OpenStreetMap","source_url":"https://www.openstreetmap.org/relation/14119003","tech":"Onshore","commissioning_year":2007},"geometry":{"type":"Point","coordinates":[-4.362,41.88]}},{"type":"Feature","properties":{"id":"ppm-es-2620","name":"Layna Wind Farm","capacity_mw":50.0,"fuel_type":"wind","status":"operational","precision":"approximate","source":"powerplantmatching v0.9.0, 2026-10-03 · Global Energy Monitor, WRI GPPD, OpenStreetMap","source_url":"https://www.openstreetmap.org/relation/13068086","tech":"Onshore","commissioning_year":2012},"geometry":{"type":"Point","coordinates":[-2.268,41.101]}},{"type":"Feature","properties":{"id":"ppm-es-2623","name":"Lomillas Wind Farm","capacity_mw":50.0,"fuel_type":"wind","status":"operational","precision":"approximate","source":"powerplantmatching v0.9.0, 2026-10-03 · Global Energy Monitor, WRI GPPD, OpenStreetMap","source_url":"https://www.openstreetmap.org/relation/19453080","tech":"Onshore","commissioning_year":2005},"geometry":{"type":"Point","coordinates":[-2.171,39.469]}},{"type":"Feature","properties":{"id":"ppm-es-2630","name":"Majales Wind Farm","capacity_mw":50.0,"fuel_type":"wind","status":"operational","precision":"approximate","source":"powerplantmatching v0.9.0, 2026-10-03 · Global Energy Monitor, WRI GPPD, OpenStreetMap","source_url":"https://www.openstreetmap.org/relation/20315365","tech":"Onshore","commissioning_year":2006},"geometry":{"type":"Point","coordinates":[-2.381,38.703]}},{"type":"Feature","properties":{"id":"ppm-es-2631","name":"Majogazas Wind Farm","capacity_mw":50.0,"fuel_type":"wind","status":"operational","precision":"approximate","source":"powerplantmatching v0.9.0, 2026-10-03 · Global Energy Monitor, WRI GPPD, OpenStreetMap","source_url":"https://www.openstreetmap.org/relation/20315343","tech":"Onshore","commissioning_year":2008},"geometry":{"type":"Point","coordinates":[-3.854,39.167]}},{"type":"Feature","properties":{"id":"ppm-es-2691","name":"Torre Miro Wind Farm","capacity_mw":50.0,"fuel_type":"wind","status":"operational","precision":"approximate","source":"powerplantmatching v0.9.0, 2026-10-03 · Global Energy Monitor, WRI GPPD, OpenStreetMap","source_url":"https://www.openstreetmap.org/relation/12980021","tech":"Onshore","commissioning_year":2006},"geometry":{"type":"Point","coordinates":[-0.099,40.62]}},{"type":"Feature","properties":{"id":"ppm-es-2696","name":"Vedadillo Wind Farm","capacity_mw":50.0,"fuel_type":"wind","status":"operational","precision":"approximate","source":"powerplantmatching v0.9.0, 2026-10-03 · Global Energy Monitor, WRI GPPD, OpenStreetMap","source_url":"https://www.openstreetmap.org/relation/12910490","tech":"Onshore","commissioning_year":2005},"geometry":{"type":"Point","coordinates":[-1.828,42.407]}},{"type":"Feature","properties":{"id":"ppm-es-3203","name":"Maza Wind Farm","capacity_mw":50.0,"fuel_type":"wind","status":"operational","precision":"approximate","source":"powerplantmatching v0.9.0, 2026-10-03 · Global Energy Monitor, WRI GPPD, OpenStreetMap","source_url":"https://www.openstreetmap.org/relation/16919344","tech":"Onshore","commissioning_year":2005},"geometry":{"type":"Point","coordinates":[-1.745,39.636]}},{"type":"Feature","properties":{"id":"ppm-es-3535","name":"Puertollano Solar Farm","capacity_mw":50.0,"fuel_type":"solar","status":"operational","precision":"approximate","source":"powerplantmatching v0.9.0, 2026-10-03 · Global Energy Monitor, WRI GPPD, GEO","source_url":"https://github.com/PyPSA/powerplantmatching","tech":"PV","commissioning_year":2008},"geometry":{"type":"Point","coordinates":[-3.974,38.62]}},{"type":"Feature","properties":{"id":"ppm-es-4078","name":"Majadas Csp Solar Farm","capacity_mw":50.0,"fuel_type":"solar","status":"operational","precision":"approximate","source":"powerplantmatching v0.9.0, 2026-10-03 · Global Energy Monitor, WRI GPPD, GEO","source_url":"https://github.com/PyPSA/powerplantmatching","tech":"Csp","commissioning_year":2010},"geometry":{"type":"Point","coordinates":[-5.742,39.97]}},{"type":"Feature","properties":{"id":"ppm-es-5401","name":"Atalaya Wind Farm","capacity_mw":50.0,"fuel_type":"wind","status":"operational","precision":"approximate","source":"powerplantmatching v0.9.0, 2026-10-03 · Global Energy Monitor, OpenStreetMap","source_url":"https://www.openstreetmap.org/relation/12997978","tech":"Onshore","commissioning_year":2002},"geometry":{"type":"Point","coordinates":[-1.291,41.791]}},{"type":"Feature","properties":{"id":"ppm-es-5403","name":"Badaia Wind Farm","capacity_mw":50.0,"fuel_type":"wind","status":"operational","precision":"approximate","source":"powerplantmatching v0.9.0, 2026-10-03 · Global Energy Monitor, OpenStreetMap","source_url":"https://www.openstreetmap.org/relation/14710476","tech":"Onshore","commissioning_year":2005},"geometry":{"type":"Point","coordinates":[-2.855,42.85]}},{"type":"Feature","properties":{"id":"ppm-es-5411","name":"Ameixeiras Testeiros Wind Farm","capacity_mw":50.0,"fuel_type":"wind","status":"operational","precision":"approximate","source":"powerplantmatching v0.9.0, 2026-10-03 · Global Energy Monitor, OpenStreetMap","source_url":"https://www.openstreetmap.org/relation/17526704","tech":"Onshore","commissioning_year":2002},"geometry":{"type":"Point","coordinates":[-8.206,42.55]}},{"type":"Feature","properties":{"id":"ppm-es-5427","name":"Cascante Wind Farm","capacity_mw":50.0,"fuel_type":"wind","status":"operational","precision":"approximate","source":"powerplantmatching v0.9.0, 2026-10-03 · Global Energy Monitor, OpenStreetMap","source_url":"https://www.openstreetmap.org/relation/19980737","tech":"Onshore","commissioning_year":2025},"geometry":{"type":"Point","coordinates":[-1.723,41.984]}},{"type":"Feature","properties":{"id":"ppm-es-5440","name":"Cabeza Morena Duenas Wind Farm","capacity_mw":50.0,"fuel_type":"wind","status":"operational","precision":"approximate","source":"powerplantmatching v0.9.0, 2026-10-03 · Global Energy Monitor, OpenStreetMap","source_url":"https://www.openstreetmap.org/relation/15877368","tech":"Onshore","commissioning_year":2008},"geometry":{"type":"Point","coordinates":[-2.651,38.98]}},{"type":"Feature","properties":{"id":"ppm-es-5442","name":"Cabimonteros Wind Farm","capacity_mw":50.0,"fuel_type":"wind","status":"operational","precision":"approximate","source":"powerplantmatching v0.9.0, 2026-10-03 · Global Energy Monitor, OpenStreetMap","source_url":"https://www.openstreetmap.org/relation/13071750","tech":"Onshore","commissioning_year":2001},"geometry":{"type":"Point","coordinates":[-2.254,42.248]}},{"type":"Feature","properties":{"id":"ppm-es-5455","name":"Cabanillas Wind Farm","capacity_mw":50.0,"fuel_type":"wind","status":"operational","precision":"approximate","source":"powerplantmatching v0.9.0, 2026-10-03 · Global Energy Monitor, OpenStreetMap","source_url":"https://www.openstreetmap.org/relation/12950862","tech":"Onshore","commissioning_year":2020},"geometry":{"type":"Point","coordinates":[-1.528,42.032]}},{"type":"Feature","properties":{"id":"ppm-es-5459","name":"Desafio Solar Farm","capacity_mw":50.0,"fuel_type":"solar","status":"operational","precision":"approximate","source":"powerplantmatching v0.9.0, 2026-10-03 · Global Energy Monitor, OpenStreetMap","source_url":"https://www.openstreetmap.org/way/1100870134","tech":"PV","commissioning_year":2021},"geometry":{"type":"Point","coordinates":[-0.594,41.339]}},{"type":"Feature","properties":{"id":"ppm-es-5466","name":"Coruxeiras Wind Farm","capacity_mw":50.0,"fuel_type":"wind","status":"operational","precision":"approximate","source":"powerplantmatching v0.9.0, 2026-10-03 · Global Energy Monitor, OpenStreetMap","source_url":"https://www.openstreetmap.org/relation/17091543","tech":"Onshore","commissioning_year":2006},"geometry":{"type":"Point","coordinates":[-7.651,43.489]}},{"type":"Feature","properties":{"id":"ppm-es-5477","name":"Cofrentes Wind Farm","capacity_mw":50.0,"fuel_type":"wind","status":"operational","precision":"approximate","source":"powerplantmatching v0.9.0, 2026-10-03 · Global Energy Monitor, OpenStreetMap","source_url":"https://www.openstreetmap.org/relation/13954225","tech":"Onshore","commissioning_year":2020},"geometry":{"type":"Point","coordinates":[-1.142,39.238]}},{"type":"Feature","properties":{"id":"ppm-es-5489","name":"El Perul Wind Farm","capacity_mw":50.0,"fuel_type":"wind","status":"operational","precision":"approximate","source":"powerplantmatching v0.9.0, 2026-10-03 · Global Energy Monitor, OpenStreetMap","source_url":"https://www.openstreetmap.org/relation/14122632","tech":"Onshore","commissioning_year":2005},"geometry":{"type":"Point","coordinates":[-3.867,42.578]}},{"type":"Feature","properties":{"id":"ppm-es-5498","name":"El Llano Wind Farm Spain","capacity_mw":50.0,"fuel_type":"wind","status":"operational","precision":"approximate","source":"powerplantmatching v0.9.0, 2026-10-03 · Global Energy Monitor, OpenStreetMap","source_url":"https://www.openstreetmap.org/relation/12991933","tech":"Onshore"},"geometry":{"type":"Point","coordinates":[-1.36,41.725]}},{"type":"Feature","properties":{"id":"ppm-es-5517","name":"El Bayo Wind Farm","capacity_mw":50.0,"fuel_type":"wind","status":"operational","precision":"approximate","source":"powerplantmatching v0.9.0, 2026-10-03 · Global Energy Monitor, OpenStreetMap","source_url":"https://www.openstreetmap.org/relation/12997959","tech":"Onshore","commissioning_year":2003},"geometry":{"type":"Point","coordinates":[-1.28,41.781]}},{"type":"Feature","properties":{"id":"ppm-es-5529","name":"Ferreira Wind Farm","capacity_mw":50.0,"fuel_type":"wind","status":"operational","precision":"approximate","source":"powerplantmatching v0.9.0, 2026-10-03 · Global Energy Monitor, OpenStreetMap","source_url":"https://www.openstreetmap.org/relation/13899878","tech":"Onshore","commissioning_year":2006},"geometry":{"type":"Point","coordinates":[-3.0,37.217]}},{"type":"Feature","properties":{"id":"ppm-es-5533","name":"Fuente Alamo Wind Farm","capacity_mw":50.0,"fuel_type":"wind","status":"operational","precision":"approximate","source":"powerplantmatching v0.9.0, 2026-10-03 · Global Energy Monitor, OpenStreetMap","source_url":"https://www.openstreetmap.org/relation/20319654","tech":"Onshore","commissioning_year":2022},"geometry":{"type":"Point","coordinates":[-1.725,38.921]}},{"type":"Feature","properties":{"id":"ppm-es-5536","name":"Ence Puertollano","capacity_mw":50.0,"fuel_type":"biomass","status":"operational","precision":"approximate","source":"powerplantmatching v0.9.0, 2026-10-03 · Global Energy Monitor, OpenStreetMap","source_url":"https://www.openstreetmap.org/way/145466002","tech":"CCGT","commissioning_year":2020},"geometry":{"type":"Point","coordinates":[-3.987,38.656]}},{"type":"Feature","properties":{"id":"ppm-es-5565","name":"La Luna Wind Farm","capacity_mw":50.0,"fuel_type":"wind","status":"operational","precision":"approximate","source":"powerplantmatching v0.9.0, 2026-10-03 · Global Energy Monitor, OpenStreetMap","source_url":"https://www.openstreetmap.org/relation/12934673","tech":"Onshore"},"geometry":{"type":"Point","coordinates":[-2.1,41.85]}},{"type":"Feature","properties":{"id":"ppm-es-5570","name":"Juno Wind Farm","capacity_mw":50.0,"fuel_type":"wind","status":"operational","precision":"approximate","source":"powerplantmatching v0.9.0, 2026-10-03 · Global Energy Monitor, OpenStreetMap","source_url":"https://www.openstreetmap.org/relation/12934727","tech":"Onshore"},"geometry":{"type":"Point","coordinates":[-2.25,41.84]}},{"type":"Feature","properties":{"id":"ppm-es-5579","name":"Hiperion Wind Farm","capacity_mw":50.0,"fuel_type":"wind","status":"operational","precision":"approximate","source":"powerplantmatching v0.9.0, 2026-10-03 · Global Energy Monitor, OpenStreetMap","source_url":"https://www.openstreetmap.org/relation/12934728","tech":"Onshore","commissioning_year":2011},"geometry":{"type":"Point","coordinates":[-2.224,41.852]}},{"type":"Feature","properties":{"id":"ppm-es-5582","name":"Iniesta Wind Farm","capacity_mw":50.0,"fuel_type":"wind","status":"operational","precision":"approximate","source":"powerplantmatching v0.9.0, 2026-10-03 · Global Energy Monitor, OpenStreetMap","source_url":"https://www.openstreetmap.org/relation/20312035","tech":"Onshore"},"geometry":{"type":"Point","coordinates":[-1.731,39.562]}},{"type":"Feature","properties":{"id":"ppm-es-5598","name":"Las Tres Villas Wind Farm","capacity_mw":50.0,"fuel_type":"wind","status":"operational","precision":"approximate","source":"powerplantmatching v0.9.0, 2026-10-03 · Global Energy Monitor, OpenStreetMap","source_url":"https://www.openstreetmap.org/relation/13932721","tech":"Onshore"},"geometry":{"type":"Point","coordinates":[-2.72,37.165]}},{"type":"Feature","properties":{"id":"ppm-es-5618","name":"Molar De Molinar Wind Farm","capacity_mw":50.0,"fuel_type":"wind","status":"operational","precision":"approximate","source":"powerplantmatching v0.9.0, 2026-10-03 · Global Energy Monitor, OpenStreetMap","source_url":"https://www.openstreetmap.org/relation/20312729","tech":"Onshore","commissioning_year":2000},"geometry":{"type":"Point","coordinates":[-2.051,38.694]}},{"type":"Feature","properties":{"id":"ppm-es-5627","name":"Majal Alto Wind Farm","capacity_mw":50.0,"fuel_type":"wind","status":"operational","precision":"approximate","source":"powerplantmatching v0.9.0, 2026-10-03 · Global Energy Monitor, OpenStreetMap","source_url":"https://www.openstreetmap.org/relation/13934163","tech":"Onshore","commissioning_year":2009},"geometry":{"type":"Point","coordinates":[-7.246,37.611]}},{"type":"Feature","properties":{"id":"ppm-es-5628","name":"Malefaton Wind Farm","capacity_mw":50.0,"fuel_type":"wind","status":"operational","precision":"approximate","source":"powerplantmatching v0.9.0, 2026-10-03 · Global Energy Monitor, OpenStreetMap","source_url":"https://www.openstreetmap.org/relation/20319600","tech":"Onshore","commissioning_year":2000},"geometry":{"type":"Point","coordinates":[-1.44,38.96]}},{"type":"Feature","properties":{"id":"ppm-es-5629","name":"Masgalan Campo De Coco Wind Farm","capacity_mw":50.0,"fuel_type":"wind","status":"operational","precision":"approximate","source":"powerplantmatching v0.9.0, 2026-10-03 · Global Energy Monitor, OpenStreetMap","source_url":"https://www.openstreetmap.org/relation/17174553","tech":"Onshore","commissioning_year":2001},"geometry":{"type":"Point","coordinates":[-8.267,42.601]}},{"type":"Feature","properties":{"id":"ppm-es-5654","name":"Picador Wind Farm","capacity_mw":50.0,"fuel_type":"wind","status":"operational","precision":"approximate","source":"powerplantmatching v0.9.0, 2026-10-03 · Global Energy Monitor, OpenStreetMap","source_url":"https://www.openstreetmap.org/relation/12991938","tech":"Onshore"},"geometry":{"type":"Point","coordinates":[-1.463,41.709]}},{"type":"Feature","properties":{"id":"ppm-es-5673","name":"Monte Tourado Eixe Wind Farm","capacity_mw":50.0,"fuel_type":"wind","status":"operational","precision":"approximate","source":"powerplantmatching v0.9.0, 2026-10-03 · Global Energy Monitor, OpenStreetMap","source_url":"https://www.openstreetmap.org/relation/15602838","tech":"Onshore","commissioning_year":2019},"geometry":{"type":"Point","coordinates":[-9.009,43.072]}},{"type":"Feature","properties":{"id":"ppm-es-5676","name":"Montesol Solar Farm","capacity_mw":50.0,"fuel_type":"solar","status":"operational","precision":"approximate","source":"powerplantmatching v0.9.0, 2026-10-03 · Global Energy Monitor, OpenStreetMap","source_url":"https://www.openstreetmap.org/relation/13028479","tech":"PV","commissioning_year":2020},"geometry":{"type":"Point","coordinates":[-0.899,40.711]}},{"type":"Feature","properties":{"id":"ppm-es-5678","name":"Moron De Almazan Wind Farm","capacity_mw":50.0,"fuel_type":"wind","status":"operational","precision":"approximate","source":"powerplantmatching v0.9.0, 2026-10-03 · Global Energy Monitor, OpenStreetMap","source_url":"https://www.openstreetmap.org/relation/13064829","tech":"Onshore","commissioning_year":2006},"geometry":{"type":"Point","coordinates":[-2.427,41.389]}},{"type":"Feature","properties":{"id":"ppm-es-5683","name":"Sant Antoni Wind Farm","capacity_mw":50.0,"fuel_type":"wind","status":"operational","precision":"approximate","source":"powerplantmatching v0.9.0, 2026-10-03 · Global Energy Monitor, OpenStreetMap","source_url":"https://www.openstreetmap.org/relation/19593846","tech":"Onshore","commissioning_year":2010},"geometry":{"type":"Point","coordinates":[0.615,41.388]}},{"type":"Feature","properties":{"id":"ppm-es-5700","name":"Refoyas Wind Farm","capacity_mw":50.0,"fuel_type":"wind","status":"operational","precision":"approximate","source":"powerplantmatching v0.9.0, 2026-10-03 · Global Energy Monitor, OpenStreetMap","source_url":"https://www.openstreetmap.org/relation/13474737","tech":"Onshore","commissioning_year":2006},"geometry":{"type":"Point","coordinates":[-0.267,40.728]}},{"type":"Feature","properties":{"id":"ppm-es-5709","name":"Puerto Escandon Wind Farm","capacity_mw":50.0,"fuel_type":"wind","status":"operational","precision":"approximate","source":"powerplantmatching v0.9.0, 2026-10-03 · Global Energy Monitor, OpenStreetMap","source_url":"https://www.openstreetmap.org/relation/12848188","tech":"Onshore","commissioning_year":2004},"geometry":{"type":"Point","coordinates":[-0.957,40.321]}},{"type":"Feature","properties":{"id":"ppm-es-5714","name":"Teso Santo Wind Farm","capacity_mw":50.0,"fuel_type":"wind","status":"operational","precision":"approximate","source":"powerplantmatching v0.9.0, 2026-10-03 · Global Energy Monitor, OpenStreetMap","source_url":"https://www.openstreetmap.org/relation/15833936","tech":"Onshore","commissioning_year":2011},"geometry":{"type":"Point","coordinates":[-5.663,40.965]}},{"type":"Feature","properties":{"id":"ppm-es-5769","name":"Urbel Del Castillo Wind Farm","capacity_mw":50.0,"fuel_type":"wind","status":"operational","precision":"approximate","source":"powerplantmatching v0.9.0, 2026-10-03 · Global Energy Monitor, OpenStreetMap","source_url":"https://www.openstreetmap.org/relation/14122631","tech":"Onshore","commissioning_year":2006},"geometry":{"type":"Point","coordinates":[-3.802,42.584]}},{"type":"Feature","properties":{"id":"ppm-es-10366","name":"La Risca","capacity_mw":50.0,"fuel_type":"solar","status":"operational","precision":"approximate","source":"powerplantmatching v0.9.0, 2026-10-03 · WRI GPPD, GEO","source_url":"https://github.com/PyPSA/powerplantmatching","tech":"Csp","commissioning_year":2009},"geometry":{"type":"Point","coordinates":[-6.824,38.827]}},{"type":"Feature","properties":{"id":"ppm-es-10775","name":"Almansa Elio Solar Farm","capacity_mw":50.0,"fuel_type":"solar","status":"operational","precision":"approximate","source":"powerplantmatching v0.9.0, 2026-10-03 · Global Energy Monitor, WRI GPPD","source_url":"https://github.com/PyPSA/powerplantmatching","tech":"PV","commissioning_year":2019},"geometry":{"type":"Point","coordinates":[-1.048,38.83]}},{"type":"Feature","properties":{"id":"ppm-es-10816","name":"Arenales Thermosolar Solar Farm","capacity_mw":50.0,"fuel_type":"solar","status":"operational","precision":"approximate","source":"powerplantmatching v0.9.0, 2026-10-03 · Global Energy Monitor, WRI GPPD","source_url":"https://github.com/PyPSA/powerplantmatching","tech":"Csp","commissioning_year":2013},"geometry":{"type":"Point","coordinates":[-5.553,37.155]}},{"type":"Feature","properties":{"id":"ppm-es-10835","name":"El Tollo Wind Farm","capacity_mw":50.0,"fuel_type":"wind","status":"operational","precision":"approximate","source":"powerplantmatching v0.9.0, 2026-10-03 · Global Energy Monitor, WRI GPPD","source_url":"https://github.com/PyPSA/powerplantmatching","tech":"Onshore","commissioning_year":2021},"geometry":{"type":"Point","coordinates":[-1.301,41.63]}},{"type":"Feature","properties":{"id":"ppm-es-10863","name":"Castilfrio Wind Farm","capacity_mw":50.0,"fuel_type":"wind","status":"operational","precision":"approximate","source":"powerplantmatching v0.9.0, 2026-10-03 · Global Energy Monitor, WRI GPPD","source_url":"https://github.com/PyPSA/powerplantmatching","tech":"Onshore","commissioning_year":2001},"geometry":{"type":"Point","coordinates":[-2.293,41.949]}},{"type":"Feature","properties":{"id":"ppm-es-10864","name":"La Fuensanta Wind Farm","capacity_mw":50.0,"fuel_type":"wind","status":"operational","precision":"approximate","source":"powerplantmatching v0.9.0, 2026-10-03 · Global Energy Monitor, WRI GPPD","source_url":"https://github.com/PyPSA/powerplantmatching","tech":"Onshore","commissioning_year":2005},"geometry":{"type":"Point","coordinates":[-2.021,38.686]}},{"type":"Feature","properties":{"id":"ppm-es-10871","name":"La Tella Wind Farm","capacity_mw":50.0,"fuel_type":"wind","status":"operational","precision":"approximate","source":"powerplantmatching v0.9.0, 2026-10-03 · Global Energy Monitor, WRI GPPD","source_url":"https://github.com/PyPSA/powerplantmatching","tech":"Onshore","commissioning_year":2007},"geometry":{"type":"Point","coordinates":[-1.324,38.479]}},{"type":"Feature","properties":{"id":"ppm-es-10872","name":"Ibersol Ciudad Real Csp Solar Farm","capacity_mw":50.0,"fuel_type":"solar","status":"operational","precision":"approximate","source":"powerplantmatching v0.9.0, 2026-10-03 · Global Energy Monitor, WRI GPPD","source_url":"https://github.com/PyPSA/powerplantmatching","tech":"Csp","commissioning_year":2009},"geometry":{"type":"Point","coordinates":[-3.975,38.643]}},{"type":"Feature","properties":{"id":"ppm-es-10924","name":"Lebrija Csp Solar Farm","capacity_mw":50.0,"fuel_type":"solar","status":"operational","precision":"approximate","source":"powerplantmatching v0.9.0, 2026-10-03 · Global Energy Monitor, WRI GPPD","source_url":"https://github.com/PyPSA/powerplantmatching","tech":"Csp","commissioning_year":2011},"geometry":{"type":"Point","coordinates":[-6.049,37.006]}},{"type":"Feature","properties":{"id":"ppm-es-10926","name":"Lezuza Wind Farm","capacity_mw":50.0,"fuel_type":"wind","status":"operational","precision":"approximate","source":"powerplantmatching v0.9.0, 2026-10-03 · Global Energy Monitor, WRI GPPD","source_url":"https://github.com/PyPSA/powerplantmatching","tech":"Onshore","commissioning_year":2009},"geometry":{"type":"Point","coordinates":[-2.349,38.9]}},{"type":"Feature","properties":{"id":"ppm-es-10934","name":"Serra Del Tallat Wind Farm","capacity_mw":50.0,"fuel_type":"wind","status":"operational","precision":"approximate","source":"powerplantmatching v0.9.0, 2026-10-03 · Global Energy Monitor, WRI GPPD","source_url":"https://github.com/PyPSA/powerplantmatching","tech":"Onshore","commissioning_year":2007},"geometry":{"type":"Point","coordinates":[1.168,41.486]}},{"type":"Feature","properties":{"id":"ppm-es-12316","name":"Alarcos Solar Farm","capacity_mw":50.0,"fuel_type":"solar","status":"operational","precision":"approximate","source":"powerplantmatching v0.9.0, 2026-10-03 · Global Energy Monitor","source_url":"https://github.com/PyPSA/powerplantmatching","tech":"PV","commissioning_year":2020},"geometry":{"type":"Point","coordinates":[-3.99,38.936]}},{"type":"Feature","properties":{"id":"ppm-es-12334","name":"Albeniz Solar Farm","capacity_mw":50.0,"fuel_type":"solar","status":"operational","precision":"approximate","source":"powerplantmatching v0.9.0, 2026-10-03 · Global Energy Monitor","source_url":"https://github.com/PyPSA/powerplantmatching","tech":"PV","commissioning_year":2022},"geometry":{"type":"Point","coordinates":[-2.45,36.848]}},{"type":"Feature","properties":{"id":"ppm-es-12480","name":"Amazon Zaragoza Solar Farm","capacity_mw":50.0,"fuel_type":"solar","status":"operational","precision":"approximate","source":"powerplantmatching v0.9.0, 2026-10-03 · Global Energy Monitor","source_url":"https://github.com/PyPSA/powerplantmatching","tech":"PV","commissioning_year":2021},"geometry":{"type":"Point","coordinates":[-0.784,41.652]}},{"type":"Feature","properties":{"id":"ppm-es-12650","name":"Andevalo Solar Farm","capacity_mw":50.0,"fuel_type":"solar","status":"operational","precision":"approximate","source":"powerplantmatching v0.9.0, 2026-10-03 · Global Energy Monitor","source_url":"https://github.com/PyPSA/powerplantmatching","tech":"PV","commissioning_year":2020},"geometry":{"type":"Point","coordinates":[-7.245,37.61]}},{"type":"Feature","properties":{"id":"ppm-es-12914","name":"Augusto Solar Farm","capacity_mw":50.0,"fuel_type":"solar","status":"operational","precision":"approximate","source":"powerplantmatching v0.9.0, 2026-10-03 · Global Energy Monitor","source_url":"https://github.com/PyPSA/powerplantmatching","tech":"PV","commissioning_year":2020},"geometry":{"type":"Point","coordinates":[-6.884,38.866]}},{"type":"Feature","properties":{"id":"ppm-es-13745","name":"Bolarque Solar Farm","capacity_mw":50.0,"fuel_type":"solar","status":"operational","precision":"approximate","source":"powerplantmatching v0.9.0, 2026-10-03 · Global Energy Monitor","source_url":"https://github.com/PyPSA/powerplantmatching","tech":"PV","commissioning_year":2022},"geometry":{"type":"Point","coordinates":[-2.63,40.334]}},{"type":"Feature","properties":{"id":"ppm-es-14105","name":"Buseco Wind Farm","capacity_mw":50.0,"fuel_type":"wind","status":"operational","precision":"approximate","source":"powerplantmatching v0.9.0, 2026-10-03 · Global Energy Monitor","source_url":"https://github.com/PyPSA/powerplantmatching","tech":"Onshore","commissioning_year":2022},"geometry":{"type":"Point","coordinates":[-5.977,43.309]}},{"type":"Feature","properties":{"id":"ppm-es-14164","name":"Calatrava Solar Farm","capacity_mw":50.0,"fuel_type":"solar","status":"operational","precision":"approximate","source":"powerplantmatching v0.9.0, 2026-10-03 · Global Energy Monitor","source_url":"https://github.com/PyPSA/powerplantmatching","tech":"PV","commissioning_year":2024},"geometry":{"type":"Point","coordinates":[-3.868,38.877]}},{"type":"Feature","properties":{"id":"ppm-es-14184","name":"Caluengo Wind Farm","capacity_mw":50.0,"fuel_type":"wind","status":"operational","precision":"approximate","source":"powerplantmatching v0.9.0, 2026-10-03 · Global Energy Monitor","source_url":"https://github.com/PyPSA/powerplantmatching","tech":"Onshore","commissioning_year":2003},"geometry":{"type":"Point","coordinates":[-1.832,42.32]}},{"type":"Feature","properties":{"id":"ppm-es-14268","name":"Carcelen Wind Farm","capacity_mw":50.0,"fuel_type":"wind","status":"operational","precision":"approximate","source":"powerplantmatching v0.9.0, 2026-10-03 · Global Energy Monitor","source_url":"https://github.com/PyPSA/powerplantmatching","tech":"Onshore","commissioning_year":2004},"geometry":{"type":"Point","coordinates":[-1.318,39.092]}},{"type":"Feature","properties":{"id":"ppm-es-14284","name":"Carondio Muriellos Wind Farm","capacity_mw":50.0,"fuel_type":"wind","status":"operational","precision":"approximate","source":"powerplantmatching v0.9.0, 2026-10-03 · Global Energy Monitor","source_url":"https://github.com/PyPSA/powerplantmatching","tech":"Onshore","commissioning_year":2011},"geometry":{"type":"Point","coordinates":[-6.724,43.334]}},{"type":"Feature","properties":{"id":"ppm-es-14288","name":"Carpio De Tajo Solar Farm","capacity_mw":50.0,"fuel_type":"solar","status":"operational","precision":"approximate","source":"powerplantmatching v0.9.0, 2026-10-03 · Global Energy Monitor","source_url":"https://github.com/PyPSA/powerplantmatching","tech":"PV","commissioning_year":2019},"geometry":{"type":"Point","coordinates":[-4.527,39.846]}},{"type":"Feature","properties":{"id":"ppm-es-14832","name":"Cavadilla Wind Farm","capacity_mw":50.0,"fuel_type":"wind","status":"operational","precision":"approximate","source":"powerplantmatching v0.9.0, 2026-10-03 · Global Energy Monitor","source_url":"https://github.com/PyPSA/powerplantmatching","tech":"Onshore","commissioning_year":2025},"geometry":{"type":"Point","coordinates":[-4.327,41.919]}},{"type":"Feature","properties":{"id":"ppm-es-15056","name":"Chantada Wind Farm","capacity_mw":50.0,"fuel_type":"wind","status":"operational","precision":"approximate","source":"powerplantmatching v0.9.0, 2026-10-03 · Global Energy Monitor","source_url":"https://github.com/PyPSA/powerplantmatching","tech":"Onshore","commissioning_year":2005},"geometry":{"type":"Point","coordinates":[-7.89,42.649]}},{"type":"Feature","properties":{"id":"ppm-es-15190","name":"Chumillas Wind Farm","capacity_mw":50.0,"fuel_type":"wind","status":"operational","precision":"approximate","source":"powerplantmatching v0.9.0, 2026-10-03 · Global Energy Monitor","source_url":"https://github.com/PyPSA/powerplantmatching","tech":"Onshore","commissioning_year":2005},"geometry":{"type":"Point","coordinates":[-2.045,39.755]}},{"type":"Feature","properties":{"id":"ppm-es-15218","name":"Cincinato Solar Farm","capacity_mw":50.0,"fuel_type":"solar","status":"operational","precision":"approximate","source":"powerplantmatching v0.9.0, 2026-10-03 · Global Energy Monitor","source_url":"https://github.com/PyPSA/powerplantmatching","tech":"PV","commissioning_year":2021},"geometry":{"type":"Point","coordinates":[-6.559,38.169]}},{"type":"Feature","properties":{"id":"ppm-es-15595","name":"Cubillos Del Sil","capacity_mw":50.0,"fuel_type":"biomass","status":"operational","precision":"approximate","source":"powerplantmatching v0.9.0, 2026-10-03 · Global Energy Monitor","source_url":"https://github.com/PyPSA/powerplantmatching","commissioning_year":2020},"geometry":{"type":"Point","coordinates":[-6.569,42.623]}},{"type":"Feature","properties":{"id":"ppm-es-15606","name":"Curtis Teixeiro","capacity_mw":50.0,"fuel_type":"biomass","status":"operational","precision":"approximate","source":"powerplantmatching v0.9.0, 2026-10-03 · Global Energy Monitor","source_url":"https://github.com/PyPSA/powerplantmatching","commissioning_year":2020},"geometry":{"type":"Point","coordinates":[-8.011,43.158]}},{"type":"Feature","properties":{"id":"ppm-es-16209","name":"Duenas Mill","capacity_mw":50.0,"fuel_type":"gas","status":"operational","precision":"approximate","source":"powerplantmatching v0.9.0, 2026-10-03 · Global Energy Monitor","source_url":"https://github.com/PyPSA/powerplantmatching","tech":"CCGT","commissioning_year":2009},"geometry":{"type":"Point","coordinates":[-4.56,41.839]}},{"type":"Feature","properties":{"id":"ppm-es-16336","name":"El Berrocal Solar Farm","capacity_mw":50.0,"fuel_type":"solar","status":"operational","precision":"approximate","source":"powerplantmatching v0.9.0, 2026-10-03 · Global Energy Monitor","source_url":"https://github.com/PyPSA/powerplantmatching","tech":"PV"},"geometry":{"type":"Point","coordinates":[-6.161,37.547]}},{"type":"Feature","properties":{"id":"ppm-es-16341","name":"El Cerrato Wind Farm","capacity_mw":50.0,"fuel_type":"wind","status":"operational","precision":"approximate","source":"powerplantmatching v0.9.0, 2026-10-03 · Global Energy Monitor","source_url":"https://github.com/PyPSA/powerplantmatching","tech":"Onshore","commissioning_year":2024},"geometry":{"type":"Point","coordinates":[-4.725,41.854]}},{"type":"Feature","properties":{"id":"ppm-es-16364","name":"El Pedron Wind Farm","capacity_mw":50.0,"fuel_type":"wind","status":"operational","precision":"approximate","source":"powerplantmatching v0.9.0, 2026-10-03 · Global Energy Monitor","source_url":"https://github.com/PyPSA/powerplantmatching","tech":"Onshore","commissioning_year":2008},"geometry":{"type":"Point","coordinates":[-6.245,42.444]}},{"type":"Feature","properties":{"id":"ppm-es-16948","name":"Fuentes Solar Farm","capacity_mw":50.0,"fuel_type":"solar","status":"operational","precision":"approximate","source":"powerplantmatching v0.9.0, 2026-10-03 · Global Energy Monitor","source_url":"https://github.com/PyPSA/powerplantmatching","tech":"PV"},"geometry":{"type":"Point","coordinates":[-2.007,39.944]}},{"type":"Feature","properties":{"id":"ppm-es-17732","name":"Hernani Mill","capacity_mw":50.0,"fuel_type":"gas","status":"operational","precision":"approximate","source":"powerplantmatching v0.9.0, 2026-10-03 · Global Energy Monitor","source_url":"https://github.com/PyPSA/powerplantmatching","tech":"CCGT","commissioning_year":2008},"geometry":{"type":"Point","coordinates":[-1.968,43.258]}},{"type":"Feature","properties":{"id":"ppm-es-17738","name":"Herrera Zaragoza Solar Farm","capacity_mw":50.0,"fuel_type":"solar","status":"operational","precision":"approximate","source":"powerplantmatching v0.9.0, 2026-10-03 · Global Energy Monitor","source_url":"https://github.com/PyPSA/powerplantmatching","tech":"PV"},"geometry":{"type":"Point","coordinates":[-4.422,42.654]}},{"type":"Feature","properties":{"id":"ppm-es-19264","name":"La Pereda Hunosa","capacity_mw":50.0,"fuel_type":"biomass","status":"construction","precision":"approximate","source":"powerplantmatching v0.9.0, 2026-10-03 · Global Energy Monitor","source_url":"https://github.com/PyPSA/powerplantmatching","commissioning_year":2027},"geometry":{"type":"Point","coordinates":[-5.808,43.273]}},{"type":"Feature","properties":{"id":"ppm-es-19561","name":"Las Corchas Solar Farm","capacity_mw":50.0,"fuel_type":"solar","status":"operational","precision":"approximate","source":"powerplantmatching v0.9.0, 2026-10-03 · Global Energy Monitor","source_url":"https://github.com/PyPSA/powerplantmatching","tech":"PV","commissioning_year":2020},"geometry":{"type":"Point","coordinates":[-5.703,37.474]}},{"type":"Feature","properties":{"id":"ppm-es-19949","name":"Loma Gorda Naturgy Wind Farm","capacity_mw":50.0,"fuel_type":"wind","status":"operational","precision":"approximate","source":"powerplantmatching v0.9.0, 2026-10-03 · Global Energy Monitor","source_url":"https://github.com/PyPSA/powerplantmatching","tech":"Onshore","commissioning_year":2019},"geometry":{"type":"Point","coordinates":[-1.948,41.009]}},{"type":"Feature","properties":{"id":"ppm-es-20000","name":"Los Frailes Solar Farm","capacity_mw":50.0,"fuel_type":"solar","status":"operational","precision":"approximate","source":"powerplantmatching v0.9.0, 2026-10-03 · Global Energy Monitor","source_url":"https://github.com/PyPSA/powerplantmatching","tech":"PV","commissioning_year":2022},"geometry":{"type":"Point","coordinates":[-7.048,38.781]}},{"type":"Feature","properties":{"id":"ppm-es-20012","name":"Los Naranjos Solar Farm","capacity_mw":50.0,"fuel_type":"solar","status":"operational","precision":"approximate","source":"powerplantmatching v0.9.0, 2026-10-03 · Global Energy Monitor","source_url":"https://github.com/PyPSA/powerplantmatching","tech":"PV","commissioning_year":2020},"geometry":{"type":"Point","coordinates":[-5.871,37.428]}},{"type":"Feature","properties":{"id":"ppm-es-20640","name":"Miramundo Solar Farm","capacity_mw":50.0,"fuel_type":"solar","status":"operational","precision":"approximate","source":"powerplantmatching v0.9.0, 2026-10-03 · Global Energy Monitor","source_url":"https://github.com/PyPSA/powerplantmatching","tech":"PV","commissioning_year":2019},"geometry":{"type":"Point","coordinates":[-6.131,36.52]}},{"type":"Feature","properties":{"id":"ppm-es-20751","name":"Monclova Solar Farm","capacity_mw":50.0,"fuel_type":"solar","status":"operational","precision":"approximate","source":"powerplantmatching v0.9.0, 2026-10-03 · Global Energy Monitor","source_url":"https://github.com/PyPSA/powerplantmatching","tech":"PV","commissioning_year":2019},"geometry":{"type":"Point","coordinates":[-5.332,37.549]}},{"type":"Feature","properties":{"id":"ppm-es-20948","name":"Muela Cubillo Wind Farm","capacity_mw":50.0,"fuel_type":"wind","status":"operational","precision":"approximate","source":"powerplantmatching v0.9.0, 2026-10-03 · Global Energy Monitor","source_url":"https://github.com/PyPSA/powerplantmatching","tech":"Onshore","commissioning_year":2008},"geometry":{"type":"Point","coordinates":[-1.471,40.025]}},{"type":"Feature","properties":{"id":"ppm-es-21066","name":"Nertobriga Solar Farm","capacity_mw":50.0,"fuel_type":"solar","status":"operational","precision":"approximate","source":"powerplantmatching v0.9.0, 2026-10-03 · Global Energy Monitor","source_url":"https://github.com/PyPSA/powerplantmatching","tech":"PV","commissioning_year":2021},"geometry":{"type":"Point","coordinates":[-6.613,38.257]}},{"type":"Feature","properties":{"id":"ppm-es-21097","name":"Niebla Solar Farm","capacity_mw":50.0,"fuel_type":"solar","status":"operational","precision":"approximate","source":"powerplantmatching v0.9.0, 2026-10-03 · Global Energy Monitor","source_url":"https://github.com/PyPSA/powerplantmatching","tech":"PV","commissioning_year":2023},"geometry":{"type":"Point","coordinates":[-6.842,37.316]}},{"type":"Feature","properties":{"id":"ppm-es-21342","name":"North Spain Kinesis Enerji Wind Farm","capacity_mw":50.0,"fuel_type":"wind","status":"operational","precision":"approximate","source":"powerplantmatching v0.9.0, 2026-10-03 · Global Energy Monitor","source_url":"https://github.com/PyPSA/powerplantmatching","tech":"Onshore"},"geometry":{"type":"Point","coordinates":[-5.071,41.545]}},{"type":"Feature","properties":{"id":"ppm-es-21445","name":"Ocana Solar Farm","capacity_mw":50.0,"fuel_type":"solar","status":"operational","precision":"approximate","source":"powerplantmatching v0.9.0, 2026-10-03 · Global Energy Monitor","source_url":"https://github.com/PyPSA/powerplantmatching","tech":"PV","commissioning_year":2025},"geometry":{"type":"Point","coordinates":[-3.565,39.967]}},{"type":"Feature","properties":{"id":"ppm-es-21789","name":"Palma Del Rio Pv Solar Farm","capacity_mw":50.0,"fuel_type":"solar","status":"operational","precision":"approximate","source":"powerplantmatching v0.9.0, 2026-10-03 · Global Energy Monitor","source_url":"https://github.com/PyPSA/powerplantmatching","tech":"PV","commissioning_year":2019},"geometry":{"type":"Point","coordinates":[-5.273,37.634]}},{"type":"Feature","properties":{"id":"ppm-es-21823","name":"Paramo De Sardon Wind Farm","capacity_mw":50.0,"fuel_type":"wind","status":"operational","precision":"approximate","source":"powerplantmatching v0.9.0, 2026-10-03 · Global Energy Monitor","source_url":"https://github.com/PyPSA/powerplantmatching","tech":"Onshore"},"geometry":{"type":"Point","coordinates":[-4.246,41.871]}},{"type":"Feature","properties":{"id":"ppm-es-21996","name":"Pena Del Gato Wind Farm","capacity_mw":50.0,"fuel_type":"wind","status":"operational","precision":"approximate","source":"powerplantmatching v0.9.0, 2026-10-03 · Global Energy Monitor","source_url":"https://github.com/PyPSA/powerplantmatching","tech":"Onshore","commissioning_year":2021},"geometry":{"type":"Point","coordinates":[-6.217,42.664]}},{"type":"Feature","properties":{"id":"ppm-es-22003","name":"Penarrubia Solar Farm","capacity_mw":50.0,"fuel_type":"solar","status":"operational","precision":"approximate","source":"powerplantmatching v0.9.0, 2026-10-03 · Global Energy Monitor","source_url":"https://github.com/PyPSA/powerplantmatching","tech":"PV","commissioning_year":2024},"geometry":{"type":"Point","coordinates":[-4.584,43.259]}},{"type":"Feature","properties":{"id":"ppm-es-22800","name":"Puerto Lumbreras Solar Farm","capacity_mw":50.0,"fuel_type":"solar","status":"operational","precision":"approximate","source":"powerplantmatching v0.9.0, 2026-10-03 · Global Energy Monitor","source_url":"https://github.com/PyPSA/powerplantmatching","tech":"PV","commissioning_year":2021},"geometry":{"type":"Point","coordinates":[-1.811,37.52]}},{"type":"Feature","properties":{"id":"ppm-es-22966","name":"Refineria La Rabida","capacity_mw":50.0,"fuel_type":"oil","status":"operational","precision":"approximate","source":"powerplantmatching v0.9.0, 2026-10-03 · Global Energy Monitor","source_url":"https://github.com/PyPSA/powerplantmatching","tech":"Steam Turbine","commissioning_year":1990},"geometry":{"type":"Point","coordinates":[-6.901,37.186]}},{"type":"Feature","properties":{"id":"ppm-es-23353","name":"Saica Mill Zaragoza","capacity_mw":50.0,"fuel_type":"biomass","status":"operational","precision":"approximate","source":"powerplantmatching v0.9.0, 2026-10-03 · Global Energy Monitor","source_url":"https://github.com/PyPSA/powerplantmatching","commissioning_year":2012},"geometry":{"type":"Point","coordinates":[-0.87,41.673]}},{"type":"Feature","properties":{"id":"ppm-es-24075","name":"Sogama","capacity_mw":50.0,"fuel_type":"waste","status":"operational","precision":"approximate","source":"powerplantmatching v0.9.0, 2026-10-03 · Global Energy Monitor","source_url":"https://github.com/PyPSA/powerplantmatching","commissioning_year":2000},"geometry":{"type":"Point","coordinates":[-8.44,43.17]}},{"type":"Feature","properties":{"id":"ppm-es-24089","name":"Sol De Casaquemada Solar Farm","capacity_mw":50.0,"fuel_type":"solar","status":"operational","precision":"approximate","source":"powerplantmatching v0.9.0, 2026-10-03 · Global Energy Monitor","source_url":"https://github.com/PyPSA/powerplantmatching","tech":"PV","commissioning_year":2022},"geometry":{"type":"Point","coordinates":[-6.281,37.43]}},{"type":"Feature","properties":{"id":"ppm-es-24740","name":"Tabernas Solar Farm","capacity_mw":50.0,"fuel_type":"solar","status":"operational","precision":"approximate","source":"powerplantmatching v0.9.0, 2026-10-03 · Global Energy Monitor","source_url":"https://github.com/PyPSA/powerplantmatching","tech":"PV"},"geometry":{"type":"Point","coordinates":[-2.263,37.052]}},{"type":"Feature","properties":{"id":"ppm-es-25108","name":"Torre De Cotillas Solar Farm","capacity_mw":50.0,"fuel_type":"solar","status":"operational","precision":"approximate","source":"powerplantmatching v0.9.0, 2026-10-03 · Global Energy Monitor","source_url":"https://github.com/PyPSA/powerplantmatching","tech":"PV","commissioning_year":2019},"geometry":{"type":"Point","coordinates":[-1.322,37.979]}},{"type":"Feature","properties":{"id":"ppm-es-25814","name":"Villanueva Del Rey Solar Farm","capacity_mw":50.0,"fuel_type":"solar","status":"operational","precision":"approximate","source":"powerplantmatching v0.9.0, 2026-10-03 · Global Energy Monitor","source_url":"https://github.com/PyPSA/powerplantmatching","tech":"PV","commissioning_year":2024},"geometry":{"type":"Point","coordinates":[-4.547,37.522]}},{"type":"Feature","properties":{"id":"ppm-es-25815","name":"Villanueva Eni Solar Farm","capacity_mw":50.0,"fuel_type":"solar","status":"operational","precision":"approximate","source":"powerplantmatching v0.9.0, 2026-10-03 · Global Energy Monitor","source_url":"https://github.com/PyPSA/powerplantmatching","tech":"PV","commissioning_year":2024},"geometry":{"type":"Point","coordinates":[-2.572,40.009]}},{"type":"Feature","properties":{"id":"ppm-es-25849","name":"Virgen De Arenos Solar Farm","capacity_mw":50.0,"fuel_type":"solar","status":"operational","precision":"approximate","source":"powerplantmatching v0.9.0, 2026-10-03 · Global Energy Monitor","source_url":"https://github.com/PyPSA/powerplantmatching","tech":"PV"},"geometry":{"type":"Point","coordinates":[-4.837,42.562]}},{"type":"Feature","properties":{"id":"ppm-es-26346","name":"Zafra Opdenergy Solar Farm","capacity_mw":50.0,"fuel_type":"solar","status":"operational","precision":"approximate","source":"powerplantmatching v0.9.0, 2026-10-03 · Global Energy Monitor","source_url":"https://github.com/PyPSA/powerplantmatching","tech":"PV","commissioning_year":2019},"geometry":{"type":"Point","coordinates":[-5.824,37.306]}},{"type":"Feature","properties":{"id":"ppm-es-26572","name":"Zumajo Solar Farm","capacity_mw":50.0,"fuel_type":"solar","status":"construction","precision":"approximate","source":"powerplantmatching v0.9.0, 2026-10-03 · Global Energy Monitor","source_url":"https://github.com/PyPSA/powerplantmatching","tech":"PV","commissioning_year":2026},"geometry":{"type":"Point","coordinates":[-4.225,38.042]}},{"type":"Feature","properties":{"id":"ppm-es-3532","name":"Astexol Csp Solar Farm","capacity_mw":49.9,"fuel_type":"solar","status":"operational","precision":"approximate","source":"powerplantmatching v0.9.0, 2026-10-03 · Global Energy Monitor, WRI GPPD, GEO","source_url":"https://github.com/PyPSA/powerplantmatching","tech":"Csp","commissioning_year":2012},"geometry":{"type":"Point","coordinates":[-7.059,38.812]}},{"type":"Feature","properties":{"id":"ppm-es-3534","name":"Casablanca Csp Solar Farm","capacity_mw":49.9,"fuel_type":"solar","status":"operational","precision":"approximate","source":"powerplantmatching v0.9.0, 2026-10-03 · Global Energy Monitor, WRI GPPD, GEO","source_url":"https://github.com/PyPSA/powerplantmatching","tech":"Csp","commissioning_year":2013},"geometry":{"type":"Point","coordinates":[-5.312,39.242]}},{"type":"Feature","properties":{"id":"ppm-es-3536","name":"La Dehesa Csp Solar Farm","capacity_mw":49.9,"fuel_type":"solar","status":"operational","precision":"approximate","source":"powerplantmatching v0.9.0, 2026-10-03 · Global Energy Monitor, WRI GPPD, GEO","source_url":"https://github.com/PyPSA/powerplantmatching","tech":"Csp","commissioning_year":2010},"geometry":{"type":"Point","coordinates":[-6.468,38.951]}},{"type":"Feature","properties":{"id":"ppm-es-10837","name":"Enerstar Villena Thermosolar Solar Farm","capacity_mw":49.9,"fuel_type":"solar","status":"operational","precision":"approximate","source":"powerplantmatching v0.9.0, 2026-10-03 · Global Energy Monitor, WRI GPPD","source_url":"https://github.com/PyPSA/powerplantmatching","tech":"Csp","commissioning_year":2013},"geometry":{"type":"Point","coordinates":[-0.921,38.729]}},{"type":"Feature","properties":{"id":"ppm-es-10875","name":"La Africana Thermosolar Farm","capacity_mw":49.9,"fuel_type":"solar","status":"operational","precision":"approximate","source":"powerplantmatching v0.9.0, 2026-10-03 · Global Energy Monitor, WRI GPPD","source_url":"https://github.com/PyPSA/powerplantmatching","tech":"Csp","commissioning_year":2012},"geometry":{"type":"Point","coordinates":[-5.058,37.755]}},{"type":"Feature","properties":{"id":"ppm-es-10946","name":"Orellana Csp Solar Farm","capacity_mw":49.9,"fuel_type":"solar","status":"operational","precision":"approximate","source":"powerplantmatching v0.9.0, 2026-10-03 · Global Energy Monitor, WRI GPPD","source_url":"https://github.com/PyPSA/powerplantmatching","tech":"Csp","commissioning_year":2012},"geometry":{"type":"Point","coordinates":[-5.549,38.992]}},{"type":"Feature","properties":{"id":"ppm-es-10952","name":"Moron Thermosolar Solar Farm","capacity_mw":49.9,"fuel_type":"solar","status":"operational","precision":"approximate","source":"powerplantmatching v0.9.0, 2026-10-03 · Global Energy Monitor, WRI GPPD","source_url":"https://github.com/PyPSA/powerplantmatching","tech":"Csp","commissioning_year":2012},"geometry":{"type":"Point","coordinates":[-5.571,37.118]}},{"type":"Feature","properties":{"id":"ppm-es-15016","name":"Cfs Alarcos Solar Farm","capacity_mw":49.9,"fuel_type":"solar","status":"operational","precision":"approximate","source":"powerplantmatching v0.9.0, 2026-10-03 · Global Energy Monitor","source_url":"https://github.com/PyPSA/powerplantmatching","tech":"PV","commissioning_year":2019},"geometry":{"type":"Point","coordinates":[-4.081,38.857]}},{"type":"Feature","properties":{"id":"ppm-es-20002","name":"Los Limonetes Solar Farm","capacity_mw":49.9,"fuel_type":"solar","status":"operational","precision":"approximate","source":"powerplantmatching v0.9.0, 2026-10-03 · Global Energy Monitor","source_url":"https://github.com/PyPSA/powerplantmatching","tech":"PV"},"geometry":{"type":"Point","coordinates":[-6.81,38.777]}},{"type":"Feature","properties":{"id":"ppm-es-20231","name":"Majada Alta Solar Farm","capacity_mw":49.9,"fuel_type":"solar","status":"operational","precision":"approximate","source":"powerplantmatching v0.9.0, 2026-10-03 · Global Energy Monitor","source_url":"https://github.com/PyPSA/powerplantmatching","tech":"PV","commissioning_year":2022},"geometry":{"type":"Point","coordinates":[-7.456,39.63]}},{"type":"Feature","properties":{"id":"ppm-es-5719","name":"Turroneros Solar Farm","capacity_mw":49.6,"fuel_type":"solar","status":"operational","precision":"approximate","source":"powerplantmatching v0.9.0, 2026-10-03 · Global Energy Monitor, OpenStreetMap","source_url":"https://www.openstreetmap.org/relation/13011375","tech":"PV","commissioning_year":2021},"geometry":{"type":"Point","coordinates":[-0.471,38.509]}},{"type":"Feature","properties":{"id":"ppm-es-5392","name":"Barrica Solar Farm","capacity_mw":49.5,"fuel_type":"solar","status":"operational","precision":"approximate","source":"powerplantmatching v0.9.0, 2026-10-03 · Global Energy Monitor, OpenStreetMap","source_url":"https://www.openstreetmap.org/relation/14657219","tech":"PV","commissioning_year":2022},"geometry":{"type":"Point","coordinates":[-1.277,40.903]}},{"type":"Feature","properties":{"id":"ppm-es-5443","name":"Calamocha Solar Farm","capacity_mw":49.5,"fuel_type":"solar","status":"operational","precision":"approximate","source":"powerplantmatching v0.9.0, 2026-10-03 · Global Energy Monitor, OpenStreetMap","source_url":"https://www.openstreetmap.org/way/1100839749","tech":"PV","commissioning_year":2021},"geometry":{"type":"Point","coordinates":[-0.539,41.259]}},{"type":"Feature","properties":{"id":"ppm-es-5539","name":"Escucha Solar Farm","capacity_mw":49.5,"fuel_type":"solar","status":"operational","precision":"approximate","source":"powerplantmatching v0.9.0, 2026-10-03 · Global Energy Monitor, OpenStreetMap","source_url":"https://www.openstreetmap.org/way/1100839748","tech":"PV","commissioning_year":2021},"geometry":{"type":"Point","coordinates":[-0.54,41.269]}},{"type":"Feature","properties":{"id":"ppm-es-9714","name":"Cuesta Manera","capacity_mw":49.5,"fuel_type":"wind","status":"operational","precision":"approximate","source":"powerplantmatching v0.9.0, 2026-10-03 · WRI GPPD, OpenStreetMap","source_url":"https://www.openstreetmap.org/relation/20234682","tech":"Onshore","commissioning_year":2007},"geometry":{"type":"Point","coordinates":[-4.78,41.916]}},{"type":"Feature","properties":{"id":"ppm-es-14163","name":"Calatayud Solar Farm","capacity_mw":49.5,"fuel_type":"solar","status":"operational","precision":"approximate","source":"powerplantmatching v0.9.0, 2026-10-03 · Global Energy Monitor","source_url":"https://github.com/PyPSA/powerplantmatching","tech":"PV","commissioning_year":2023},"geometry":{"type":"Point","coordinates":[-1.252,41.522]}},{"type":"Feature","properties":{"id":"ppm-es-19274","name":"La Sarguilla Wind Farm","capacity_mw":49.5,"fuel_type":"wind","status":"operational","precision":"approximate","source":"powerplantmatching v0.9.0, 2026-10-03 · Global Energy Monitor","source_url":"https://github.com/PyPSA/powerplantmatching","tech":"Onshore"},"geometry":{"type":"Point","coordinates":[-1.484,39.111]}},{"type":"Feature","properties":{"id":"ppm-es-992","name":"Las Conchas","capacity_mw":49.0,"fuel_type":"hydro","status":"operational","precision":"approximate","source":"powerplantmatching v0.9.0, 2026-10-03 · Global Energy Monitor, JRC (European Commission), Global Hydropower Resources, Open Power System Data, WRI GPPD","source_url":"https://github.com/PyPSA/powerplantmatching","tech":"Reservoir","commissioning_year":1949},"geometry":{"type":"Point","coordinates":[-8.056,41.941]}},{"type":"Feature","properties":{"id":"ppm-es-2548","name":"Carrasquillo Wind Farm","capacity_mw":49.0,"fuel_type":"wind","status":"operational","precision":"approximate","source":"powerplantmatching v0.9.0, 2026-10-03 · Global Energy Monitor, WRI GPPD, OpenStreetMap","source_url":"https://www.openstreetmap.org/relation/13995591","tech":"Onshore","commissioning_year":2003},"geometry":{"type":"Point","coordinates":[-4.178,42.23]}},{"type":"Feature","properties":{"id":"ppm-es-2557","name":"Corbera Wind Farm","capacity_mw":49.0,"fuel_type":"wind","status":"operational","precision":"approximate","source":"powerplantmatching v0.9.0, 2026-10-03 · Global Energy Monitor, WRI GPPD, OpenStreetMap","source_url":"https://www.openstreetmap.org/relation/13075714","tech":"Onshore","commissioning_year":2010},"geometry":{"type":"Point","coordinates":[-0.295,41.743]}},{"type":"Feature","properties":{"id":"ppm-es-2599","name":"La Bobia San Isidro Wind Farm","capacity_mw":49.0,"fuel_type":"wind","status":"operational","precision":"approximate","source":"powerplantmatching v0.9.0, 2026-10-03 · Global Energy Monitor, WRI GPPD, OpenStreetMap","source_url":"https://www.openstreetmap.org/relation/17354922","tech":"Onshore","commissioning_year":2002},"geometry":{"type":"Point","coordinates":[-6.889,43.342]}},{"type":"Feature","properties":{"id":"ppm-es-2606","name":"Serra De Meira Wind Farm","capacity_mw":49.0,"fuel_type":"wind","status":"operational","precision":"approximate","source":"powerplantmatching v0.9.0, 2026-10-03 · Global Energy Monitor, WRI GPPD, OpenStreetMap","source_url":"https://www.openstreetmap.org/relation/15622623","tech":"Onshore","commissioning_year":2005},"geometry":{"type":"Point","coordinates":[-7.294,43.213]}},{"type":"Feature","properties":{"id":"ppm-es-2609","name":"Sierra Costera Wind Farm","capacity_mw":49.0,"fuel_type":"wind","status":"operational","precision":"approximate","source":"powerplantmatching v0.9.0, 2026-10-03 · Global Energy Monitor, WRI GPPD, OpenStreetMap","source_url":"https://www.openstreetmap.org/relation/12848184","tech":"Onshore","commissioning_year":2007},"geometry":{"type":"Point","coordinates":[-0.946,40.719]}},{"type":"Feature","properties":{"id":"ppm-es-5422","name":"Altamira Wind Farm Spain","capacity_mw":49.0,"fuel_type":"wind","status":"operational","precision":"approximate","source":"powerplantmatching v0.9.0, 2026-10-03 · Global Energy Monitor, OpenStreetMap","source_url":"https://www.openstreetmap.org/relation/13935883","tech":"Onshore","commissioning_year":2009},"geometry":{"type":"Point","coordinates":[-5.01,37.029]}},{"type":"Feature","properties":{"id":"ppm-es-5468","name":"Cova Da Serpe Amplicacion Wind Farm","capacity_mw":49.0,"fuel_type":"wind","status":"operational","precision":"approximate","source":"powerplantmatching v0.9.0, 2026-10-03 · Global Energy Monitor, OpenStreetMap","source_url":"https://www.openstreetmap.org/relation/17523431","tech":"Onshore","commissioning_year":2009},"geometry":{"type":"Point","coordinates":[-7.921,43.103]}},{"type":"Feature","properties":{"id":"ppm-es-5490","name":"El Poleo Wind Farm","capacity_mw":49.0,"fuel_type":"wind","status":"operational","precision":"approximate","source":"powerplantmatching v0.9.0, 2026-10-03 · Global Energy Monitor, OpenStreetMap","source_url":"https://www.openstreetmap.org/relation/15844914","tech":"Onshore","commissioning_year":2019},"geometry":{"type":"Point","coordinates":[-5.041,41.773]}},{"type":"Feature","properties":{"id":"ppm-es-5496","name":"El Gallo Wind Farm","capacity_mw":49.0,"fuel_type":"wind","status":"operational","precision":"approximate","source":"powerplantmatching v0.9.0, 2026-10-03 · Global Energy Monitor, OpenStreetMap","source_url":"https://www.openstreetmap.org/relation/17443799","tech":"Onshore","commissioning_year":2012},"geometry":{"type":"Point","coordinates":[-4.008,42.227]}},{"type":"Feature","properties":{"id":"ppm-es-5519","name":"El Cabezo Wind Farm","capacity_mw":49.0,"fuel_type":"wind","status":"operational","precision":"approximate","source":"powerplantmatching v0.9.0, 2026-10-03 · Global Energy Monitor, OpenStreetMap","source_url":"https://www.openstreetmap.org/relation/12991778","tech":"Onshore"},"geometry":{"type":"Point","coordinates":[-1.037,41.564]}},{"type":"Feature","properties":{"id":"ppm-es-5552","name":"La Muga Wind Farm","capacity_mw":49.0,"fuel_type":"wind","status":"operational","precision":"approximate","source":"powerplantmatching v0.9.0, 2026-10-03 · Global Energy Monitor, OpenStreetMap","source_url":"https://www.openstreetmap.org/relation/12998353","tech":"Onshore"},"geometry":{"type":"Point","coordinates":[-1.347,41.868]}},{"type":"Feature","properties":{"id":"ppm-es-5555","name":"La Nava Forestalia Wind Farm","capacity_mw":49.0,"fuel_type":"wind","status":"operational","precision":"approximate","source":"powerplantmatching v0.9.0, 2026-10-03 · Global Energy Monitor, OpenStreetMap","source_url":"https://www.openstreetmap.org/relation/12998350","tech":"Onshore","commissioning_year":2022},"geometry":{"type":"Point","coordinates":[-1.342,41.844]}},{"type":"Feature","properties":{"id":"ppm-es-5624","name":"Los Zapateros Wind Farm","capacity_mw":49.0,"fuel_type":"wind","status":"operational","precision":"approximate","source":"powerplantmatching v0.9.0, 2026-10-03 · Global Energy Monitor, OpenStreetMap","source_url":"https://www.openstreetmap.org/relation/17443798","tech":"Onshore","commissioning_year":2011},"geometry":{"type":"Point","coordinates":[-4.065,42.214]}},{"type":"Feature","properties":{"id":"ppm-es-5662","name":"Pastoriza Rodeiro Wind Farm","capacity_mw":49.0,"fuel_type":"wind","status":"operational","precision":"approximate","source":"powerplantmatching v0.9.0, 2026-10-03 · Global Energy Monitor, OpenStreetMap","source_url":"https://www.openstreetmap.org/relation/17406772","tech":"Onshore","commissioning_year":2019},"geometry":{"type":"Point","coordinates":[-8.505,43.289]}},{"type":"Feature","properties":{"id":"ppm-es-5685","name":"Santa Maria De Nieva Wind Farm","capacity_mw":49.0,"fuel_type":"wind","status":"operational","precision":"approximate","source":"powerplantmatching v0.9.0, 2026-10-03 · Global Energy Monitor, OpenStreetMap","source_url":"https://www.openstreetmap.org/relation/13929761","tech":"Onshore","commissioning_year":2012},"geometry":{"type":"Point","coordinates":[-1.989,37.462]}},{"type":"Feature","properties":{"id":"ppm-es-5689","name":"Romerales Wind Farm","capacity_mw":49.0,"fuel_type":"wind","status":"operational","precision":"approximate","source":"powerplantmatching v0.9.0, 2026-10-03 · Global Energy Monitor, OpenStreetMap","source_url":"https://www.openstreetmap.org/relation/12997784","tech":"Onshore","commissioning_year":2021},"geometry":{"type":"Point","coordinates":[-0.736,41.541]}},{"type":"Feature","properties":{"id":"ppm-es-5720","name":"Sil Wind Farm","capacity_mw":49.0,"fuel_type":"wind","status":"operational","precision":"approximate","source":"powerplantmatching v0.9.0, 2026-10-03 · Global Energy Monitor, OpenStreetMap","source_url":"https://www.openstreetmap.org/relation/17531373","tech":"Onshore","commissioning_year":2004},"geometry":{"type":"Point","coordinates":[-7.665,42.365]}},{"type":"Feature","properties":{"id":"ppm-es-5737","name":"Segura Wind Farm","capacity_mw":49.0,"fuel_type":"wind","status":"operational","precision":"approximate","source":"powerplantmatching v0.9.0, 2026-10-03 · Global Energy Monitor, OpenStreetMap","source_url":"https://www.openstreetmap.org/relation/18521573","tech":"Onshore"},"geometry":{"type":"Point","coordinates":[-1.014,41.055]}},{"type":"Feature","properties":{"id":"ppm-es-10815","name":"Campalbo Wind Farm","capacity_mw":49.0,"fuel_type":"wind","status":"operational","precision":"approximate","source":"powerplantmatching v0.9.0, 2026-10-03 · Global Energy Monitor, WRI GPPD","source_url":"https://github.com/PyPSA/powerplantmatching","tech":"Onshore","commissioning_year":2002},"geometry":{"type":"Point","coordinates":[-1.25,39.888]}},{"type":"Feature","properties":{"id":"ppm-es-10953","name":"Motril Mill","capacity_mw":49.0,"fuel_type":"gas","status":"operational","precision":"approximate","source":"powerplantmatching v0.9.0, 2026-10-03 · Global Energy Monitor, WRI GPPD","source_url":"https://github.com/PyPSA/powerplantmatching","tech":"CCGT","commissioning_year":2001},"geometry":{"type":"Point","coordinates":[-3.542,36.732]}},{"type":"Feature","properties":{"id":"ppm-es-12377","name":"Algibicos Solar Farm","capacity_mw":49.0,"fuel_type":"solar","status":"operational","precision":"approximate","source":"powerplantmatching v0.9.0, 2026-10-03 · Global Energy Monitor","source_url":"https://github.com/PyPSA/powerplantmatching","tech":"PV","commissioning_year":2020},"geometry":{"type":"Point","coordinates":[-1.118,37.847]}},{"type":"Feature","properties":{"id":"ppm-es-12400","name":"Almatret Wind Farm","capacity_mw":49.0,"fuel_type":"wind","status":"operational","precision":"approximate","source":"powerplantmatching v0.9.0, 2026-10-03 · Global Energy Monitor","source_url":"https://github.com/PyPSA/powerplantmatching","tech":"Onshore","commissioning_year":2010},"geometry":{"type":"Point","coordinates":[0.402,41.305]}},{"type":"Feature","properties":{"id":"ppm-es-16374","name":"El Valle Valdenavarro Wind Farm","capacity_mw":49.0,"fuel_type":"wind","status":"operational","precision":"approximate","source":"powerplantmatching v0.9.0, 2026-10-03 · Global Energy Monitor","source_url":"https://github.com/PyPSA/powerplantmatching","tech":"Onshore","commissioning_year":2020},"geometry":{"type":"Point","coordinates":[-1.421,41.923]}},{"type":"Feature","properties":{"id":"ppm-es-19282","name":"La Serreta Wind Farm","capacity_mw":49.0,"fuel_type":"wind","status":"operational","precision":"approximate","source":"powerplantmatching v0.9.0, 2026-10-03 · Global Energy Monitor","source_url":"https://github.com/PyPSA/powerplantmatching","tech":"Onshore","commissioning_year":1999},"geometry":{"type":"Point","coordinates":[-1.299,41.699]}},{"type":"Feature","properties":{"id":"ppm-es-23517","name":"San Esteban Wind Farm","capacity_mw":48.2,"fuel_type":"wind","status":"operational","precision":"approximate","source":"powerplantmatching v0.9.0, 2026-10-03 · Global Energy Monitor","source_url":"https://github.com/PyPSA/powerplantmatching","tech":"Onshore","commissioning_year":1999},"geometry":{"type":"Point","coordinates":[-1.717,42.645]}},{"type":"Feature","properties":{"id":"ppm-es-9775","name":"Tea","capacity_mw":48.1,"fuel_type":"wind","status":"operational","precision":"approximate","source":"powerplantmatching v0.9.0, 2026-10-03 · WRI GPPD, OpenStreetMap","source_url":"https://www.openstreetmap.org/relation/17531232","tech":"Onshore"},"geometry":{"type":"Point","coordinates":[-8.367,42.217]}},{"type":"Feature","properties":{"id":"ppm-es-25376","name":"Ursa Maior Solar Farm","capacity_mw":48.1,"fuel_type":"solar","status":"operational","precision":"approximate","source":"powerplantmatching v0.9.0, 2026-10-03 · Global Energy Monitor","source_url":"https://github.com/PyPSA/powerplantmatching","tech":"PV","commissioning_year":2022},"geometry":{"type":"Point","coordinates":[-5.767,42.517]}},{"type":"Feature","properties":{"id":"ppm-es-2550","name":"Cerro Blanco Acciona Energia Iberdrola Wind Farm","capacity_mw":48.0,"fuel_type":"wind","status":"operational","precision":"approximate","source":"powerplantmatching v0.9.0, 2026-10-03 · Global Energy Monitor, WRI GPPD, OpenStreetMap","source_url":"https://www.openstreetmap.org/relation/17228408","tech":"Onshore","commissioning_year":2007},"geometry":{"type":"Point","coordinates":[-2.417,38.731]}},{"type":"Feature","properties":{"id":"ppm-es-5365","name":"Acampo Arias Wind Farm","capacity_mw":48.0,"fuel_type":"wind","status":"operational","precision":"approximate","source":"powerplantmatching v0.9.0, 2026-10-03 · Global Energy Monitor, OpenStreetMap","source_url":"https://www.openstreetmap.org/relation/12932831","tech":"Onshore","commissioning_year":2004},"geometry":{"type":"Point","coordinates":[-0.785,41.549]}},{"type":"Feature","properties":{"id":"ppm-es-5528","name":"Fatarella Wind Farm","capacity_mw":48.0,"fuel_type":"wind","status":"operational","precision":"approximate","source":"powerplantmatching v0.9.0, 2026-10-03 · Global Energy Monitor, OpenStreetMap","source_url":"https://www.openstreetmap.org/relation/13075716","tech":"Onshore","commissioning_year":2011},"geometry":{"type":"Point","coordinates":[0.5,41.175]}},{"type":"Feature","properties":{"id":"ppm-es-5532","name":"Frescano Wind Farm","capacity_mw":48.0,"fuel_type":"wind","status":"operational","precision":"approximate","source":"powerplantmatching v0.9.0, 2026-10-03 · Global Energy Monitor, OpenStreetMap","source_url":"https://www.openstreetmap.org/relation/12998425","tech":"Onshore","commissioning_year":2019},"geometry":{"type":"Point","coordinates":[-1.483,41.886]}},{"type":"Feature","properties":{"id":"ppm-es-5556","name":"La Paul Wind Farm","capacity_mw":48.0,"fuel_type":"wind","status":"operational","precision":"approximate","source":"powerplantmatching v0.9.0, 2026-10-03 · Global Energy Monitor, OpenStreetMap","source_url":"https://www.openstreetmap.org/relation/18515063","tech":"Onshore"},"geometry":{"type":"Point","coordinates":[-0.891,42.161]}},{"type":"Feature","properties":{"id":"ppm-es-5583","name":"Isabela Wind Farm","capacity_mw":48.0,"fuel_type":"wind","status":"operational","precision":"approximate","source":"powerplantmatching v0.9.0, 2026-10-03 · Global Energy Monitor, OpenStreetMap","source_url":"https://www.openstreetmap.org/relation/17228341","tech":"Onshore","commissioning_year":2001},"geometry":{"type":"Point","coordinates":[-2.176,38.711]}},{"type":"Feature","properties":{"id":"ppm-es-5596","name":"Las Monjas Wind Farm","capacity_mw":48.0,"fuel_type":"wind","status":"operational","precision":"approximate","source":"powerplantmatching v0.9.0, 2026-10-03 · Global Energy Monitor, OpenStreetMap","source_url":"https://www.openstreetmap.org/relation/13943140","tech":"Onshore","commissioning_year":2007},"geometry":{"type":"Point","coordinates":[-5.903,36.499]}},{"type":"Feature","properties":{"id":"ppm-es-5619","name":"Moncayuelo Wind Farm","capacity_mw":48.0,"fuel_type":"wind","status":"operational","precision":"approximate","source":"powerplantmatching v0.9.0, 2026-10-03 · Global Energy Monitor, OpenStreetMap","source_url":"https://www.openstreetmap.org/relation/12927238","tech":"Onshore","commissioning_year":2005},"geometry":{"type":"Point","coordinates":[-1.75,42.442]}},{"type":"Feature","properties":{"id":"ppm-es-5635","name":"Los Lirios Wind Farm","capacity_mw":48.0,"fuel_type":"wind","status":"operational","precision":"approximate","source":"powerplantmatching v0.9.0, 2026-10-03 · Global Energy Monitor, OpenStreetMap","source_url":"https://www.openstreetmap.org/relation/13934172","tech":"Onshore","commissioning_year":2010},"geometry":{"type":"Point","coordinates":[-7.377,37.374]}},{"type":"Feature","properties":{"id":"ppm-es-5674","name":"Montegordo Wind Farm","capacity_mw":48.0,"fuel_type":"wind","status":"operational","precision":"approximate","source":"powerplantmatching v0.9.0, 2026-10-03 · Global Energy Monitor, OpenStreetMap","source_url":"https://www.openstreetmap.org/relation/13934173","tech":"Onshore","commissioning_year":2010},"geometry":{"type":"Point","coordinates":[-7.409,37.329]}},{"type":"Feature","properties":{"id":"ppm-es-12405","name":"Almendros Wind Farm","capacity_mw":48.0,"fuel_type":"wind","status":"operational","precision":"approximate","source":"powerplantmatching v0.9.0, 2026-10-03 · Global Energy Monitor","source_url":"https://github.com/PyPSA/powerplantmatching","tech":"Onshore","commissioning_year":2007},"geometry":{"type":"Point","coordinates":[-1.431,38.661]}},{"type":"Feature","properties":{"id":"ppm-es-14309","name":"Casa Vieja Wind Farm","capacity_mw":48.0,"fuel_type":"wind","status":"operational","precision":"approximate","source":"powerplantmatching v0.9.0, 2026-10-03 · Global Energy Monitor","source_url":"https://github.com/PyPSA/powerplantmatching","tech":"Onshore","commissioning_year":2025},"geometry":{"type":"Point","coordinates":[-4.467,42.029]}},{"type":"Feature","properties":{"id":"ppm-es-15005","name":"Cerro Pelado Wind Farm","capacity_mw":48.0,"fuel_type":"wind","status":"operational","precision":"approximate","source":"powerplantmatching v0.9.0, 2026-10-03 · Global Energy Monitor","source_url":"https://github.com/PyPSA/powerplantmatching","tech":"Onshore"},"geometry":{"type":"Point","coordinates":[-1.407,39.648]}},{"type":"Feature","properties":{"id":"ppm-es-15299","name":"Coll De Moro Wind Farm","capacity_mw":48.0,"fuel_type":"wind","status":"operational","precision":"approximate","source":"powerplantmatching v0.9.0, 2026-10-03 · Global Energy Monitor","source_url":"https://github.com/PyPSA/powerplantmatching","tech":"Onshore","commissioning_year":2012},"geometry":{"type":"Point","coordinates":[-0.201,41.047]}},{"type":"Feature","properties":{"id":"ppm-es-16288","name":"Ecovent Wind Farm","capacity_mw":48.0,"fuel_type":"wind","status":"operational","precision":"approximate","source":"powerplantmatching v0.9.0, 2026-10-03 · Global Energy Monitor","source_url":"https://github.com/PyPSA/powerplantmatching","tech":"Onshore"},"geometry":{"type":"Point","coordinates":[0.612,40.862]}},{"type":"Feature","properties":{"id":"ppm-es-16402","name":"Els Escambrons Wind Farm","capacity_mw":48.0,"fuel_type":"wind","status":"operational","precision":"approximate","source":"powerplantmatching v0.9.0, 2026-10-03 · Global Energy Monitor","source_url":"https://github.com/PyPSA/powerplantmatching","tech":"Onshore","commissioning_year":2012},"geometry":{"type":"Point","coordinates":[0.428,41.287]}},{"type":"Feature","properties":{"id":"ppm-es-19261","name":"La Nava Solar Farm","capacity_mw":48.0,"fuel_type":"solar","status":"operational","precision":"approximate","source":"powerplantmatching v0.9.0, 2026-10-03 · Global Energy Monitor","source_url":"https://github.com/PyPSA/powerplantmatching","tech":"PV","commissioning_year":2019},"geometry":{"type":"Point","coordinates":[-4.191,38.677]}},{"type":"Feature","properties":{"id":"ppm-es-20013","name":"Los Pedrejones Wind Farm","capacity_mw":48.0,"fuel_type":"wind","status":"operational","precision":"approximate","source":"powerplantmatching v0.9.0, 2026-10-03 · Global Energy Monitor","source_url":"https://github.com/PyPSA/powerplantmatching","tech":"Onshore"},"geometry":{"type":"Point","coordinates":[-4.478,42.034]}},{"type":"Feature","properties":{"id":"ppm-es-23341","name":"Sabina Wind Farm","capacity_mw":48.0,"fuel_type":"wind","status":"operational","precision":"approximate","source":"powerplantmatching v0.9.0, 2026-10-03 · Global Energy Monitor","source_url":"https://github.com/PyPSA/powerplantmatching","tech":"Onshore","commissioning_year":2008},"geometry":{"type":"Point","coordinates":[-1.925,38.632]}},{"type":"Feature","properties":{"id":"ppm-es-23612","name":"Sasdonigas Wind Farm","capacity_mw":48.0,"fuel_type":"wind","status":"operational","precision":"approximate","source":"powerplantmatching v0.9.0, 2026-10-03 · Global Energy Monitor","source_url":"https://github.com/PyPSA/powerplantmatching","tech":"Onshore","commissioning_year":2019},"geometry":{"type":"Point","coordinates":[-7.353,43.428]}},{"type":"Feature","properties":{"id":"ppm-es-25110","name":"Torre Madrina Wind Farm","capacity_mw":48.0,"fuel_type":"wind","status":"operational","precision":"approximate","source":"powerplantmatching v0.9.0, 2026-10-03 · Global Energy Monitor","source_url":"https://github.com/PyPSA/powerplantmatching","tech":"Onshore","commissioning_year":2011},"geometry":{"type":"Point","coordinates":[-0.215,41.327]}},{"type":"Feature","properties":{"id":"ppm-es-25786","name":"Vilalba Edpr Wind Farm","capacity_mw":48.0,"fuel_type":"wind","status":"operational","precision":"approximate","source":"powerplantmatching v0.9.0, 2026-10-03 · Global Energy Monitor","source_url":"https://github.com/PyPSA/powerplantmatching","tech":"Onshore"},"geometry":{"type":"Point","coordinates":[0.409,41.12]}},{"type":"Feature","properties":{"id":"ppm-es-20947","name":"Mudejar Solar Farm","capacity_mw":47.6,"fuel_type":"solar","status":"operational","precision":"approximate","source":"powerplantmatching v0.9.0, 2026-10-03 · Global Energy Monitor","source_url":"https://github.com/PyPSA/powerplantmatching","tech":"PV","commissioning_year":2025},"geometry":{"type":"Point","coordinates":[-0.429,41.022]}},{"type":"Feature","properties":{"id":"ppm-es-5483","name":"Cernegula Wind Farm","capacity_mw":47.2,"fuel_type":"wind","status":"operational","precision":"approximate","source":"powerplantmatching v0.9.0, 2026-10-03 · Global Energy Monitor, OpenStreetMap","source_url":"https://www.openstreetmap.org/relation/17867827","tech":"Onshore","commissioning_year":2024},"geometry":{"type":"Point","coordinates":[-3.613,42.707]}},{"type":"Feature","properties":{"id":"ppm-es-2534","name":"Alentisque Wind Farm","capacity_mw":47.0,"fuel_type":"wind","status":"operational","precision":"approximate","source":"powerplantmatching v0.9.0, 2026-10-03 · Global Energy Monitor, WRI GPPD, OpenStreetMap","source_url":"https://www.openstreetmap.org/relation/12966471","tech":"Onshore","commissioning_year":2007},"geometry":{"type":"Point","coordinates":[-2.325,41.403]}},{"type":"Feature","properties":{"id":"ppm-es-2610","name":"Sierra De La Oliva Wind Farm","capacity_mw":47.0,"fuel_type":"wind","status":"operational","precision":"approximate","source":"powerplantmatching v0.9.0, 2026-10-03 · Global Energy Monitor, WRI GPPD, OpenStreetMap","source_url":"https://www.openstreetmap.org/relation/17318308","tech":"Onshore","commissioning_year":2005},"geometry":{"type":"Point","coordinates":[-1.029,38.739]}},{"type":"Feature","properties":{"id":"ppm-es-5417","name":"Aldehuelas Wind Farm","capacity_mw":47.0,"fuel_type":"wind","status":"operational","precision":"approximate","source":"powerplantmatching v0.9.0, 2026-10-03 · Global Energy Monitor, OpenStreetMap","source_url":"https://www.openstreetmap.org/relation/13062943","tech":"Onshore","commissioning_year":2004},"geometry":{"type":"Point","coordinates":[-2.44,41.997]}},{"type":"Feature","properties":{"id":"ppm-es-5666","name":"Muniesa Wind Farm","capacity_mw":47.0,"fuel_type":"wind","status":"operational","precision":"approximate","source":"powerplantmatching v0.9.0, 2026-10-03 · Global Energy Monitor, OpenStreetMap","source_url":"https://www.openstreetmap.org/relation/12923228","tech":"Onshore","commissioning_year":2019},"geometry":{"type":"Point","coordinates":[-0.717,41.099]}},{"type":"Feature","properties":{"id":"ppm-es-10957","name":"Neumaticos Michelin Vitoria","capacity_mw":47.0,"fuel_type":"gas","status":"operational","precision":"approximate","source":"powerplantmatching v0.9.0, 2026-10-03 · Global Energy Monitor, WRI GPPD","source_url":"https://github.com/PyPSA/powerplantmatching","tech":"CCGT","commissioning_year":2000},"geometry":{"type":"Point","coordinates":[-2.672,42.867]}},{"type":"Feature","properties":{"id":"ppm-es-12403","name":"Almendarache Wind Farm","capacity_mw":47.0,"fuel_type":"wind","status":"operational","precision":"approximate","source":"powerplantmatching v0.9.0, 2026-10-03 · Global Energy Monitor","source_url":"https://github.com/PyPSA/powerplantmatching","tech":"Onshore","commissioning_year":2006},"geometry":{"type":"Point","coordinates":[-5.598,36.016]}},{"type":"Feature","properties":{"id":"ppm-es-14306","name":"Cartuja Solar Farm","capacity_mw":46.8,"fuel_type":"solar","status":"operational","precision":"approximate","source":"powerplantmatching v0.9.0, 2026-10-03 · Global Energy Monitor","source_url":"https://github.com/PyPSA/powerplantmatching","tech":"PV","commissioning_year":2021},"geometry":{"type":"Point","coordinates":[-6.108,36.581]}},{"type":"Feature","properties":{"id":"ppm-es-16326","name":"El Aliagar Solar Farm","capacity_mw":46.7,"fuel_type":"solar","status":"operational","precision":"approximate","source":"powerplantmatching v0.9.0, 2026-10-03 · Global Energy Monitor","source_url":"https://github.com/PyPSA/powerplantmatching","tech":"PV"},"geometry":{"type":"Point","coordinates":[-0.764,41.832]}},{"type":"Feature","properties":{"id":"ppm-es-5695","name":"San Cebrian Wind Farm","capacity_mw":46.5,"fuel_type":"wind","status":"operational","precision":"approximate","source":"powerplantmatching v0.9.0, 2026-10-03 · Global Energy Monitor, OpenStreetMap","source_url":"https://www.openstreetmap.org/relation/19159471","tech":"Onshore"},"geometry":{"type":"Point","coordinates":[-4.205,42.175]}},{"type":"Feature","properties":{"id":"ppm-es-19222","name":"La Cabrita Solar Farm","capacity_mw":46.2,"fuel_type":"solar","status":"operational","precision":"approximate","source":"powerplantmatching v0.9.0, 2026-10-03 · Global Energy Monitor","source_url":"https://github.com/PyPSA/powerplantmatching","tech":"PV","commissioning_year":2021},"geometry":{"type":"Point","coordinates":[-2.322,37.044]}},{"type":"Feature","properties":{"id":"ppm-es-1102","name":"Grado","capacity_mw":46.0,"fuel_type":"hydro","status":"operational","precision":"approximate","source":"powerplantmatching v0.9.0, 2026-10-03 · JRC (European Commission), Global Hydropower Resources, Open Power System Data, WRI GPPD, OpenStreetMap","source_url":"https://www.openstreetmap.org/way/371379040","tech":"Reservoir","commissioning_year":1967},"geometry":{"type":"Point","coordinates":[0.241,42.164]}},{"type":"Feature","properties":{"id":"ppm-es-1560","name":"Pont De Rei","capacity_mw":46.0,"fuel_type":"hydro","status":"operational","precision":"approximate","source":"powerplantmatching v0.9.0, 2026-10-03 · Global Energy Monitor, Global Hydropower Resources, Open Power System Data, WRI GPPD","source_url":"https://github.com/PyPSA/powerplantmatching","tech":"Run-Of-River","commissioning_year":1960},"geometry":{"type":"Point","coordinates":[0.739,42.838]}},{"type":"Feature","properties":{"id":"ppm-es-2577","name":"Munilla La Santa Wind Farm","capacity_mw":46.0,"fuel_type":"wind","status":"operational","precision":"approximate","source":"powerplantmatching v0.9.0, 2026-10-03 · Global Energy Monitor, WRI GPPD, OpenStreetMap","source_url":"https://www.openstreetmap.org/relation/13071751","tech":"Onshore","commissioning_year":2004},"geometry":{"type":"Point","coordinates":[-2.34,42.206]}},{"type":"Feature","properties":{"id":"ppm-es-5428","name":"Castellana Wind Farm","capacity_mw":46.0,"fuel_type":"wind","status":"operational","precision":"approximate","source":"powerplantmatching v0.9.0, 2026-10-03 · Global Energy Monitor, OpenStreetMap","source_url":"https://www.openstreetmap.org/relation/13940080","tech":"Onshore","commissioning_year":2009},"geometry":{"type":"Point","coordinates":[-6.085,36.537]}},{"type":"Feature","properties":{"id":"ppm-es-5535","name":"Fuente Salada Wind Farm","capacity_mw":46.0,"fuel_type":"wind","status":"operational","precision":"approximate","source":"powerplantmatching v0.9.0, 2026-10-03 · Global Energy Monitor, OpenStreetMap","source_url":"https://www.openstreetmap.org/relation/13995598","tech":"Onshore","commissioning_year":2011},"geometry":{"type":"Point","coordinates":[-4.058,42.332]}},{"type":"Feature","properties":{"id":"ppm-es-5774","name":"Valdeperondo Wind Farm","capacity_mw":46.0,"fuel_type":"wind","status":"operational","precision":"approximate","source":"powerplantmatching v0.9.0, 2026-10-03 · Global Energy Monitor, OpenStreetMap","source_url":"https://www.openstreetmap.org/relation/20257172","tech":"Onshore","commissioning_year":2010},"geometry":{"type":"Point","coordinates":[-5.03,42.372]}},{"type":"Feature","properties":{"id":"ppm-es-10896","name":"Michelin Valladolid","capacity_mw":46.0,"fuel_type":"gas","status":"operational","precision":"approximate","source":"powerplantmatching v0.9.0, 2026-10-03 · Global Energy Monitor, WRI GPPD","source_url":"https://github.com/PyPSA/powerplantmatching","tech":"CCGT","commissioning_year":2000},"geometry":{"type":"Point","coordinates":[-4.716,41.675]}},{"type":"Feature","properties":{"id":"ppm-es-13210","name":"Barcelona Cartonboard","capacity_mw":46.0,"fuel_type":"gas","status":"operational","precision":"approximate","source":"powerplantmatching v0.9.0, 2026-10-03 · Global Energy Monitor","source_url":"https://github.com/PyPSA/powerplantmatching","tech":"CCGT","commissioning_year":1998},"geometry":{"type":"Point","coordinates":[1.956,41.464]}},{"type":"Feature","properties":{"id":"ppm-es-16861","name":"Fonsagrada Wind Farm","capacity_mw":46.0,"fuel_type":"wind","status":"operational","precision":"approximate","source":"powerplantmatching v0.9.0, 2026-10-03 · Global Energy Monitor","source_url":"https://github.com/PyPSA/powerplantmatching","tech":"Onshore","commissioning_year":2004},"geometry":{"type":"Point","coordinates":[-7.07,43.13]}},{"type":"Feature","properties":{"id":"ppm-es-12378","name":"Algiedi Solar Farm","capacity_mw":45.6,"fuel_type":"solar","status":"operational","precision":"approximate","source":"powerplantmatching v0.9.0, 2026-10-03 · Global Energy Monitor","source_url":"https://github.com/PyPSA/powerplantmatching","tech":"PV","commissioning_year":2021},"geometry":{"type":"Point","coordinates":[-4.426,41.982]}},{"type":"Feature","properties":{"id":"ppm-es-16139","name":"Draco Solar Farm Spain","capacity_mw":45.6,"fuel_type":"solar","status":"operational","precision":"approximate","source":"powerplantmatching v0.9.0, 2026-10-03 · Global Energy Monitor","source_url":"https://github.com/PyPSA/powerplantmatching","tech":"PV","commissioning_year":2022},"geometry":{"type":"Point","coordinates":[-5.391,41.527]}},{"type":"Feature","properties":{"id":"ppm-es-22032","name":"Perogordo Csf Solar Farm","capacity_mw":45.1,"fuel_type":"solar","status":"operational","precision":"approximate","source":"powerplantmatching v0.9.0, 2026-10-03 · Global Energy Monitor","source_url":"https://github.com/PyPSA/powerplantmatching","tech":"CSP","commissioning_year":2019},"geometry":{"type":"Point","coordinates":[-4.159,40.929]}},{"type":"Feature","properties":{"id":"ppm-es-2533","name":"Aldeavieja Wind Farm","capacity_mw":45.0,"fuel_type":"wind","status":"operational","precision":"approximate","source":"powerplantmatching v0.9.0, 2026-10-03 · Global Energy Monitor, WRI GPPD, OpenStreetMap","source_url":"https://www.openstreetmap.org/relation/20222465","tech":"Onshore","commissioning_year":2000},"geometry":{"type":"Point","coordinates":[-4.473,40.72]}},{"type":"Feature","properties":{"id":"ppm-es-2543","name":"La Herreria Wind Farm","capacity_mw":45.0,"fuel_type":"wind","status":"operational","precision":"approximate","source":"powerplantmatching v0.9.0, 2026-10-03 · Global Energy Monitor, WRI GPPD, OpenStreetMap","source_url":"https://www.openstreetmap.org/relation/13945961","tech":"Onshore","commissioning_year":2004},"geometry":{"type":"Point","coordinates":[-5.721,36.16]}},{"type":"Feature","properties":{"id":"ppm-es-2647","name":"Pedregal Wind Farm","capacity_mw":45.0,"fuel_type":"wind","status":"operational","precision":"approximate","source":"powerplantmatching v0.9.0, 2026-10-03 · Global Energy Monitor, WRI GPPD, OpenStreetMap","source_url":"https://www.openstreetmap.org/relation/17147507","tech":"Onshore","commissioning_year":2003},"geometry":{"type":"Point","coordinates":[-9.06,42.776]}},{"type":"Feature","properties":{"id":"ppm-es-2651","name":"Penaflor Wind Farm","capacity_mw":45.0,"fuel_type":"wind","status":"operational","precision":"approximate","source":"powerplantmatching v0.9.0, 2026-10-03 · Global Energy Monitor, WRI GPPD, OpenStreetMap","source_url":"https://www.openstreetmap.org/relation/20226258","tech":"Onshore","commissioning_year":2012},"geometry":{"type":"Point","coordinates":[-4.943,41.781]}},{"type":"Feature","properties":{"id":"ppm-es-2664","name":"San Juan De Bargas Wind Farm","capacity_mw":45.0,"fuel_type":"wind","status":"operational","precision":"approximate","source":"powerplantmatching v0.9.0, 2026-10-03 · Global Energy Monitor, WRI GPPD, OpenStreetMap","source_url":"https://www.openstreetmap.org/relation/12998217","tech":"Onshore","commissioning_year":2005},"geometry":{"type":"Point","coordinates":[-1.459,41.792]}},{"type":"Feature","properties":{"id":"ppm-es-5416","name":"Alcarama Wind Farm","capacity_mw":45.0,"fuel_type":"wind","status":"operational","precision":"approximate","source":"powerplantmatching v0.9.0, 2026-10-03 · Global Energy Monitor, OpenStreetMap","source_url":"https://www.openstreetmap.org/relation/13071396","tech":"Onshore","commissioning_year":2003},"geometry":{"type":"Point","coordinates":[-2.046,42.004]}},{"type":"Feature","properties":{"id":"ppm-es-5487","name":"Cerro Duran Wind Farm","capacity_mw":45.0,"fuel_type":"wind","status":"operational","precision":"approximate","source":"powerplantmatching v0.9.0, 2026-10-03 · Global Energy Monitor, OpenStreetMap","source_url":"https://www.openstreetmap.org/relation/13935888","tech":"Onshore","commissioning_year":2011},"geometry":{"type":"Point","coordinates":[-5.014,37.078]}},{"type":"Feature","properties":{"id":"ppm-es-5567","name":"La Mallada Wind Farm","capacity_mw":45.0,"fuel_type":"wind","status":"operational","precision":"approximate","source":"powerplantmatching v0.9.0, 2026-10-03 · Global Energy Monitor, OpenStreetMap","source_url":"https://www.openstreetmap.org/relation/17439135","tech":"Onshore","commissioning_year":2008},"geometry":{"type":"Point","coordinates":[-6.3,42.41]}},{"type":"Feature","properties":{"id":"ppm-es-5691","name":"Rueda Sur Wind Farm","capacity_mw":45.0,"fuel_type":"wind","status":"operational","precision":"approximate","source":"powerplantmatching v0.9.0, 2026-10-03 · Global Energy Monitor, OpenStreetMap","source_url":"https://www.openstreetmap.org/relation/19593532","tech":"Onshore","commissioning_year":2025},"geometry":{"type":"Point","coordinates":[-1.28,41.599]}},{"type":"Feature","properties":{"id":"ppm-es-5772","name":"Valdecarrion Wind Farm","capacity_mw":45.0,"fuel_type":"wind","status":"operational","precision":"approximate","source":"powerplantmatching v0.9.0, 2026-10-03 · Global Energy Monitor, OpenStreetMap","source_url":"https://www.openstreetmap.org/relation/20257173","tech":"Onshore","commissioning_year":2006},"geometry":{"type":"Point","coordinates":[-6.108,42.641]}},{"type":"Feature","properties":{"id":"ppm-es-7584","name":"Puente Montanana","capacity_mw":45.0,"fuel_type":"hydro","status":"operational","precision":"approximate","source":"powerplantmatching v0.9.0, 2026-10-03 · Global Energy Monitor, Open Power System Data","source_url":"https://github.com/PyPSA/powerplantmatching","tech":"Run-Of-River","commissioning_year":1958},"geometry":{"type":"Point","coordinates":[0.706,42.122]}},{"type":"Feature","properties":{"id":"ppm-es-16369","name":"El Salobral Solar Farm","capacity_mw":45.0,"fuel_type":"solar","status":"operational","precision":"approximate","source":"powerplantmatching v0.9.0, 2026-10-03 · Global Energy Monitor","source_url":"https://github.com/PyPSA/powerplantmatching","tech":"PV","commissioning_year":2020},"geometry":{"type":"Point","coordinates":[-4.563,37.683]}},{"type":"Feature","properties":{"id":"ppm-es-16792","name":"Fiouco Wind Farm","capacity_mw":45.0,"fuel_type":"wind","status":"operational","precision":"approximate","source":"powerplantmatching v0.9.0, 2026-10-03 · Global Energy Monitor","source_url":"https://github.com/PyPSA/powerplantmatching","tech":"Onshore","commissioning_year":2003},"geometry":{"type":"Point","coordinates":[-7.563,43.431]}},{"type":"Feature","properties":{"id":"ppm-es-19238","name":"La Fernandina Solar Farm","capacity_mw":45.0,"fuel_type":"solar","status":"operational","precision":"approximate","source":"powerplantmatching v0.9.0, 2026-10-03 · Global Energy Monitor","source_url":"https://github.com/PyPSA/powerplantmatching","tech":"PV","commissioning_year":2019},"geometry":{"type":"Point","coordinates":[-6.341,38.884]}},{"type":"Feature","properties":{"id":"ppm-es-21998","name":"Pena Ventosa Wind Farm","capacity_mw":45.0,"fuel_type":"wind","status":"operational","precision":"approximate","source":"powerplantmatching v0.9.0, 2026-10-03 · Global Energy Monitor","source_url":"https://github.com/PyPSA/powerplantmatching","tech":"Onshore","commissioning_year":2006},"geometry":{"type":"Point","coordinates":[-7.669,43.655]}},{"type":"Feature","properties":{"id":"ppm-es-16366","name":"El Rancho Solar Farm","capacity_mw":44.5,"fuel_type":"solar","status":"operational","precision":"approximate","source":"powerplantmatching v0.9.0, 2026-10-03 · Global Energy Monitor","source_url":"https://github.com/PyPSA/powerplantmatching","tech":"PV","commissioning_year":2024},"geometry":{"type":"Point","coordinates":[-6.022,36.688]}},{"type":"Feature","properties":{"id":"ppm-es-1547","name":"Seros","capacity_mw":44.0,"fuel_type":"hydro","status":"operational","precision":"approximate","source":"powerplantmatching v0.9.0, 2026-10-03 · Global Energy Monitor, Global Hydropower Resources, Open Power System Data, WRI GPPD","source_url":"https://github.com/PyPSA/powerplantmatching","tech":"Reservoir","commissioning_year":1970},"geometry":{"type":"Point","coordinates":[0.462,41.468]}},{"type":"Feature","properties":{"id":"ppm-es-1548","name":"Sobradelo","capacity_mw":44.0,"fuel_type":"hydro","status":"operational","precision":"approximate","source":"powerplantmatching v0.9.0, 2026-10-03 · Global Energy Monitor, Global Hydropower Resources, Open Power System Data, WRI GPPD","source_url":"https://github.com/PyPSA/powerplantmatching","tech":"Run-Of-River","commissioning_year":1970},"geometry":{"type":"Point","coordinates":[-6.919,42.414]}},{"type":"Feature","properties":{"id":"ppm-es-1558","name":"Montefurado","capacity_mw":44.0,"fuel_type":"hydro","status":"operational","precision":"approximate","source":"powerplantmatching v0.9.0, 2026-10-03 · Global Energy Monitor, Global Hydropower Resources, Open Power System Data, WRI GPPD","source_url":"https://github.com/PyPSA/powerplantmatching","tech":"Reservoir","commissioning_year":1954},"geometry":{"type":"Point","coordinates":[-7.218,42.391]}},{"type":"Feature","properties":{"id":"ppm-es-2649","name":"Pena Da Cruz Wind Farm","capacity_mw":44.0,"fuel_type":"wind","status":"operational","precision":"approximate","source":"powerplantmatching v0.9.0, 2026-10-03 · Global Energy Monitor, WRI GPPD, OpenStreetMap","source_url":"https://www.openstreetmap.org/relation/20312275","tech":"Onshore","commissioning_year":2002},"geometry":{"type":"Point","coordinates":[-7.382,42.253]}},{"type":"Feature","properties":{"id":"ppm-es-5448","name":"Bordecorex Norte Wind Farm","capacity_mw":44.0,"fuel_type":"wind","status":"operational","precision":"approximate","source":"powerplantmatching v0.9.0, 2026-10-03 · Global Energy Monitor, OpenStreetMap","source_url":"https://www.openstreetmap.org/relation/13064867","tech":"Onshore","commissioning_year":2006},"geometry":{"type":"Point","coordinates":[-2.72,41.38]}},{"type":"Feature","properties":{"id":"ppm-es-5493","name":"El Puerto Wind Farm","capacity_mw":44.0,"fuel_type":"wind","status":"operational","precision":"approximate","source":"powerplantmatching v0.9.0, 2026-10-03 · Global Energy Monitor, OpenStreetMap","source_url":"https://www.openstreetmap.org/relation/12848182","tech":"Onshore","commissioning_year":2001},"geometry":{"type":"Point","coordinates":[-0.805,40.767]}},{"type":"Feature","properties":{"id":"ppm-es-5611","name":"La Solana Wind Farm","capacity_mw":44.0,"fuel_type":"wind","status":"operational","precision":"approximate","source":"powerplantmatching v0.9.0, 2026-10-03 · Global Energy Monitor, OpenStreetMap","source_url":"https://www.openstreetmap.org/relation/20367026","tech":"Onshore","commissioning_year":2009},"geometry":{"type":"Point","coordinates":[-0.82,38.633]}},{"type":"Feature","properties":{"id":"ppm-es-5760","name":"Ventosa Del Ducado Wind Farm","capacity_mw":44.0,"fuel_type":"wind","status":"operational","precision":"approximate","source":"powerplantmatching v0.9.0, 2026-10-03 · Global Energy Monitor, OpenStreetMap","source_url":"https://www.openstreetmap.org/relation/13068111","tech":"Onshore","commissioning_year":2012},"geometry":{"type":"Point","coordinates":[-2.511,41.195]}},{"type":"Feature","properties":{"id":"ppm-es-10985","name":"Sierra De Tineo Wind Farm","capacity_mw":44.0,"fuel_type":"wind","status":"operational","precision":"approximate","source":"powerplantmatching v0.9.0, 2026-10-03 · Global Energy Monitor, WRI GPPD","source_url":"https://github.com/PyPSA/powerplantmatching","tech":"Onshore","commissioning_year":2009},"geometry":{"type":"Point","coordinates":[-6.416,43.355]}},{"type":"Feature","properties":{"id":"ppm-es-14308","name":"Casa Valdes Solar Farm","capacity_mw":44.0,"fuel_type":"solar","status":"operational","precision":"approximate","source":"powerplantmatching v0.9.0, 2026-10-03 · Global Energy Monitor","source_url":"https://github.com/PyPSA/powerplantmatching","tech":"PV","commissioning_year":2023},"geometry":{"type":"Point","coordinates":[-3.191,40.541]}},{"type":"Feature","properties":{"id":"ppm-es-19725","name":"Les Rotes Wind Farm","capacity_mw":44.0,"fuel_type":"wind","status":"operational","precision":"approximate","source":"powerplantmatching v0.9.0, 2026-10-03 · Global Energy Monitor","source_url":"https://github.com/PyPSA/powerplantmatching","tech":"Onshore","commissioning_year":2012},"geometry":{"type":"Point","coordinates":[0.605,41.357]}},{"type":"Feature","properties":{"id":"ppm-es-20641","name":"Mirasierra Wind Farm","capacity_mw":44.0,"fuel_type":"wind","status":"operational","precision":"approximate","source":"powerplantmatching v0.9.0, 2026-10-03 · Global Energy Monitor","source_url":"https://github.com/PyPSA/powerplantmatching","tech":"Onshore"},"geometry":{"type":"Point","coordinates":[-4.33,41.843]}},{"type":"Feature","properties":{"id":"ppm-es-20802","name":"Montargull Wind Farm","capacity_mw":44.0,"fuel_type":"wind","status":"operational","precision":"approximate","source":"powerplantmatching v0.9.0, 2026-10-03 · Global Energy Monitor","source_url":"https://github.com/PyPSA/powerplantmatching","tech":"Onshore","commissioning_year":2009},"geometry":{"type":"Point","coordinates":[1.375,41.554]}},{"type":"Feature","properties":{"id":"ppm-es-22797","name":"Puerta Del Sol Solar Farm","capacity_mw":44.0,"fuel_type":"solar","status":"operational","precision":"approximate","source":"powerplantmatching v0.9.0, 2026-10-03 · Global Energy Monitor","source_url":"https://github.com/PyPSA/powerplantmatching","tech":"PV","commissioning_year":2023},"geometry":{"type":"Point","coordinates":[-3.35,40.695]}},{"type":"Feature","properties":{"id":"ppm-es-15554","name":"Csf Carril Xe Solar Farm","capacity_mw":43.9,"fuel_type":"solar","status":"operational","precision":"approximate","source":"powerplantmatching v0.9.0, 2026-10-03 · Global Energy Monitor","source_url":"https://github.com/PyPSA/powerplantmatching","tech":"PV"},"geometry":{"type":"Point","coordinates":[-1.667,38.066]}},{"type":"Feature","properties":{"id":"ppm-es-1556","name":"Flix","capacity_mw":43.0,"fuel_type":"hydro","status":"operational","precision":"approximate","source":"powerplantmatching v0.9.0, 2026-10-03 · Global Energy Monitor, Global Hydropower Resources, Open Power System Data, WRI GPPD","source_url":"https://github.com/PyPSA/powerplantmatching","tech":"Run-Of-River","commissioning_year":1948},"geometry":{"type":"Point","coordinates":[0.547,41.233]}},{"type":"Feature","properties":{"id":"ppm-es-2564","name":"Corzan Wind Farm","capacity_mw":43.0,"fuel_type":"wind","status":"operational","precision":"approximate","source":"powerplantmatching v0.9.0, 2026-10-03 · Global Energy Monitor, WRI GPPD, OpenStreetMap","source_url":"https://www.openstreetmap.org/relation/17449240","tech":"Onshore","commissioning_year":2004},"geometry":{"type":"Point","coordinates":[-8.848,42.923]}},{"type":"Feature","properties":{"id":"ppm-es-5549","name":"El Teruelo Wind Farm","capacity_mw":43.0,"fuel_type":"wind","status":"operational","precision":"approximate","source":"powerplantmatching v0.9.0, 2026-10-03 · Global Energy Monitor, OpenStreetMap","source_url":"https://www.openstreetmap.org/relation/17192120","tech":"Onshore","commissioning_year":2003},"geometry":{"type":"Point","coordinates":[-4.27,42.22]}},{"type":"Feature","properties":{"id":"ppm-es-15605","name":"Curiscao Wind Farm","capacity_mw":43.0,"fuel_type":"wind","status":"operational","precision":"approximate","source":"powerplantmatching v0.9.0, 2026-10-03 · Global Energy Monitor","source_url":"https://github.com/PyPSA/powerplantmatching","tech":"Onshore","commissioning_year":2007},"geometry":{"type":"Point","coordinates":[-6.309,43.471]}},{"type":"Feature","properties":{"id":"ppm-es-14351","name":"Castilblanco Solar Farm","capacity_mw":42.9,"fuel_type":"solar","status":"operational","precision":"approximate","source":"powerplantmatching v0.9.0, 2026-10-03 · Global Energy Monitor","source_url":"https://github.com/PyPSA/powerplantmatching","tech":"PV","commissioning_year":2019},"geometry":{"type":"Point","coordinates":[-5.096,39.286]}},{"type":"Feature","properties":{"id":"ppm-es-26575","name":"Zurbaran Enel Solar Farm","capacity_mw":42.9,"fuel_type":"solar","status":"operational","precision":"approximate","source":"powerplantmatching v0.9.0, 2026-10-03 · Global Energy Monitor","source_url":"https://github.com/PyPSA/powerplantmatching","tech":"PV","commissioning_year":2019},"geometry":{"type":"Point","coordinates":[-5.722,39.066]}},{"type":"Feature","properties":{"id":"ppm-es-22847","name":"Quijote Solar Farm","capacity_mw":42.2,"fuel_type":"solar","status":"operational","precision":"approximate","source":"powerplantmatching v0.9.0, 2026-10-03 · Global Energy Monitor","source_url":"https://github.com/PyPSA/powerplantmatching","tech":"PV","commissioning_year":2019},"geometry":{"type":"Point","coordinates":[-6.625,38.782]}},{"type":"Feature","properties":{"id":"ppm-es-2600","name":"La Cabana Wind Farm Spain","capacity_mw":42.0,"fuel_type":"wind","status":"operational","precision":"approximate","source":"powerplantmatching v0.9.0, 2026-10-03 · Global Energy Monitor, WRI GPPD, OpenStreetMap","source_url":"https://www.openstreetmap.org/relation/15879851","tech":"Onshore","commissioning_year":2004},"geometry":{"type":"Point","coordinates":[-3.853,39.234]}},{"type":"Feature","properties":{"id":"ppm-es-5404","name":"Bailones Wind Farm","capacity_mw":42.0,"fuel_type":"wind","status":"operational","precision":"approximate","source":"powerplantmatching v0.9.0, 2026-10-03 · Global Energy Monitor, OpenStreetMap","source_url":"https://www.openstreetmap.org/relation/13086969","tech":"Onshore","commissioning_year":2004},"geometry":{"type":"Point","coordinates":[-3.309,38.828]}},{"type":"Feature","properties":{"id":"ppm-es-5465","name":"Corralnuevo Wind Farm","capacity_mw":42.0,"fuel_type":"wind","status":"operational","precision":"approximate","source":"powerplantmatching v0.9.0, 2026-10-03 · Global Energy Monitor, OpenStreetMap","source_url":"https://www.openstreetmap.org/relation/15842663","tech":"Onshore","commissioning_year":2020},"geometry":{"type":"Point","coordinates":[-4.853,41.759]}},{"type":"Feature","properties":{"id":"ppm-es-5472","name":"Cerro Gavira Wind Farm","capacity_mw":42.0,"fuel_type":"wind","status":"operational","precision":"approximate","source":"powerplantmatching v0.9.0, 2026-10-03 · Global Energy Monitor, OpenStreetMap","source_url":"https://www.openstreetmap.org/relation/13935895","tech":"Onshore","commissioning_year":2009},"geometry":{"type":"Point","coordinates":[-4.881,37.101]}},{"type":"Feature","properties":{"id":"ppm-es-5669","name":"Navillas Wind Farm","capacity_mw":42.0,"fuel_type":"wind","status":"operational","precision":"approximate","source":"powerplantmatching v0.9.0, 2026-10-03 · Global Energy Monitor, OpenStreetMap","source_url":"https://www.openstreetmap.org/relation/15842650","tech":"Onshore","commissioning_year":2019},"geometry":{"type":"Point","coordinates":[-4.894,41.833]}},{"type":"Feature","properties":{"id":"ppm-es-5715","name":"Torozos Wind Farm","capacity_mw":42.0,"fuel_type":"wind","status":"operational","precision":"approximate","source":"powerplantmatching v0.9.0, 2026-10-03 · Global Energy Monitor, OpenStreetMap","source_url":"https://www.openstreetmap.org/relation/20249831","tech":"Onshore","commissioning_year":2019},"geometry":{"type":"Point","coordinates":[-4.992,41.651]}},{"type":"Feature","properties":{"id":"ppm-es-5733","name":"Sierra Ministra Wind Farm","capacity_mw":42.0,"fuel_type":"wind","status":"operational","precision":"approximate","source":"powerplantmatching v0.9.0, 2026-10-03 · Global Energy Monitor, OpenStreetMap","source_url":"https://www.openstreetmap.org/relation/20303718","tech":"Onshore","commissioning_year":2009},"geometry":{"type":"Point","coordinates":[-2.484,41.118]}},{"type":"Feature","properties":{"id":"ppm-es-5763","name":"Viento De Alcala Wind Farm","capacity_mw":42.0,"fuel_type":"wind","status":"operational","precision":"approximate","source":"powerplantmatching v0.9.0, 2026-10-03 · Global Energy Monitor, OpenStreetMap","source_url":"https://www.openstreetmap.org/relation/13943148","tech":"Onshore","commissioning_year":2007},"geometry":{"type":"Point","coordinates":[-5.762,36.429]}},{"type":"Feature","properties":{"id":"ppm-es-10925","name":"Les Forques Wind Farm","capacity_mw":42.0,"fuel_type":"wind","status":"operational","precision":"approximate","source":"powerplantmatching v0.9.0, 2026-10-03 · Global Energy Monitor, WRI GPPD","source_url":"https://github.com/PyPSA/powerplantmatching","tech":"Onshore","commissioning_year":2008},"geometry":{"type":"Point","coordinates":[1.219,41.499]}},{"type":"Feature","properties":{"id":"ppm-es-10984","name":"Serra Do Larouco Wind Farm","capacity_mw":42.0,"fuel_type":"wind","status":"operational","precision":"approximate","source":"powerplantmatching v0.9.0, 2026-10-03 · Global Energy Monitor, WRI GPPD","source_url":"https://github.com/PyPSA/powerplantmatching","tech":"Onshore","commissioning_year":2002},"geometry":{"type":"Point","coordinates":[-7.725,42.063]}},{"type":"Feature","properties":{"id":"ppm-es-16368","name":"El Romeral Solar Farm","capacity_mw":42.0,"fuel_type":"solar","status":"operational","precision":"approximate","source":"powerplantmatching v0.9.0, 2026-10-03 · Global Energy Monitor","source_url":"https://github.com/PyPSA/powerplantmatching","tech":"PV","commissioning_year":2022},"geometry":{"type":"Point","coordinates":[-2.088,39.569]}},{"type":"Feature","properties":{"id":"ppm-es-21994","name":"Pena Da Loba Wind Farm","capacity_mw":42.0,"fuel_type":"wind","status":"operational","precision":"approximate","source":"powerplantmatching v0.9.0, 2026-10-03 · Global Energy Monitor","source_url":"https://github.com/PyPSA/powerplantmatching","tech":"Onshore","commissioning_year":1999},"geometry":{"type":"Point","coordinates":[-7.882,43.351]}},{"type":"Feature","properties":{"id":"ppm-es-22808","name":"Pujalt Wind Farm","capacity_mw":42.0,"fuel_type":"wind","status":"operational","precision":"approximate","source":"powerplantmatching v0.9.0, 2026-10-03 · Global Energy Monitor","source_url":"https://github.com/PyPSA/powerplantmatching","tech":"Onshore","commissioning_year":2005},"geometry":{"type":"Point","coordinates":[1.447,41.68]}},{"type":"Feature","properties":{"id":"ppm-es-25112","name":"Torrecilla Solar Farm","capacity_mw":42.0,"fuel_type":"solar","status":"operational","precision":"approximate","source":"powerplantmatching v0.9.0, 2026-10-03 · Global Energy Monitor","source_url":"https://github.com/PyPSA/powerplantmatching","tech":"PV"},"geometry":{"type":"Point","coordinates":[-5.751,39.575]}},{"type":"Feature","properties":{"id":"ppm-es-16989","name":"Galisteo Solar Farm","capacity_mw":41.9,"fuel_type":"solar","status":"operational","precision":"approximate","source":"powerplantmatching v0.9.0, 2026-10-03 · Global Energy Monitor","source_url":"https://github.com/PyPSA/powerplantmatching","tech":"PV"},"geometry":{"type":"Point","coordinates":[-6.273,40.065]}},{"type":"Feature","properties":{"id":"ppm-es-26443","name":"Zarzuela Solar Farm","capacity_mw":41.8,"fuel_type":"solar","status":"operational","precision":"approximate","source":"powerplantmatching v0.9.0, 2026-10-03 · Global Energy Monitor","source_url":"https://github.com/PyPSA/powerplantmatching","tech":"PV","commissioning_year":2021},"geometry":{"type":"Point","coordinates":[-4.153,42.182]}},{"type":"Feature","properties":{"id":"ppm-es-24490","name":"Stellantis Zaragoza Solar Farm","capacity_mw":41.1,"fuel_type":"solar","status":"operational","precision":"approximate","source":"powerplantmatching v0.9.0, 2026-10-03 · Global Energy Monitor","source_url":"https://github.com/PyPSA/powerplantmatching","tech":"PV","commissioning_year":2008},"geometry":{"type":"Point","coordinates":[-1.181,41.749]}},{"type":"Feature","properties":{"id":"ppm-es-1074","name":"Entrepenas","capacity_mw":41.0,"fuel_type":"hydro","status":"operational","precision":"approximate","source":"powerplantmatching v0.9.0, 2026-10-03 · Global Energy Monitor, JRC (European Commission), Global Hydropower Resources, Open Power System Data, WRI GPPD","source_url":"https://github.com/PyPSA/powerplantmatching","tech":"Reservoir","commissioning_year":1956},"geometry":{"type":"Point","coordinates":[-2.751,40.493]}},{"type":"Feature","properties":{"id":"ppm-es-2542","name":"La Muneca Wind Farm","capacity_mw":41.0,"fuel_type":"wind","status":"operational","precision":"approximate","source":"powerplantmatching v0.9.0, 2026-10-03 · Global Energy Monitor, WRI GPPD, OpenStreetMap","source_url":"https://www.openstreetmap.org/relation/17381965","tech":"Onshore","commissioning_year":2007},"geometry":{"type":"Point","coordinates":[-2.15,39.217]}},{"type":"Feature","properties":{"id":"ppm-es-2561","name":"Cortijo De Guerra Wind Farm","capacity_mw":41.0,"fuel_type":"wind","status":"operational","precision":"approximate","source":"powerplantmatching v0.9.0, 2026-10-03 · Global Energy Monitor, WRI GPPD, OpenStreetMap","source_url":"https://www.openstreetmap.org/relation/13940077","tech":"Onshore","commissioning_year":2007},"geometry":{"type":"Point","coordinates":[-6.074,36.499]}},{"type":"Feature","properties":{"id":"ppm-es-2575","name":"Muela De Todolella Wind Farm","capacity_mw":41.0,"fuel_type":"wind","status":"operational","precision":"approximate","source":"powerplantmatching v0.9.0, 2026-10-03 · Global Energy Monitor, WRI GPPD, OpenStreetMap","source_url":"https://www.openstreetmap.org/relation/13474745","tech":"Onshore","commissioning_year":2006},"geometry":{"type":"Point","coordinates":[-2.481,39.042]}},{"type":"Feature","properties":{"id":"ppm-es-3196","name":"Almaren Wind Farm","capacity_mw":41.0,"fuel_type":"wind","status":"operational","precision":"approximate","source":"powerplantmatching v0.9.0, 2026-10-03 · Global Energy Monitor, WRI GPPD, OpenStreetMap","source_url":"https://www.openstreetmap.org/relation/12991797","tech":"Onshore","commissioning_year":2003},"geometry":{"type":"Point","coordinates":[-1.627,41.454]}},{"type":"Feature","properties":{"id":"ppm-es-5698","name":"Rea Unificado Wind Farm","capacity_mw":41.0,"fuel_type":"wind","status":"operational","precision":"approximate","source":"powerplantmatching v0.9.0, 2026-10-03 · Global Energy Monitor, OpenStreetMap","source_url":"https://www.openstreetmap.org/relation/18890563","tech":"Onshore"},"geometry":{"type":"Point","coordinates":[-2.473,41.768]}},{"type":"Feature","properties":{"id":"ppm-es-10908","name":"Manzanal Wind Farm","capacity_mw":41.0,"fuel_type":"wind","status":"operational","precision":"approximate","source":"powerplantmatching v0.9.0, 2026-10-03 · Global Energy Monitor, WRI GPPD","source_url":"https://github.com/PyPSA/powerplantmatching","tech":"Onshore","commissioning_year":2003},"geometry":{"type":"Point","coordinates":[-2.231,42.029]}},{"type":"Feature","properties":{"id":"ppm-es-20774","name":"Monseivane Wind Farm","capacity_mw":41.0,"fuel_type":"wind","status":"operational","precision":"approximate","source":"powerplantmatching v0.9.0, 2026-10-03 · Global Energy Monitor","source_url":"https://github.com/PyPSA/powerplantmatching","tech":"Onshore","commissioning_year":2004},"geometry":{"type":"Point","coordinates":[-7.557,43.397]}},{"type":"Feature","properties":{"id":"ppm-es-1519","name":"Tranco De Beas","capacity_mw":40.0,"fuel_type":"hydro","status":"operational","precision":"approximate","source":"powerplantmatching v0.9.0, 2026-10-03 · Global Energy Monitor, JRC (European Commission), Global Hydropower Resources, Open Power System Data","source_url":"https://github.com/PyPSA/powerplantmatching","tech":"Reservoir","commissioning_year":1947},"geometry":{"type":"Point","coordinates":[-2.797,38.175]}},{"type":"Feature","properties":{"id":"ppm-es-2512","name":"El Moral Wind Farm","capacity_mw":40.0,"fuel_type":"wind","status":"operational","precision":"approximate","source":"powerplantmatching v0.9.0, 2026-10-03 · Global Energy Monitor, WRI GPPD, OpenStreetMap","source_url":"https://www.openstreetmap.org/relation/13086970","tech":"Onshore","commissioning_year":2006},"geometry":{"type":"Point","coordinates":[-3.593,38.84]}},{"type":"Feature","properties":{"id":"ppm-es-2538","name":"Buio Wind Farm","capacity_mw":40.0,"fuel_type":"wind","status":"operational","precision":"approximate","source":"powerplantmatching v0.9.0, 2026-10-03 · Global Energy Monitor, WRI GPPD, OpenStreetMap","source_url":"https://www.openstreetmap.org/relation/17386140","tech":"Onshore","commissioning_year":2006},"geometry":{"type":"Point","coordinates":[-8.783,43.267]}},{"type":"Feature","properties":{"id":"ppm-es-2570","name":"El Centenar Wind Farm","capacity_mw":40.0,"fuel_type":"wind","status":"operational","precision":"approximate","source":"powerplantmatching v0.9.0, 2026-10-03 · Global Energy Monitor, WRI GPPD, OpenStreetMap","source_url":"https://www.openstreetmap.org/relation/13934164","tech":"Onshore","commissioning_year":2009},"geometry":{"type":"Point","coordinates":[-5.387,36.539]}},{"type":"Feature","properties":{"id":"ppm-es-2583","name":"El Relumbrar Wind Farm","capacity_mw":40.0,"fuel_type":"wind","status":"operational","precision":"approximate","source":"powerplantmatching v0.9.0, 2026-10-03 · Global Energy Monitor, WRI GPPD, OpenStreetMap","source_url":"https://www.openstreetmap.org/relation/20322809","tech":"Onshore","commissioning_year":2009},"geometry":{"type":"Point","coordinates":[-1.231,38.96]}},{"type":"Feature","properties":{"id":"ppm-es-2604","name":"Santo Cristo De Magallon Wind Farm","capacity_mw":40.0,"fuel_type":"wind","status":"operational","precision":"approximate","source":"powerplantmatching v0.9.0, 2026-10-03 · Global Energy Monitor, WRI GPPD, OpenStreetMap","source_url":"https://www.openstreetmap.org/relation/12998112","tech":"Onshore","commissioning_year":2006},"geometry":{"type":"Point","coordinates":[-1.355,41.798]}},{"type":"Feature","properties":{"id":"ppm-es-2644","name":"Nerea Wind Farm","capacity_mw":40.0,"fuel_type":"wind","status":"operational","precision":"approximate","source":"powerplantmatching v0.9.0, 2026-10-03 · Global Energy Monitor, WRI GPPD, OpenStreetMap","source_url":"https://www.openstreetmap.org/relation/17170806","tech":"Onshore","commissioning_year":2004},"geometry":{"type":"Point","coordinates":[-6.764,41.983]}},{"type":"Feature","properties":{"id":"ppm-es-4779","name":"Lucas De Urquijo","capacity_mw":40.0,"fuel_type":"hydro","status":"operational","precision":"approximate","source":"powerplantmatching v0.9.0, 2026-10-03 · Global Energy Monitor, Open Power System Data, OpenStreetMap","source_url":"https://www.openstreetmap.org/way/223533488","tech":"Reservoir","commissioning_year":1914},"geometry":{"type":"Point","coordinates":[-1.625,39.706]}},{"type":"Feature","properties":{"id":"ppm-es-5363","name":"Ablitas Wind Farm","capacity_mw":40.0,"fuel_type":"wind","status":"operational","precision":"approximate","source":"powerplantmatching v0.9.0, 2026-10-03 · Global Energy Monitor, OpenStreetMap","source_url":"https://www.openstreetmap.org/relation/13058034","tech":"Onshore","commissioning_year":2020},"geometry":{"type":"Point","coordinates":[-1.556,41.968]}},{"type":"Feature","properties":{"id":"ppm-es-5410","name":"Amazon Villanueva Solar Farm","capacity_mw":40.0,"fuel_type":"solar","status":"operational","precision":"approximate","source":"powerplantmatching v0.9.0, 2026-10-03 · Global Energy Monitor, OpenStreetMap","source_url":"https://www.openstreetmap.org/relation/20314680","tech":"PV","commissioning_year":2021},"geometry":{"type":"Point","coordinates":[-2.598,39.947]}},{"type":"Feature","properties":{"id":"ppm-es-5435","name":"Canteras Wind Farm","capacity_mw":40.0,"fuel_type":"wind","status":"operational","precision":"approximate","source":"powerplantmatching v0.9.0, 2026-10-03 · Global Energy Monitor, OpenStreetMap","source_url":"https://www.openstreetmap.org/relation/18496969","tech":"Onshore"},"geometry":{"type":"Point","coordinates":[-0.54,41.454]}},{"type":"Feature","properties":{"id":"ppm-es-5452","name":"Brulles Wind Farm","capacity_mw":40.0,"fuel_type":"wind","status":"operational","precision":"approximate","source":"powerplantmatching v0.9.0, 2026-10-03 · Global Energy Monitor, OpenStreetMap","source_url":"https://www.openstreetmap.org/relation/14122636","tech":"Onshore","commissioning_year":2009},"geometry":{"type":"Point","coordinates":[-4.007,42.517]}},{"type":"Feature","properties":{"id":"ppm-es-5460","name":"Deva Wind Farm","capacity_mw":40.0,"fuel_type":"wind","status":"operational","precision":"approximate","source":"powerplantmatching v0.9.0, 2026-10-03 · Global Energy Monitor, OpenStreetMap","source_url":"https://www.openstreetmap.org/relation/17188873","tech":"Onshore","commissioning_year":2003},"geometry":{"type":"Point","coordinates":[-8.27,42.266]}},{"type":"Feature","properties":{"id":"ppm-es-5524","name":"Goia Penote Wind Farm","capacity_mw":40.0,"fuel_type":"wind","status":"operational","precision":"approximate","source":"powerplantmatching v0.9.0, 2026-10-03 · Global Energy Monitor, OpenStreetMap","source_url":"https://www.openstreetmap.org/relation/17414133","tech":"Onshore","commissioning_year":2005},"geometry":{"type":"Point","coordinates":[-7.689,43.428]}},{"type":"Feature","properties":{"id":"ppm-es-5602","name":"Larral Solar Farm","capacity_mw":40.0,"fuel_type":"solar","status":"operational","precision":"approximate","source":"powerplantmatching v0.9.0, 2026-10-03 · Global Energy Monitor, OpenStreetMap","source_url":"https://www.openstreetmap.org/relation/18860720","tech":"PV","commissioning_year":2025},"geometry":{"type":"Point","coordinates":[-1.028,41.617]}},{"type":"Feature","properties":{"id":"ppm-es-5652","name":"Perdiguera Wind Farm","capacity_mw":40.0,"fuel_type":"wind","status":"operational","precision":"approximate","source":"powerplantmatching v0.9.0, 2026-10-03 · Global Energy Monitor, OpenStreetMap","source_url":"https://www.openstreetmap.org/relation/15833143","tech":"Onshore","commissioning_year":2021},"geometry":{"type":"Point","coordinates":[-3.898,42.277]}},{"type":"Feature","properties":{"id":"ppm-es-5677","name":"Montouto Wind Farm","capacity_mw":40.0,"fuel_type":"wind","status":"operational","precision":"approximate","source":"powerplantmatching v0.9.0, 2026-10-03 · Global Energy Monitor, OpenStreetMap","source_url":"https://www.openstreetmap.org/relation/17329754","tech":"Onshore","commissioning_year":2000},"geometry":{"type":"Point","coordinates":[-8.359,42.148]}},{"type":"Feature","properties":{"id":"ppm-es-5728","name":"Sierra De Las Carbas Saeta Yield Wind Farm","capacity_mw":40.0,"fuel_type":"wind","status":"operational","precision":"approximate","source":"powerplantmatching v0.9.0, 2026-10-03 · Global Energy Monitor, OpenStreetMap","source_url":"https://www.openstreetmap.org/relation/17438850","tech":"Onshore","commissioning_year":2009},"geometry":{"type":"Point","coordinates":[-6.093,41.795]}},{"type":"Feature","properties":{"id":"ppm-es-5740","name":"Serra Do Punago Vacariza Wind Farm","capacity_mw":40.0,"fuel_type":"wind","status":"operational","precision":"approximate","source":"powerplantmatching v0.9.0, 2026-10-03 · Global Energy Monitor, OpenStreetMap","source_url":"https://www.openstreetmap.org/relation/15852982","tech":"Onshore","commissioning_year":2019},"geometry":{"type":"Point","coordinates":[-7.333,43.024]}},{"type":"Feature","properties":{"id":"ppm-es-7586","name":"Valdeobispo","capacity_mw":40.0,"fuel_type":"hydro","status":"operational","precision":"approximate","source":"powerplantmatching v0.9.0, 2026-10-03 · Global Energy Monitor, Open Power System Data","source_url":"https://github.com/PyPSA/powerplantmatching","tech":"Reservoir","commissioning_year":1966},"geometry":{"type":"Point","coordinates":[-6.25,40.098]}},{"type":"Feature","properties":{"id":"ppm-es-9712","name":"Cerros De Radona","capacity_mw":40.0,"fuel_type":"wind","status":"operational","precision":"approximate","source":"powerplantmatching v0.9.0, 2026-10-03 · WRI GPPD, OpenStreetMap","source_url":"https://www.openstreetmap.org/relation/13065940","tech":"Onshore","commissioning_year":2009},"geometry":{"type":"Point","coordinates":[-2.527,41.251]}},{"type":"Feature","properties":{"id":"ppm-es-10978","name":"Tortosa Energia","capacity_mw":40.0,"fuel_type":"gas","status":"operational","precision":"approximate","source":"powerplantmatching v0.9.0, 2026-10-03 · Global Energy Monitor, WRI GPPD","source_url":"https://github.com/PyPSA/powerplantmatching","tech":"CCGT","commissioning_year":2011},"geometry":{"type":"Point","coordinates":[0.539,40.77]}},{"type":"Feature","properties":{"id":"ppm-es-12468","name":"Amazon Antilia Solar Farm","capacity_mw":40.0,"fuel_type":"solar","status":"operational","precision":"approximate","source":"powerplantmatching v0.9.0, 2026-10-03 · Global Energy Monitor","source_url":"https://github.com/PyPSA/powerplantmatching","tech":"PV","commissioning_year":2021},"geometry":{"type":"Point","coordinates":[-3.995,41.224]}},{"type":"Feature","properties":{"id":"ppm-es-13238","name":"Barrax Norte Sur Wind Farm","capacity_mw":40.0,"fuel_type":"wind","status":"operational","precision":"approximate","source":"powerplantmatching v0.9.0, 2026-10-03 · Global Energy Monitor","source_url":"https://github.com/PyPSA/powerplantmatching","tech":"Onshore","commissioning_year":2020},"geometry":{"type":"Point","coordinates":[-2.203,39.045]}},{"type":"Feature","properties":{"id":"ppm-es-13542","name":"Bidueiros Wind Farm","capacity_mw":40.0,"fuel_type":"wind","status":"operational","precision":"approximate","source":"powerplantmatching v0.9.0, 2026-10-03 · Global Energy Monitor","source_url":"https://github.com/PyPSA/powerplantmatching","tech":"Onshore","commissioning_year":2007},"geometry":{"type":"Point","coordinates":[-8.45,42.34]}},{"type":"Feature","properties":{"id":"ppm-es-14143","name":"Cadima Solar Farm","capacity_mw":40.0,"fuel_type":"solar","status":"operational","precision":"approximate","source":"powerplantmatching v0.9.0, 2026-10-03 · Global Energy Monitor","source_url":"https://github.com/PyPSA/powerplantmatching","tech":"PV","commissioning_year":2019},"geometry":{"type":"Point","coordinates":[-2.043,36.986]}},{"type":"Feature","properties":{"id":"ppm-es-14292","name":"Carratorres Wind Farm","capacity_mw":40.0,"fuel_type":"wind","status":"operational","precision":"approximate","source":"powerplantmatching v0.9.0, 2026-10-03 · Global Energy Monitor","source_url":"https://github.com/PyPSA/powerplantmatching","tech":"Onshore"},"geometry":{"type":"Point","coordinates":[-4.97,41.81]}},{"type":"Feature","properties":{"id":"ppm-es-15526","name":"Cruz De Carrutero Wind Farm","capacity_mw":40.0,"fuel_type":"wind","status":"operational","precision":"approximate","source":"powerplantmatching v0.9.0, 2026-10-03 · Global Energy Monitor","source_url":"https://github.com/PyPSA/powerplantmatching","tech":"Onshore","commissioning_year":2011},"geometry":{"type":"Point","coordinates":[-4.719,42.251]}},{"type":"Feature","properties":{"id":"ppm-es-16355","name":"El Cuco Solar Farm","capacity_mw":40.0,"fuel_type":"solar","status":"operational","precision":"approximate","source":"powerplantmatching v0.9.0, 2026-10-03 · Global Energy Monitor","source_url":"https://github.com/PyPSA/powerplantmatching","tech":"PV"},"geometry":{"type":"Point","coordinates":[-1.345,38.711]}},{"type":"Feature","properties":{"id":"ppm-es-16947","name":"Fuentes De Ebro Solar Farm","capacity_mw":40.0,"fuel_type":"solar","status":"operational","precision":"approximate","source":"powerplantmatching v0.9.0, 2026-10-03 · Global Energy Monitor","source_url":"https://github.com/PyPSA/powerplantmatching","tech":"PV"},"geometry":{"type":"Point","coordinates":[-0.912,41.655]}},{"type":"Feature","properties":{"id":"ppm-es-19322","name":"Labraza Wind Farm","capacity_mw":40.0,"fuel_type":"wind","status":"construction","precision":"approximate","source":"powerplantmatching v0.9.0, 2026-10-03 · Global Energy Monitor","source_url":"https://github.com/PyPSA/powerplantmatching","tech":"Onshore","commissioning_year":2026},"geometry":{"type":"Point","coordinates":[-2.436,42.507]}},{"type":"Feature","properties":{"id":"ppm-es-20834","name":"Montemayor Wind Farm","capacity_mw":40.0,"fuel_type":"wind","status":"operational","precision":"approximate","source":"powerplantmatching v0.9.0, 2026-10-03 · Global Energy Monitor","source_url":"https://github.com/PyPSA/powerplantmatching","tech":"Onshore","commissioning_year":2005},"geometry":{"type":"Point","coordinates":[-7.483,43.367]}},{"type":"Feature","properties":{"id":"ppm-es-21837","name":"Parcas Solar Farm","capacity_mw":40.0,"fuel_type":"solar","status":"operational","precision":"approximate","source":"powerplantmatching v0.9.0, 2026-10-03 · Global Energy Monitor","source_url":"https://github.com/PyPSA/powerplantmatching","tech":"PV","commissioning_year":2019},"geometry":{"type":"Point","coordinates":[-2.068,36.934]}},{"type":"Feature","properties":{"id":"ppm-es-23868","name":"Sierra Menera Wind Farm","capacity_mw":40.0,"fuel_type":"wind","status":"operational","precision":"approximate","source":"powerplantmatching v0.9.0, 2026-10-03 · Global Energy Monitor","source_url":"https://github.com/PyPSA/powerplantmatching","tech":"Onshore","commissioning_year":2006},"geometry":{"type":"Point","coordinates":[-1.555,40.713]}},{"type":"Feature","properties":{"id":"ppm-es-25456","name":"Valdemore Wind Farm","capacity_mw":40.0,"fuel_type":"wind","status":"operational","precision":"approximate","source":"powerplantmatching v0.9.0, 2026-10-03 · Global Energy Monitor","source_url":"https://github.com/PyPSA/powerplantmatching","tech":"Onshore"},"geometry":{"type":"Point","coordinates":[-4.287,41.93]}},{"type":"Feature","properties":{"id":"ppm-es-25571","name":"Vallobar Solar Farm","capacity_mw":40.0,"fuel_type":"solar","status":"operational","precision":"approximate","source":"powerplantmatching v0.9.0, 2026-10-03 · Global Energy Monitor","source_url":"https://github.com/PyPSA/powerplantmatching","tech":"PV"},"geometry":{"type":"Point","coordinates":[-1.059,41.523]}},{"type":"Feature","properties":{"id":"ppm-es-12357","name":"Alcores Calaspasol Solar Farm","capacity_mw":39.9,"fuel_type":"solar","status":"operational","precision":"approximate","source":"powerplantmatching v0.9.0, 2026-10-03 · Global Energy Monitor","source_url":"https://github.com/PyPSA/powerplantmatching","tech":"PV"},"geometry":{"type":"Point","coordinates":[-5.647,37.471]}},{"type":"Feature","properties":{"id":"ppm-es-23046","name":"Ribera Alta Del Ebro Solar","capacity_mw":39.7,"fuel_type":"solar","status":"operational","precision":"approximate","source":"powerplantmatching v0.9.0, 2026-10-03 · Global Energy Monitor","source_url":"https://github.com/PyPSA/powerplantmatching","tech":"PV","commissioning_year":2023},"geometry":{"type":"Point","coordinates":[-1.211,41.733]}},{"type":"Feature","properties":{"id":"ppm-es-23537","name":"San Miguel Solar Farm","capacity_mw":39.7,"fuel_type":"solar","status":"operational","precision":"approximate","source":"powerplantmatching v0.9.0, 2026-10-03 · Global Energy Monitor","source_url":"https://github.com/PyPSA/powerplantmatching","tech":"PV"},"geometry":{"type":"Point","coordinates":[-0.585,41.408]}},{"type":"Feature","properties":{"id":"ppm-es-1518","name":"San Juan Madrid","capacity_mw":39.0,"fuel_type":"hydro","status":"operational","precision":"approximate","source":"powerplantmatching v0.9.0, 2026-10-03 · Global Energy Monitor, JRC (European Commission), Global Hydropower Resources, Open Power System Data","source_url":"https://github.com/PyPSA/powerplantmatching","tech":"Reservoir","commissioning_year":1955},"geometry":{"type":"Point","coordinates":[-4.311,40.373]}},{"type":"Feature","properties":{"id":"ppm-es-2571","name":"Monte Treito Wind Farm","capacity_mw":39.0,"fuel_type":"wind","status":"operational","precision":"approximate","source":"powerplantmatching v0.9.0, 2026-10-03 · Global Energy Monitor, WRI GPPD, OpenStreetMap","source_url":"https://www.openstreetmap.org/relation/17352133","tech":"Onshore","commissioning_year":2001},"geometry":{"type":"Point","coordinates":[-8.78,42.75]}},{"type":"Feature","properties":{"id":"ppm-es-2675","name":"Sierra De Los Lagos Wind Farm","capacity_mw":39.0,"fuel_type":"wind","status":"operational","precision":"approximate","source":"powerplantmatching v0.9.0, 2026-10-03 · Global Energy Monitor, WRI GPPD, OpenStreetMap","source_url":"https://www.openstreetmap.org/relation/17526699","tech":"Onshore","commissioning_year":2003},"geometry":{"type":"Point","coordinates":[-6.694,43.228]}},{"type":"Feature","properties":{"id":"ppm-es-5694","name":"San Blas Wind Farm","capacity_mw":39.0,"fuel_type":"wind","status":"operational","precision":"approximate","source":"powerplantmatching v0.9.0, 2026-10-03 · Global Energy Monitor, OpenStreetMap","source_url":"https://www.openstreetmap.org/relation/20226673","tech":"Onshore","commissioning_year":2019},"geometry":{"type":"Point","coordinates":[-5.03,41.792]}},{"type":"Feature","properties":{"id":"ppm-es-5697","name":"Raposeras Wind Farm","capacity_mw":39.0,"fuel_type":"wind","status":"operational","precision":"approximate","source":"powerplantmatching v0.9.0, 2026-10-03 · Global Energy Monitor, OpenStreetMap","source_url":"https://www.openstreetmap.org/relation/13071762","tech":"Onshore","commissioning_year":2004},"geometry":{"type":"Point","coordinates":[-2.01,42.3]}},{"type":"Feature","properties":{"id":"ppm-es-10949","name":"Penas De Dios Wind Farm","capacity_mw":39.0,"fuel_type":"wind","status":"operational","precision":"approximate","source":"powerplantmatching v0.9.0, 2026-10-03 · Global Energy Monitor, WRI GPPD","source_url":"https://github.com/PyPSA/powerplantmatching","tech":"Onshore","commissioning_year":2009},"geometry":{"type":"Point","coordinates":[-0.997,39.749]}},{"type":"Feature","properties":{"id":"ppm-es-19948","name":"Loma De Los Pinos Wind Farm","capacity_mw":39.0,"fuel_type":"wind","status":"operational","precision":"approximate","source":"powerplantmatching v0.9.0, 2026-10-03 · Global Energy Monitor","source_url":"https://github.com/PyPSA/powerplantmatching","tech":"Onshore","commissioning_year":2022},"geometry":{"type":"Point","coordinates":[-5.951,36.879]}},{"type":"Feature","properties":{"id":"ppm-es-19952","name":"Lomillas Hybrid Solar Farm","capacity_mw":39.0,"fuel_type":"solar","status":"operational","precision":"approximate","source":"powerplantmatching v0.9.0, 2026-10-03 · Global Energy Monitor","source_url":"https://github.com/PyPSA/powerplantmatching","tech":"PV"},"geometry":{"type":"Point","coordinates":[-2.171,39.469]}},{"type":"Feature","properties":{"id":"ppm-es-16339","name":"El Bonete Solar Farm","capacity_mw":38.5,"fuel_type":"solar","status":"operational","precision":"approximate","source":"powerplantmatching v0.9.0, 2026-10-03 · Global Energy Monitor","source_url":"https://github.com/PyPSA/powerplantmatching","tech":"PV"},"geometry":{"type":"Point","coordinates":[-0.489,41.23]}},{"type":"Feature","properties":{"id":"ppm-es-1516","name":"Penadrada","capacity_mw":38.0,"fuel_type":"hydro","status":"operational","precision":"approximate","source":"powerplantmatching v0.9.0, 2026-10-03 · Global Energy Monitor, JRC (European Commission), Global Hydropower Resources, Open Power System Data","source_url":"https://github.com/PyPSA/powerplantmatching","tech":"Reservoir","commissioning_year":1957},"geometry":{"type":"Point","coordinates":[-6.533,42.768]}},{"type":"Feature","properties":{"id":"ppm-es-1559","name":"Oliana","capacity_mw":38.0,"fuel_type":"hydro","status":"operational","precision":"approximate","source":"powerplantmatching v0.9.0, 2026-10-03 · Global Energy Monitor, Global Hydropower Resources, Open Power System Data, WRI GPPD","source_url":"https://github.com/PyPSA/powerplantmatching","tech":"Reservoir","commissioning_year":1956},"geometry":{"type":"Point","coordinates":[1.195,41.94]}},{"type":"Feature","properties":{"id":"ppm-es-1561","name":"Pontenovo","capacity_mw":38.0,"fuel_type":"hydro","status":"operational","precision":"approximate","source":"powerplantmatching v0.9.0, 2026-10-03 · Global Energy Monitor, Global Hydropower Resources, Open Power System Data, WRI GPPD","source_url":"https://github.com/PyPSA/powerplantmatching","tech":"Run-Of-River","commissioning_year":1952},"geometry":{"type":"Point","coordinates":[-7.234,42.375]}},{"type":"Feature","properties":{"id":"ppm-es-2475","name":"Bullana Wind Farm","capacity_mw":38.0,"fuel_type":"wind","status":"operational","precision":"approximate","source":"powerplantmatching v0.9.0, 2026-10-03 · Global Energy Monitor, WRI GPPD, OpenStreetMap","source_url":"https://www.openstreetmap.org/relation/13064906","tech":"Onshore","commissioning_year":2009},"geometry":{"type":"Point","coordinates":[-2.38,41.26]}},{"type":"Feature","properties":{"id":"ppm-es-2478","name":"Caldereros Wind Farm","capacity_mw":38.0,"fuel_type":"wind","status":"operational","precision":"approximate","source":"powerplantmatching v0.9.0, 2026-10-03 · Global Energy Monitor, WRI GPPD, OpenStreetMap","source_url":"https://www.openstreetmap.org/relation/13062851","tech":"Onshore","commissioning_year":2008},"geometry":{"type":"Point","coordinates":[-1.583,40.807]}},{"type":"Feature","properties":{"id":"ppm-es-2616","name":"La Torrecilla Wind Farm","capacity_mw":38.0,"fuel_type":"wind","status":"operational","precision":"approximate","source":"powerplantmatching v0.9.0, 2026-10-03 · Global Energy Monitor, WRI GPPD, OpenStreetMap","source_url":"https://www.openstreetmap.org/relation/12848185","tech":"Onshore","commissioning_year":2007},"geometry":{"type":"Point","coordinates":[-0.983,40.793]}},{"type":"Feature","properties":{"id":"ppm-es-2619","name":"Las Vinas Wind Farm","capacity_mw":38.0,"fuel_type":"wind","status":"operational","precision":"approximate","source":"powerplantmatching v0.9.0, 2026-10-03 · Global Energy Monitor, WRI GPPD, OpenStreetMap","source_url":"https://www.openstreetmap.org/relation/13996368","tech":"Onshore","commissioning_year":2010},"geometry":{"type":"Point","coordinates":[-3.744,42.474]}},{"type":"Feature","properties":{"id":"ppm-es-2676","name":"Sierra De Mira Wind Farm","capacity_mw":38.0,"fuel_type":"wind","status":"operational","precision":"approximate","source":"powerplantmatching v0.9.0, 2026-10-03 · Global Energy Monitor, WRI GPPD, OpenStreetMap","source_url":"https://www.openstreetmap.org/relation/13062849","tech":"Onshore","commissioning_year":2002},"geometry":{"type":"Point","coordinates":[-1.382,39.728]}},{"type":"Feature","properties":{"id":"ppm-es-2680","name":"Sierra Lacera Wind Farm","capacity_mw":38.0,"fuel_type":"wind","status":"operational","precision":"approximate","source":"powerplantmatching v0.9.0, 2026-10-03 · Global Energy Monitor, WRI GPPD, OpenStreetMap","source_url":"https://www.openstreetmap.org/relation/20316478","tech":"Onshore","commissioning_year":2009},"geometry":{"type":"Point","coordinates":[-1.174,38.74]}},{"type":"Feature","properties":{"id":"ppm-es-3202","name":"Los Visos Wind Farm","capacity_mw":38.0,"fuel_type":"wind","status":"operational","precision":"approximate","source":"powerplantmatching v0.9.0, 2026-10-03 · Global Energy Monitor, WRI GPPD, OpenStreetMap","source_url":"https://www.openstreetmap.org/relation/12991937","tech":"Onshore","commissioning_year":2005},"geometry":{"type":"Point","coordinates":[-1.422,41.689]}},{"type":"Feature","properties":{"id":"ppm-es-5446","name":"Campanario Ventient Wind Farm","capacity_mw":38.0,"fuel_type":"wind","status":"operational","precision":"approximate","source":"powerplantmatching v0.9.0, 2026-10-03 · Global Energy Monitor, OpenStreetMap","source_url":"https://www.openstreetmap.org/relation/18700718","tech":"Onshore","commissioning_year":2010},"geometry":{"type":"Point","coordinates":[-3.638,42.253]}},{"type":"Feature","properties":{"id":"ppm-es-5449","name":"Borja Arbolitas Wind Farm","capacity_mw":38.0,"fuel_type":"wind","status":"operational","precision":"approximate","source":"powerplantmatching v0.9.0, 2026-10-03 · Global Energy Monitor, OpenStreetMap","source_url":"https://www.openstreetmap.org/relation/12998684","tech":"Onshore","commissioning_year":1997},"geometry":{"type":"Point","coordinates":[-1.562,41.882]}},{"type":"Feature","properties":{"id":"ppm-es-5505","name":"El Candal Wind Farm","capacity_mw":38.0,"fuel_type":"wind","status":"operational","precision":"approximate","source":"powerplantmatching v0.9.0, 2026-10-03 · Global Energy Monitor, OpenStreetMap","source_url":"https://www.openstreetmap.org/relation/17354894","tech":"Onshore","commissioning_year":2012},"geometry":{"type":"Point","coordinates":[-6.93,43.398]}},{"type":"Feature","properties":{"id":"ppm-es-5588","name":"Llanos Del Espino Wind Farm","capacity_mw":38.0,"fuel_type":"wind","status":"operational","precision":"approximate","source":"powerplantmatching v0.9.0, 2026-10-03 · Global Energy Monitor, OpenStreetMap","source_url":"https://www.openstreetmap.org/relation/13935884","tech":"Onshore","commissioning_year":2008},"geometry":{"type":"Point","coordinates":[-4.92,36.983]}},{"type":"Feature","properties":{"id":"ppm-es-5625","name":"Luzon Norte Wind Farm","capacity_mw":38.0,"fuel_type":"wind","status":"operational","precision":"approximate","source":"powerplantmatching v0.9.0, 2026-10-03 · Global Energy Monitor, OpenStreetMap","source_url":"https://www.openstreetmap.org/relation/13062008","tech":"Onshore","commissioning_year":2006},"geometry":{"type":"Point","coordinates":[-2.27,41.051]}},{"type":"Feature","properties":{"id":"ppm-es-5725","name":"Son Reus Incineration","capacity_mw":38.0,"fuel_type":"waste","status":"operational","precision":"approximate","source":"powerplantmatching v0.9.0, 2026-10-03 · Global Energy Monitor, OpenStreetMap","source_url":"https://www.openstreetmap.org/way/142300722","tech":"CCGT","commissioning_year":1995},"geometry":{"type":"Point","coordinates":[2.682,39.644]}},{"type":"Feature","properties":{"id":"ppm-es-7585","name":"Santa Ana","capacity_mw":38.0,"fuel_type":"hydro","status":"operational","precision":"approximate","source":"powerplantmatching v0.9.0, 2026-10-03 · Global Energy Monitor, Open Power System Data","source_url":"https://github.com/PyPSA/powerplantmatching","tech":"Reservoir","commissioning_year":1962},"geometry":{"type":"Point","coordinates":[0.577,41.882]}},{"type":"Feature","properties":{"id":"ppm-es-10889","name":"Monte Cabezas Wind Farm","capacity_mw":38.0,"fuel_type":"wind","status":"operational","precision":"approximate","source":"powerplantmatching v0.9.0, 2026-10-03 · Global Energy Monitor, WRI GPPD","source_url":"https://github.com/PyPSA/powerplantmatching","tech":"Onshore","commissioning_year":2005},"geometry":{"type":"Point","coordinates":[-7.886,42.723]}},{"type":"Feature","properties":{"id":"ppm-es-14108","name":"Bustelo Acciona Energia Wind Farm","capacity_mw":38.0,"fuel_type":"wind","status":"operational","precision":"approximate","source":"powerplantmatching v0.9.0, 2026-10-03 · Global Energy Monitor","source_url":"https://github.com/PyPSA/powerplantmatching","tech":"Onshore","commissioning_year":1998},"geometry":{"type":"Point","coordinates":[-7.79,43.46]}},{"type":"Feature","properties":{"id":"ppm-es-14290","name":"Carrascalejo Monte Alto Wind Farm","capacity_mw":38.0,"fuel_type":"wind","status":"operational","precision":"approximate","source":"powerplantmatching v0.9.0, 2026-10-03 · Global Energy Monitor","source_url":"https://github.com/PyPSA/powerplantmatching","tech":"Onshore","commissioning_year":2009},"geometry":{"type":"Point","coordinates":[-2.436,41.172]}},{"type":"Feature","properties":{"id":"ppm-es-14291","name":"Carrascosa Wind Farm","capacity_mw":38.0,"fuel_type":"wind","status":"operational","precision":"approximate","source":"powerplantmatching v0.9.0, 2026-10-03 · Global Energy Monitor","source_url":"https://github.com/PyPSA/powerplantmatching","tech":"Onshore","commissioning_year":2006},"geometry":{"type":"Point","coordinates":[-2.761,40.009]}},{"type":"Feature","properties":{"id":"ppm-es-14573","name":"Castile La Mancha Solar Lxxv","capacity_mw":38.0,"fuel_type":"solar","status":"operational","precision":"approximate","source":"powerplantmatching v0.9.0, 2026-10-03 · Global Energy Monitor","source_url":"https://github.com/PyPSA/powerplantmatching","tech":"PV","commissioning_year":2019},"geometry":{"type":"Point","coordinates":[-3.046,40.745]}},{"type":"Feature","properties":{"id":"ppm-es-15436","name":"Coto De Codesas Wind Farm","capacity_mw":38.0,"fuel_type":"wind","status":"operational","precision":"approximate","source":"powerplantmatching v0.9.0, 2026-10-03 · Global Energy Monitor","source_url":"https://github.com/PyPSA/powerplantmatching","tech":"Onshore","commissioning_year":2007},"geometry":{"type":"Point","coordinates":[-8.019,42.99]}},{"type":"Feature","properties":{"id":"ppm-es-14365","name":"Castile La Mancha Solar Cccliii","capacity_mw":37.8,"fuel_type":"solar","status":"operational","precision":"approximate","source":"powerplantmatching v0.9.0, 2026-10-03 · Global Energy Monitor","source_url":"https://github.com/PyPSA/powerplantmatching","tech":"PV","commissioning_year":2017},"geometry":{"type":"Point","coordinates":[-1.339,38.896]}},{"type":"Feature","properties":{"id":"ppm-es-25448","name":"Valdecarretas Renewables Japan Solar Farm","capacity_mw":37.8,"fuel_type":"solar","status":"operational","precision":"approximate","source":"powerplantmatching v0.9.0, 2026-10-03 · Global Energy Monitor","source_url":"https://github.com/PyPSA/powerplantmatching","tech":"PV"},"geometry":{"type":"Point","coordinates":[-5.375,41.441]}},{"type":"Feature","properties":{"id":"ppm-es-14310","name":"Casafuerte Solar Farm","capacity_mw":37.5,"fuel_type":"solar","status":"operational","precision":"approximate","source":"powerplantmatching v0.9.0, 2026-10-03 · Global Energy Monitor","source_url":"https://github.com/PyPSA/powerplantmatching","tech":"PV"},"geometry":{"type":"Point","coordinates":[-2.858,42.448]}},{"type":"Feature","properties":{"id":"ppm-es-14463","name":"Castile La Mancha Solar Cclxxiii","capacity_mw":37.5,"fuel_type":"solar","status":"operational","precision":"approximate","source":"powerplantmatching v0.9.0, 2026-10-03 · Global Energy Monitor","source_url":"https://github.com/PyPSA/powerplantmatching","tech":"PV","commissioning_year":2021},"geometry":{"type":"Point","coordinates":[-2.625,39.954]}},{"type":"Feature","properties":{"id":"ppm-es-23671","name":"Sedeis Solar Farm","capacity_mw":37.5,"fuel_type":"solar","status":"operational","precision":"approximate","source":"powerplantmatching v0.9.0, 2026-10-03 · Global Energy Monitor","source_url":"https://github.com/PyPSA/powerplantmatching","tech":"PV","commissioning_year":2023},"geometry":{"type":"Point","coordinates":[-0.384,41.011]}},{"type":"Feature","properties":{"id":"ppm-es-23531","name":"San Jorge Comunidad Valenciana Solar Farm","capacity_mw":37.4,"fuel_type":"solar","status":"operational","precision":"approximate","source":"powerplantmatching v0.9.0, 2026-10-03 · Global Energy Monitor","source_url":"https://github.com/PyPSA/powerplantmatching","units":2,"tech":"PV · 2 units","commissioning_year":2022},"geometry":{"type":"Point","coordinates":[0.373,40.564]}},{"type":"Feature","properties":{"id":"ppm-es-26347","name":"Zafra Rio Bodion Solar","capacity_mw":37.2,"fuel_type":"solar","status":"operational","precision":"approximate","source":"powerplantmatching v0.9.0, 2026-10-03 · Global Energy Monitor","source_url":"https://github.com/PyPSA/powerplantmatching","tech":"PV","commissioning_year":2021},"geometry":{"type":"Point","coordinates":[-6.411,38.435]}},{"type":"Feature","properties":{"id":"ppm-es-505","name":"Seira","capacity_mw":37.0,"fuel_type":"hydro","status":"operational","precision":"approximate","source":"powerplantmatching v0.9.0, 2026-10-03 · Global Energy Monitor, JRC (European Commission), Global Hydropower Resources, Open Power System Data, WRI GPPD, OpenStreetMap","source_url":"https://www.openstreetmap.org/way/738135579","tech":"Run-Of-River","commissioning_year":1918},"geometry":{"type":"Point","coordinates":[0.436,42.478]}},{"type":"Feature","properties":{"id":"ppm-es-2576","name":"Muela De Tortosilla Wind Farm","capacity_mw":37.0,"fuel_type":"wind","status":"operational","precision":"approximate","source":"powerplantmatching v0.9.0, 2026-10-03 · Global Energy Monitor, WRI GPPD, OpenStreetMap","source_url":"https://www.openstreetmap.org/relation/20322743","tech":"Onshore","commissioning_year":2000},"geometry":{"type":"Point","coordinates":[-1.217,38.967]}},{"type":"Feature","properties":{"id":"ppm-es-5398","name":"Boqueron Edpr Wind Farm","capacity_mw":37.0,"fuel_type":"wind","status":"operational","precision":"approximate","source":"powerplantmatching v0.9.0, 2026-10-03 · Global Energy Monitor, OpenStreetMap","source_url":"https://www.openstreetmap.org/relation/13196327","tech":"Onshore","commissioning_year":2001},"geometry":{"type":"Point","coordinates":[-1.621,41.861]}},{"type":"Feature","properties":{"id":"ppm-es-5600","name":"Labradas Fusionado Wind Farm","capacity_mw":37.0,"fuel_type":"wind","status":"operational","precision":"approximate","source":"powerplantmatching v0.9.0, 2026-10-03 · Global Energy Monitor, OpenStreetMap","source_url":"https://www.openstreetmap.org/relation/17439092","tech":"Onshore","commissioning_year":2002},"geometry":{"type":"Point","coordinates":[-5.878,42.111]}},{"type":"Feature","properties":{"id":"ppm-es-5631","name":"Menaute Wind Farm","capacity_mw":37.0,"fuel_type":"wind","status":"operational","precision":"approximate","source":"powerplantmatching v0.9.0, 2026-10-03 · Global Energy Monitor, OpenStreetMap","source_url":"https://www.openstreetmap.org/relation/13935892","tech":"Onshore"},"geometry":{"type":"Point","coordinates":[-4.918,37.047]}},{"type":"Feature","properties":{"id":"ppm-es-10781","name":"Aibar Wind Farm","capacity_mw":37.0,"fuel_type":"wind","status":"operational","precision":"approximate","source":"powerplantmatching v0.9.0, 2026-10-03 · Global Energy Monitor, WRI GPPD","source_url":"https://github.com/PyPSA/powerplantmatching","tech":"Onshore","commissioning_year":1999},"geometry":{"type":"Point","coordinates":[-1.391,42.64]}},{"type":"Feature","properties":{"id":"ppm-es-10853","name":"Colladetes Wind Farm","capacity_mw":37.0,"fuel_type":"wind","status":"operational","precision":"approximate","source":"powerplantmatching v0.9.0, 2026-10-03 · Global Energy Monitor, WRI GPPD","source_url":"https://github.com/PyPSA/powerplantmatching","tech":"Onshore","commissioning_year":2000},"geometry":{"type":"Point","coordinates":[0.717,40.867]}},{"type":"Feature","properties":{"id":"ppm-es-15398","name":"Cordel Vidural Wind Farm","capacity_mw":37.0,"fuel_type":"wind","status":"operational","precision":"approximate","source":"powerplantmatching v0.9.0, 2026-10-03 · Global Energy Monitor","source_url":"https://github.com/PyPSA/powerplantmatching","tech":"Onshore","commissioning_year":2021},"geometry":{"type":"Point","coordinates":[-6.723,43.539]}},{"type":"Feature","properties":{"id":"ppm-es-10891","name":"Fuente Alamo Solar","capacity_mw":36.5,"fuel_type":"solar","status":"operational","precision":"approximate","source":"powerplantmatching v0.9.0, 2026-10-03 · Global Energy Monitor, WRI GPPD","source_url":"https://github.com/PyPSA/powerplantmatching","tech":"PV","commissioning_year":2008},"geometry":{"type":"Point","coordinates":[-1.168,37.686]}},{"type":"Feature","properties":{"id":"ppm-es-10922","name":"Las Gabias Solar","capacity_mw":36.2,"fuel_type":"solar","status":"operational","precision":"approximate","source":"powerplantmatching v0.9.0, 2026-10-03 · Global Energy Monitor, WRI GPPD","source_url":"https://github.com/PyPSA/powerplantmatching","tech":"PV","commissioning_year":2008},"geometry":{"type":"Point","coordinates":[-3.714,37.136]}},{"type":"Feature","properties":{"id":"ppm-es-971","name":"Escales","capacity_mw":36.0,"fuel_type":"hydro","status":"operational","precision":"approximate","source":"powerplantmatching v0.9.0, 2026-10-03 · Global Energy Monitor, Global Hydropower Resources, Open Power System Data, WRI GPPD, OpenStreetMap","source_url":"https://www.openstreetmap.org/way/737351322","tech":"Reservoir","commissioning_year":1955},"geometry":{"type":"Point","coordinates":[0.745,42.324]}},{"type":"Feature","properties":{"id":"ppm-es-1001","name":"Quereno","capacity_mw":36.0,"fuel_type":"hydro","status":"operational","precision":"approximate","source":"powerplantmatching v0.9.0, 2026-10-03 · Global Energy Monitor, JRC (European Commission), Global Hydropower Resources, Open Power System Data, WRI GPPD","source_url":"https://github.com/PyPSA/powerplantmatching","tech":"Run-Of-River","commissioning_year":1961},"geometry":{"type":"Point","coordinates":[-6.831,42.417]}},{"type":"Feature","properties":{"id":"ppm-es-2603","name":"Santa Quiteria Wind Farm","capacity_mw":36.0,"fuel_type":"wind","status":"operational","precision":"approximate","source":"powerplantmatching v0.9.0, 2026-10-03 · Global Energy Monitor, WRI GPPD, OpenStreetMap","source_url":"https://www.openstreetmap.org/relation/6329326","tech":"Onshore","commissioning_year":2003},"geometry":{"type":"Point","coordinates":[-0.601,41.977]}},{"type":"Feature","properties":{"id":"ppm-es-2605","name":"Serra Da Loba Wind Farm","capacity_mw":36.0,"fuel_type":"wind","status":"operational","precision":"approximate","source":"powerplantmatching v0.9.0, 2026-10-03 · Global Energy Monitor, WRI GPPD, OpenStreetMap","source_url":"https://www.openstreetmap.org/relation/17352863","tech":"Onshore","commissioning_year":2005},"geometry":{"type":"Point","coordinates":[-7.922,43.268]}},{"type":"Feature","properties":{"id":"ppm-es-2656","name":"Planas De Pola Wind Farm","capacity_mw":36.0,"fuel_type":"wind","status":"operational","precision":"approximate","source":"powerplantmatching v0.9.0, 2026-10-03 · Global Energy Monitor, WRI GPPD, OpenStreetMap","source_url":"https://www.openstreetmap.org/relation/12998773","tech":"Onshore","commissioning_year":1999},"geometry":{"type":"Point","coordinates":[-1.102,41.885]}},{"type":"Feature","properties":{"id":"ppm-es-2688","name":"Tijola Wind Farm","capacity_mw":36.0,"fuel_type":"wind","status":"operational","precision":"approximate","source":"powerplantmatching v0.9.0, 2026-10-03 · Global Energy Monitor, WRI GPPD, OpenStreetMap","source_url":"https://www.openstreetmap.org/relation/13929871","tech":"Onshore","commissioning_year":2008},"geometry":{"type":"Point","coordinates":[-2.433,37.346]}},{"type":"Feature","properties":{"id":"ppm-es-5413","name":"Barasoain Wind Farm","capacity_mw":36.0,"fuel_type":"wind","status":"operational","precision":"approximate","source":"powerplantmatching v0.9.0, 2026-10-03 · Global Energy Monitor, OpenStreetMap","source_url":"https://www.openstreetmap.org/relation/13057373","tech":"Onshore","commissioning_year":2019},"geometry":{"type":"Point","coordinates":[-1.69,42.605]}},{"type":"Feature","properties":{"id":"ppm-es-5429","name":"Castil De Tierra Wind Farm","capacity_mw":36.0,"fuel_type":"wind","status":"operational","precision":"approximate","source":"powerplantmatching v0.9.0, 2026-10-03 · Global Energy Monitor, OpenStreetMap","source_url":"https://www.openstreetmap.org/relation/13065868","tech":"Onshore"},"geometry":{"type":"Point","coordinates":[-2.287,41.563]}},{"type":"Feature","properties":{"id":"ppm-es-5451","name":"Brena Wind Farm","capacity_mw":36.0,"fuel_type":"wind","status":"operational","precision":"approximate","source":"powerplantmatching v0.9.0, 2026-10-03 · Global Energy Monitor, OpenStreetMap","source_url":"https://www.openstreetmap.org/relation/17228340","tech":"Onshore","commissioning_year":2006},"geometry":{"type":"Point","coordinates":[-2.322,38.689]}},{"type":"Feature","properties":{"id":"ppm-es-5470","name":"Cueva Dorada Wind Farm","capacity_mw":36.0,"fuel_type":"wind","status":"operational","precision":"approximate","source":"powerplantmatching v0.9.0, 2026-10-03 · Global Energy Monitor, OpenStreetMap","source_url":"https://www.openstreetmap.org/relation/13899886","units":2,"tech":"Onshore · 2 units","commissioning_year":2003},"geometry":{"type":"Point","coordinates":[-4.15,37.17]}},{"type":"Feature","properties":{"id":"ppm-es-5514","name":"El Alamo Wind Farm","capacity_mw":36.0,"fuel_type":"wind","status":"operational","precision":"approximate","source":"powerplantmatching v0.9.0, 2026-10-03 · Global Energy Monitor, OpenStreetMap","source_url":"https://www.openstreetmap.org/relation/13935889","tech":"Onshore"},"geometry":{"type":"Point","coordinates":[-4.862,37.045]}},{"type":"Feature","properties":{"id":"ppm-es-5547","name":"El Segredal Wind Farm","capacity_mw":36.0,"fuel_type":"wind","status":"operational","precision":"approximate","source":"powerplantmatching v0.9.0, 2026-10-03 · Global Energy Monitor, OpenStreetMap","source_url":"https://www.openstreetmap.org/relation/17354981","tech":"Onshore","commissioning_year":2012},"geometry":{"type":"Point","coordinates":[-6.665,43.421]}},{"type":"Feature","properties":{"id":"ppm-es-5563","name":"La Loma Wind Farm","capacity_mw":36.0,"fuel_type":"wind","status":"operational","precision":"approximate","source":"powerplantmatching v0.9.0, 2026-10-03 · Global Energy Monitor, OpenStreetMap","source_url":"https://www.openstreetmap.org/relation/12848181","tech":"Onshore","commissioning_year":2012},"geometry":{"type":"Point","coordinates":[-0.768,40.764]}},{"type":"Feature","properties":{"id":"ppm-es-5644","name":"San Gil Wind Farm","capacity_mw":36.0,"fuel_type":"wind","status":"operational","precision":"approximate","source":"powerplantmatching v0.9.0, 2026-10-03 · Global Energy Monitor, OpenStreetMap","source_url":"https://www.openstreetmap.org/relation/13062847","tech":"Onshore","commissioning_year":2009},"geometry":{"type":"Point","coordinates":[-1.903,41.007]}},{"type":"Feature","properties":{"id":"ppm-es-5736","name":"Sasoplano Wind Farm","capacity_mw":36.0,"fuel_type":"wind","status":"operational","precision":"approximate","source":"powerplantmatching v0.9.0, 2026-10-03 · Global Energy Monitor, OpenStreetMap","source_url":"https://www.openstreetmap.org/relation/12999114","tech":"Onshore","commissioning_year":2003},"geometry":{"type":"Point","coordinates":[-0.592,42.136]}},{"type":"Feature","properties":{"id":"ppm-es-5741","name":"Sesue","capacity_mw":36.0,"fuel_type":"hydro","status":"operational","precision":"approximate","source":"powerplantmatching v0.9.0, 2026-10-03 · Global Energy Monitor, OpenStreetMap","source_url":"https://www.openstreetmap.org/way/845414071","tech":"Reservoir","commissioning_year":1963},"geometry":{"type":"Point","coordinates":[0.47,42.542]}},{"type":"Feature","properties":{"id":"ppm-es-16901","name":"Fraile Solar Farm","capacity_mw":36.0,"fuel_type":"solar","status":"operational","precision":"approximate","source":"powerplantmatching v0.9.0, 2026-10-03 · Global Energy Monitor","source_url":"https://github.com/PyPSA/powerplantmatching","tech":"PV","commissioning_year":2022},"geometry":{"type":"Point","coordinates":[-5.496,38.783]}},{"type":"Feature","properties":{"id":"ppm-es-19739","name":"Leste Wind Farm","capacity_mw":36.0,"fuel_type":"wind","status":"operational","precision":"approximate","source":"powerplantmatching v0.9.0, 2026-10-03 · Global Energy Monitor","source_url":"https://github.com/PyPSA/powerplantmatching","tech":"Onshore","commissioning_year":2003},"geometry":{"type":"Point","coordinates":[-7.56,43.55]}},{"type":"Feature","properties":{"id":"ppm-es-20364","name":"Martin De La Jara Wind Farm","capacity_mw":36.0,"fuel_type":"wind","status":"operational","precision":"approximate","source":"powerplantmatching v0.9.0, 2026-10-03 · Global Energy Monitor","source_url":"https://github.com/PyPSA/powerplantmatching","tech":"Onshore","commissioning_year":2022},"geometry":{"type":"Point","coordinates":[-4.964,37.108]}},{"type":"Feature","properties":{"id":"ppm-es-20873","name":"Moratalla Solar Farm","capacity_mw":36.0,"fuel_type":"solar","status":"operational","precision":"approximate","source":"powerplantmatching v0.9.0, 2026-10-03 · Global Energy Monitor","source_url":"https://github.com/PyPSA/powerplantmatching","tech":"PV","commissioning_year":2025},"geometry":{"type":"Point","coordinates":[-1.871,38.307]}},{"type":"Feature","properties":{"id":"ppm-es-21919","name":"Pastoriza Wind Farm","capacity_mw":36.0,"fuel_type":"wind","status":"operational","precision":"approximate","source":"powerplantmatching v0.9.0, 2026-10-03 · Global Energy Monitor","source_url":"https://github.com/PyPSA/powerplantmatching","tech":"Onshore","commissioning_year":2019},"geometry":{"type":"Point","coordinates":[-7.327,43.374]}},{"type":"Feature","properties":{"id":"ppm-es-24889","name":"Teso Pardo Wind Farm","capacity_mw":36.0,"fuel_type":"wind","status":"operational","precision":"approximate","source":"powerplantmatching v0.9.0, 2026-10-03 · Global Energy Monitor","source_url":"https://github.com/PyPSA/powerplantmatching","tech":"Onshore","commissioning_year":2019},"geometry":{"type":"Point","coordinates":[-5.01,41.8]}},{"type":"Feature","properties":{"id":"ppm-es-25705","name":"Verdigueiro Wind Farm","capacity_mw":36.0,"fuel_type":"wind","status":"operational","precision":"approximate","source":"powerplantmatching v0.9.0, 2026-10-03 · Global Energy Monitor","source_url":"https://github.com/PyPSA/powerplantmatching","tech":"Onshore","commissioning_year":2021},"geometry":{"type":"Point","coordinates":[-6.492,43.309]}},{"type":"Feature","properties":{"id":"ppm-es-16418","name":"Encina Del Sol Solar Farm","capacity_mw":35.8,"fuel_type":"solar","status":"operational","precision":"approximate","source":"powerplantmatching v0.9.0, 2026-10-03 · Global Energy Monitor","source_url":"https://github.com/PyPSA/powerplantmatching","tech":"PV","commissioning_year":2024},"geometry":{"type":"Point","coordinates":[-4.168,38.663]}},{"type":"Feature","properties":{"id":"ppm-es-16529","name":"Estrella Solar Pv Solar Farm","capacity_mw":35.8,"fuel_type":"solar","status":"operational","precision":"approximate","source":"powerplantmatching v0.9.0, 2026-10-03 · Global Energy Monitor","source_url":"https://github.com/PyPSA/powerplantmatching","tech":"PV","commissioning_year":2023},"geometry":{"type":"Point","coordinates":[-4.172,38.681]}},{"type":"Feature","properties":{"id":"ppm-es-25119","name":"Torrijos Solar Farm","capacity_mw":35.6,"fuel_type":"solar","status":"operational","precision":"approximate","source":"powerplantmatching v0.9.0, 2026-10-03 · Global Energy Monitor","source_url":"https://github.com/PyPSA/powerplantmatching","tech":"PV","commissioning_year":2019},"geometry":{"type":"Point","coordinates":[-4.273,40.046]}},{"type":"Feature","properties":{"id":"ppm-es-16347","name":"El Condado Solar Xiii","capacity_mw":35.3,"fuel_type":"solar","status":"operational","precision":"approximate","source":"powerplantmatching v0.9.0, 2026-10-03 · Global Energy Monitor","source_url":"https://github.com/PyPSA/powerplantmatching","tech":"PV","commissioning_year":2017},"geometry":{"type":"Point","coordinates":[-6.52,37.383]}},{"type":"Feature","properties":{"id":"ppm-es-841","name":"Talarn","capacity_mw":35.0,"fuel_type":"hydro","status":"operational","precision":"approximate","source":"powerplantmatching v0.9.0, 2026-10-03 · Global Energy Monitor, JRC (European Commission), Global Hydropower Resources, Open Power System Data, GEO","source_url":"https://github.com/PyPSA/powerplantmatching","tech":"Reservoir","commissioning_year":1916},"geometry":{"type":"Point","coordinates":[0.908,42.174]}},{"type":"Feature","properties":{"id":"ppm-es-989","name":"Santa Marina","capacity_mw":35.0,"fuel_type":"hydro","status":"operational","precision":"approximate","source":"powerplantmatching v0.9.0, 2026-10-03 · Global Energy Monitor, JRC (European Commission), Global Hydropower Resources, Open Power System Data, WRI GPPD","source_url":"https://github.com/PyPSA/powerplantmatching","tech":"Reservoir","commissioning_year":1958},"geometry":{"type":"Point","coordinates":[-6.513,42.67]}},{"type":"Feature","properties":{"id":"ppm-es-1436","name":"Ribadelago","capacity_mw":35.0,"fuel_type":"hydro","status":"operational","precision":"approximate","source":"powerplantmatching v0.9.0, 2026-10-03 · JRC (European Commission), Global Hydropower Resources, Open Power System Data, WRI GPPD","source_url":"https://github.com/PyPSA/powerplantmatching","tech":"Reservoir","commissioning_year":1954},"geometry":{"type":"Point","coordinates":[-6.755,42.123]}},{"type":"Feature","properties":{"id":"ppm-es-3205","name":"San Agustin Wind Farm","capacity_mw":35.0,"fuel_type":"wind","status":"operational","precision":"approximate","source":"powerplantmatching v0.9.0, 2026-10-03 · Global Energy Monitor, WRI GPPD, OpenStreetMap","source_url":"https://www.openstreetmap.org/relation/12931817","tech":"Onshore","commissioning_year":2019},"geometry":{"type":"Point","coordinates":[-0.571,41.319]}},{"type":"Feature","properties":{"id":"ppm-es-5397","name":"Boira Acciona Energia Wind Farm","capacity_mw":35.0,"fuel_type":"wind","status":"operational","precision":"approximate","source":"powerplantmatching v0.9.0, 2026-10-03 · Global Energy Monitor, OpenStreetMap","source_url":"https://www.openstreetmap.org/relation/20326340","tech":"Onshore","commissioning_year":2009},"geometry":{"type":"Point","coordinates":[-1.13,39.159]}},{"type":"Feature","properties":{"id":"ppm-es-5574","name":"La Caldera Wind Farm","capacity_mw":35.0,"fuel_type":"wind","status":"operational","precision":"approximate","source":"powerplantmatching v0.9.0, 2026-10-03 · Global Energy Monitor, OpenStreetMap","source_url":"https://www.openstreetmap.org/relation/14122635","tech":"Onshore","commissioning_year":2003},"geometry":{"type":"Point","coordinates":[-3.788,42.54]}},{"type":"Feature","properties":{"id":"ppm-es-5603","name":"Los Arcos Wind Farm","capacity_mw":35.0,"fuel_type":"wind","status":"operational","precision":"approximate","source":"powerplantmatching v0.9.0, 2026-10-03 · Global Energy Monitor, OpenStreetMap","source_url":"https://www.openstreetmap.org/relation/13935891","tech":"Onshore","commissioning_year":2019},"geometry":{"type":"Point","coordinates":[-4.94,37.032]}},{"type":"Feature","properties":{"id":"ppm-es-5634","name":"Los Isletes Iberdrola Wind Farm","capacity_mw":35.0,"fuel_type":"wind","status":"operational","precision":"approximate","source":"powerplantmatching v0.9.0, 2026-10-03 · Global Energy Monitor, OpenStreetMap","source_url":"https://www.openstreetmap.org/relation/13943144","tech":"Onshore","commissioning_year":2009},"geometry":{"type":"Point","coordinates":[-5.88,36.564]}},{"type":"Feature","properties":{"id":"ppm-es-5670","name":"Neda Wind Farm","capacity_mw":35.0,"fuel_type":"wind","status":"operational","precision":"approximate","source":"powerplantmatching v0.9.0, 2026-10-03 · Global Energy Monitor, OpenStreetMap","source_url":"https://www.openstreetmap.org/relation/15608141","tech":"Onshore","commissioning_year":2019},"geometry":{"type":"Point","coordinates":[-7.445,43.347]}},{"type":"Feature","properties":{"id":"ppm-es-5708","name":"Primoral Wind Farm","capacity_mw":35.0,"fuel_type":"wind","status":"operational","precision":"approximate","source":"powerplantmatching v0.9.0, 2026-10-03 · Global Energy Monitor, OpenStreetMap","source_url":"https://www.openstreetmap.org/relation/12997894","tech":"Onshore","commissioning_year":2019},"geometry":{"type":"Point","coordinates":[-0.697,41.656]}},{"type":"Feature","properties":{"id":"ppm-es-10822","name":"Belmonte Wind Farm","capacity_mw":35.0,"fuel_type":"wind","status":"operational","precision":"approximate","source":"powerplantmatching v0.9.0, 2026-10-03 · Global Energy Monitor, WRI GPPD","source_url":"https://github.com/PyPSA/powerplantmatching","tech":"Onshore","commissioning_year":2006},"geometry":{"type":"Point","coordinates":[-6.274,43.305]}},{"type":"Feature","properties":{"id":"ppm-es-10936","name":"Pontevedra","capacity_mw":35.0,"fuel_type":"biomass","status":"operational","precision":"approximate","source":"powerplantmatching v0.9.0, 2026-10-03 · Global Energy Monitor, WRI GPPD","source_url":"https://github.com/PyPSA/powerplantmatching","tech":"CCGT","commissioning_year":2008},"geometry":{"type":"Point","coordinates":[-8.672,42.412]}},{"type":"Feature","properties":{"id":"ppm-es-12487","name":"Ameixenda Filgueira Wind Farm","capacity_mw":35.0,"fuel_type":"wind","status":"operational","precision":"approximate","source":"powerplantmatching v0.9.0, 2026-10-03 · Global Energy Monitor","source_url":"https://github.com/PyPSA/powerplantmatching","tech":"Onshore","commissioning_year":2002},"geometry":{"type":"Point","coordinates":[-8.2,42.57]}},{"type":"Feature","properties":{"id":"ppm-es-16325","name":"El Aguallal Wind Farm","capacity_mw":35.0,"fuel_type":"wind","status":"operational","precision":"approximate","source":"powerplantmatching v0.9.0, 2026-10-03 · Global Energy Monitor","source_url":"https://github.com/PyPSA/powerplantmatching","tech":"Onshore","commissioning_year":2001},"geometry":{"type":"Point","coordinates":[-6.968,42.054]}},{"type":"Feature","properties":{"id":"ppm-es-16669","name":"Extremadura Solar Xlvii","capacity_mw":35.0,"fuel_type":"solar","status":"operational","precision":"approximate","source":"powerplantmatching v0.9.0, 2026-10-03 · Global Energy Monitor","source_url":"https://github.com/PyPSA/powerplantmatching","tech":"PV","commissioning_year":2017},"geometry":{"type":"Point","coordinates":[-6.605,38.836]}},{"type":"Feature","properties":{"id":"ppm-es-20748","name":"Moncabril","capacity_mw":35.0,"fuel_type":"hydro","status":"operational","precision":"approximate","source":"powerplantmatching v0.9.0, 2026-10-03 · Global Energy Monitor","source_url":"https://github.com/PyPSA/powerplantmatching","tech":"Reservoir","commissioning_year":1955},"geometry":{"type":"Point","coordinates":[-6.14,41.978]}},{"type":"Feature","properties":{"id":"ppm-es-22002","name":"Penarroldana Wind Farm","capacity_mw":35.0,"fuel_type":"wind","status":"operational","precision":"approximate","source":"powerplantmatching v0.9.0, 2026-10-03 · Global Energy Monitor","source_url":"https://github.com/PyPSA/powerplantmatching","tech":"Onshore","commissioning_year":2008},"geometry":{"type":"Point","coordinates":[-5.93,41.666]}},{"type":"Feature","properties":{"id":"ppm-es-22580","name":"Portachuelo Sonnedix Solar Farm","capacity_mw":35.0,"fuel_type":"solar","status":"operational","precision":"approximate","source":"powerplantmatching v0.9.0, 2026-10-03 · Global Energy Monitor","source_url":"https://github.com/PyPSA/powerplantmatching","tech":"PV","commissioning_year":2022},"geometry":{"type":"Point","coordinates":[-3.943,39.876]}},{"type":"Feature","properties":{"id":"ppm-es-23145","name":"Roeles Solar Farm","capacity_mw":34.9,"fuel_type":"solar","status":"operational","precision":"approximate","source":"powerplantmatching v0.9.0, 2026-10-03 · Global Energy Monitor","source_url":"https://github.com/PyPSA/powerplantmatching","tech":"PV","commissioning_year":2020},"geometry":{"type":"Point","coordinates":[-4.914,41.335]}},{"type":"Feature","properties":{"id":"ppm-es-5682","name":"Sanguesa","capacity_mw":34.7,"fuel_type":"solar","status":"operational","precision":"approximate","source":"powerplantmatching v0.9.0, 2026-10-03 · Global Energy Monitor, OpenStreetMap","source_url":"https://www.openstreetmap.org/way/454765395","commissioning_year":2002},"geometry":{"type":"Point","coordinates":[-1.282,42.59]}},{"type":"Feature","properties":{"id":"ppm-es-23576","name":"Santa Catalina Solar Farm","capacity_mw":34.5,"fuel_type":"solar","status":"operational","precision":"approximate","source":"powerplantmatching v0.9.0, 2026-10-03 · Global Energy Monitor","source_url":"https://github.com/PyPSA/powerplantmatching","tech":"PV"},"geometry":{"type":"Point","coordinates":[-3.777,37.78]}},{"type":"Feature","properties":{"id":"ppm-es-17857","name":"Hoya De Huesca Plana De Uesca Solar","capacity_mw":34.3,"fuel_type":"solar","status":"operational","precision":"approximate","source":"powerplantmatching v0.9.0, 2026-10-03 · Global Energy Monitor","source_url":"https://github.com/PyPSA/powerplantmatching","tech":"PV","commissioning_year":2017},"geometry":{"type":"Point","coordinates":[-0.576,42.199]}},{"type":"Feature","properties":{"id":"ppm-es-2650","name":"Pena Forcada Wind Farm","capacity_mw":34.0,"fuel_type":"wind","status":"operational","precision":"approximate","source":"powerplantmatching v0.9.0, 2026-10-03 · Global Energy Monitor, WRI GPPD, OpenStreetMap","source_url":"https://www.openstreetmap.org/relation/14567736","tech":"Onshore","commissioning_year":2003},"geometry":{"type":"Point","coordinates":[-9.201,43.15]}},{"type":"Feature","properties":{"id":"ppm-es-2694","name":"Valmediano Wind Farm","capacity_mw":34.0,"fuel_type":"wind","status":"operational","precision":"approximate","source":"powerplantmatching v0.9.0, 2026-10-03 · Global Energy Monitor, WRI GPPD, OpenStreetMap","source_url":"https://www.openstreetmap.org/relation/15841789","tech":"Onshore","commissioning_year":2002},"geometry":{"type":"Point","coordinates":[-5.889,41.835]}},{"type":"Feature","properties":{"id":"ppm-es-5418","name":"Alhambra Wind Farm","capacity_mw":34.0,"fuel_type":"wind","status":"operational","precision":"approximate","source":"powerplantmatching v0.9.0, 2026-10-03 · Global Energy Monitor, OpenStreetMap","source_url":"https://www.openstreetmap.org/relation/13086968","tech":"Onshore","commissioning_year":2004},"geometry":{"type":"Point","coordinates":[-3.126,38.868]}},{"type":"Feature","properties":{"id":"ppm-es-5606","name":"Las Hoyuelas Wind Farm","capacity_mw":34.0,"fuel_type":"wind","status":"operational","precision":"approximate","source":"powerplantmatching v0.9.0, 2026-10-03 · Global Energy Monitor, OpenStreetMap","source_url":"https://www.openstreetmap.org/relation/15879924","tech":"Onshore","commissioning_year":2006},"geometry":{"type":"Point","coordinates":[-1.135,38.817]}},{"type":"Feature","properties":{"id":"ppm-es-5637","name":"Los Madronales Wind Farm","capacity_mw":34.0,"fuel_type":"wind","status":"operational","precision":"approximate","source":"powerplantmatching v0.9.0, 2026-10-03 · Global Energy Monitor, OpenStreetMap","source_url":"https://www.openstreetmap.org/relation/13935885","tech":"Onshore","commissioning_year":2013},"geometry":{"type":"Point","coordinates":[-5.023,37.002]}},{"type":"Feature","properties":{"id":"ppm-es-5646","name":"Los Campillos Wind Farm","capacity_mw":34.0,"fuel_type":"wind","status":"operational","precision":"approximate","source":"powerplantmatching v0.9.0, 2026-10-03 · Global Energy Monitor, OpenStreetMap","source_url":"https://www.openstreetmap.org/relation/13068164","tech":"Onshore","commissioning_year":2006},"geometry":{"type":"Point","coordinates":[-2.571,41.386]}},{"type":"Feature","properties":{"id":"ppm-es-5658","name":"Padul Wind Farm","capacity_mw":34.0,"fuel_type":"wind","status":"operational","precision":"approximate","source":"powerplantmatching v0.9.0, 2026-10-03 · Global Energy Monitor, OpenStreetMap","source_url":"https://www.openstreetmap.org/relation/13899180","tech":"Onshore","commissioning_year":2012},"geometry":{"type":"Point","coordinates":[-3.687,37.001]}},{"type":"Feature","properties":{"id":"ppm-es-5704","name":"Piedras Del Alto Wind Farm","capacity_mw":34.0,"fuel_type":"wind","status":"operational","precision":"approximate","source":"powerplantmatching v0.9.0, 2026-10-03 · Global Energy Monitor, OpenStreetMap","source_url":"https://www.openstreetmap.org/relation/17226127","tech":"Onshore","commissioning_year":2004},"geometry":{"type":"Point","coordinates":[-3.75,41.45]}},{"type":"Feature","properties":{"id":"ppm-es-5765","name":"Villamiel Wind Farm","capacity_mw":34.0,"fuel_type":"wind","status":"operational","precision":"approximate","source":"powerplantmatching v0.9.0, 2026-10-03 · Global Energy Monitor, OpenStreetMap","source_url":"https://www.openstreetmap.org/relation/14710789","tech":"Onshore","commissioning_year":2004},"geometry":{"type":"Point","coordinates":[-3.435,42.18]}},{"type":"Feature","properties":{"id":"ppm-es-10818","name":"Arnedo Solar Farm","capacity_mw":34.0,"fuel_type":"solar","status":"operational","precision":"approximate","source":"powerplantmatching v0.9.0, 2026-10-03 · Global Energy Monitor, WRI GPPD","source_url":"https://github.com/PyPSA/powerplantmatching","tech":"PV","commissioning_year":2008},"geometry":{"type":"Point","coordinates":[-2.045,42.275]}},{"type":"Feature","properties":{"id":"ppm-es-13934","name":"Brena","capacity_mw":34.0,"fuel_type":"hydro","status":"operational","precision":"approximate","source":"powerplantmatching v0.9.0, 2026-10-03 · Global Energy Monitor","source_url":"https://github.com/PyPSA/powerplantmatching","tech":"Pumped Storage","commissioning_year":2009},"geometry":{"type":"Point","coordinates":[-5.047,37.824]}},{"type":"Feature","properties":{"id":"ppm-es-14243","name":"Capiechamartin Wind Farm","capacity_mw":34.0,"fuel_type":"wind","status":"operational","precision":"approximate","source":"powerplantmatching v0.9.0, 2026-10-03 · Global Energy Monitor","source_url":"https://github.com/PyPSA/powerplantmatching","tech":"Onshore","commissioning_year":2021},"geometry":{"type":"Point","coordinates":[-6.607,43.436]}},{"type":"Feature","properties":{"id":"ppm-es-21693","name":"Outes Wind Farm","capacity_mw":34.0,"fuel_type":"wind","status":"operational","precision":"approximate","source":"powerplantmatching v0.9.0, 2026-10-03 · Global Energy Monitor","source_url":"https://github.com/PyPSA/powerplantmatching","tech":"Onshore","commissioning_year":2004},"geometry":{"type":"Point","coordinates":[-8.95,42.83]}},{"type":"Feature","properties":{"id":"ppm-es-21999","name":"Pena Wind Farm","capacity_mw":34.0,"fuel_type":"wind","status":"operational","precision":"approximate","source":"powerplantmatching v0.9.0, 2026-10-03 · Global Energy Monitor","source_url":"https://github.com/PyPSA/powerplantmatching","tech":"Onshore","commissioning_year":2009},"geometry":{"type":"Point","coordinates":[-1.853,41.015]}},{"type":"Feature","properties":{"id":"ppm-es-25812","name":"Villamayor Acciona Energia Wind Farm","capacity_mw":34.0,"fuel_type":"wind","status":"operational","precision":"approximate","source":"powerplantmatching v0.9.0, 2026-10-03 · Global Energy Monitor","source_url":"https://github.com/PyPSA/powerplantmatching","tech":"Onshore","commissioning_year":2009},"geometry":{"type":"Point","coordinates":[-2.838,39.763]}},{"type":"Feature","properties":{"id":"ppm-es-5461","name":"Do Vilan Wind Farm","capacity_mw":33.9,"fuel_type":"wind","status":"operational","precision":"approximate","source":"powerplantmatching v0.9.0, 2026-10-03 · Global Energy Monitor, OpenStreetMap","source_url":"https://www.openstreetmap.org/relation/14488908","tech":"Onshore","commissioning_year":2003},"geometry":{"type":"Point","coordinates":[-9.197,43.151]}},{"type":"Feature","properties":{"id":"ppm-es-23783","name":"Seville Solar","capacity_mw":33.9,"fuel_type":"solar","status":"operational","precision":"approximate","source":"powerplantmatching v0.9.0, 2026-10-03 · Global Energy Monitor","source_url":"https://github.com/PyPSA/powerplantmatching","tech":"PV","commissioning_year":2017},"geometry":{"type":"Point","coordinates":[-5.865,37.397]}},{"type":"Feature","properties":{"id":"ppm-es-14376","name":"Castile La Mancha Solar Ccclxiv","capacity_mw":33.8,"fuel_type":"solar","status":"operational","precision":"approximate","source":"powerplantmatching v0.9.0, 2026-10-03 · Global Energy Monitor","source_url":"https://github.com/PyPSA/powerplantmatching","tech":"PV","commissioning_year":2021},"geometry":{"type":"Point","coordinates":[-3.553,39.954]}},{"type":"Feature","properties":{"id":"ppm-es-23081","name":"Rioja Solar","capacity_mw":33.6,"fuel_type":"solar","status":"operational","precision":"approximate","source":"powerplantmatching v0.9.0, 2026-10-03 · Global Energy Monitor","source_url":"https://github.com/PyPSA/powerplantmatching","tech":"PV","commissioning_year":2017},"geometry":{"type":"Point","coordinates":[-1.828,42.207]}},{"type":"Feature","properties":{"id":"ppm-es-14716","name":"Castile Leon Solar Ccxvii","capacity_mw":33.3,"fuel_type":"solar","status":"operational","precision":"approximate","source":"powerplantmatching v0.9.0, 2026-10-03 · Global Energy Monitor","source_url":"https://github.com/PyPSA/powerplantmatching","tech":"PV","commissioning_year":2017},"geometry":{"type":"Point","coordinates":[-5.634,41.529]}},{"type":"Feature","properties":{"id":"ppm-es-812","name":"Pintado","capacity_mw":33.0,"fuel_type":"hydro","status":"operational","precision":"approximate","source":"powerplantmatching v0.9.0, 2026-10-03 · Global Energy Monitor, JRC (European Commission), Global Hydropower Resources, Open Power System Data, OpenStreetMap","source_url":"https://www.openstreetmap.org/way/1322987368","tech":"Reservoir","commissioning_year":1948},"geometry":{"type":"Point","coordinates":[-5.931,37.916]}},{"type":"Feature","properties":{"id":"ppm-es-1555","name":"Cernadilla","capacity_mw":33.0,"fuel_type":"hydro","status":"operational","precision":"approximate","source":"powerplantmatching v0.9.0, 2026-10-03 · Global Energy Monitor, Global Hydropower Resources, Open Power System Data, WRI GPPD","source_url":"https://github.com/PyPSA/powerplantmatching","tech":"Reservoir","commissioning_year":1969},"geometry":{"type":"Point","coordinates":[-6.458,42.019]}},{"type":"Feature","properties":{"id":"ppm-es-2612","name":"La Penuca Wind Farm","capacity_mw":33.0,"fuel_type":"wind","status":"operational","precision":"approximate","source":"powerplantmatching v0.9.0, 2026-10-03 · Global Energy Monitor, WRI GPPD, OpenStreetMap","source_url":"https://www.openstreetmap.org/relation/14114213","tech":"Onshore","commissioning_year":2005},"geometry":{"type":"Point","coordinates":[-6.519,41.175]}},{"type":"Feature","properties":{"id":"ppm-es-2698","name":"Virgen De Belen Wind Farm","capacity_mw":33.0,"fuel_type":"wind","status":"operational","precision":"approximate","source":"powerplantmatching v0.9.0, 2026-10-03 · Global Energy Monitor, WRI GPPD, OpenStreetMap","source_url":"https://www.openstreetmap.org/relation/20313234","tech":"Onshore","commissioning_year":2001},"geometry":{"type":"Point","coordinates":[-1.325,38.869]}},{"type":"Feature","properties":{"id":"ppm-es-5474","name":"Chambon Wind Farm","capacity_mw":33.0,"fuel_type":"wind","status":"operational","precision":"approximate","source":"powerplantmatching v0.9.0, 2026-10-03 · Global Energy Monitor, OpenStreetMap","source_url":"https://www.openstreetmap.org/relation/13995592","tech":"Onshore","commissioning_year":2004},"geometry":{"type":"Point","coordinates":[-4.281,42.177]}},{"type":"Feature","properties":{"id":"ppm-es-10965","name":"Zaratan Solar Farm","capacity_mw":33.0,"fuel_type":"solar","status":"operational","precision":"approximate","source":"powerplantmatching v0.9.0, 2026-10-03 · Global Energy Monitor, WRI GPPD","source_url":"https://github.com/PyPSA/powerplantmatching","tech":"PV","commissioning_year":2023},"geometry":{"type":"Point","coordinates":[-4.849,41.644]}},{"type":"Feature","properties":{"id":"ppm-es-12821","name":"Arroyadas Solar Farm","capacity_mw":33.0,"fuel_type":"solar","status":"operational","precision":"approximate","source":"powerplantmatching v0.9.0, 2026-10-03 · Global Energy Monitor","source_url":"https://github.com/PyPSA/powerplantmatching","tech":"PV","commissioning_year":2024},"geometry":{"type":"Point","coordinates":[-4.777,41.523]}},{"type":"Feature","properties":{"id":"ppm-es-18060","name":"Izco Wind Farm","capacity_mw":33.0,"fuel_type":"wind","status":"operational","precision":"approximate","source":"powerplantmatching v0.9.0, 2026-10-03 · Global Energy Monitor","source_url":"https://github.com/PyPSA/powerplantmatching","tech":"Onshore","commissioning_year":1998},"geometry":{"type":"Point","coordinates":[-1.42,42.642]}},{"type":"Feature","properties":{"id":"ppm-es-22483","name":"Pobla De Claramunt","capacity_mw":33.0,"fuel_type":"gas","status":"operational","precision":"approximate","source":"powerplantmatching v0.9.0, 2026-10-03 · Global Energy Monitor","source_url":"https://github.com/PyPSA/powerplantmatching","tech":"CCGT","commissioning_year":2008},"geometry":{"type":"Point","coordinates":[1.686,41.552]}},{"type":"Feature","properties":{"id":"ppm-es-23761","name":"Serrezuela Solar Farm","capacity_mw":32.5,"fuel_type":"solar","status":"operational","precision":"approximate","source":"powerplantmatching v0.9.0, 2026-10-03 · Global Energy Monitor","source_url":"https://github.com/PyPSA/powerplantmatching","tech":"PV","commissioning_year":2007},"geometry":{"type":"Point","coordinates":[-3.762,37.088]}},{"type":"Feature","properties":{"id":"ppm-es-952","name":"Tavascan Inferior","capacity_mw":32.0,"fuel_type":"hydro","status":"operational","precision":"approximate","source":"powerplantmatching v0.9.0, 2026-10-03 · Global Energy Monitor, JRC (European Commission), Global Hydropower Resources, Open Power System Data, WRI GPPD","source_url":"https://github.com/PyPSA/powerplantmatching","tech":"Reservoir","commissioning_year":1970},"geometry":{"type":"Point","coordinates":[1.258,42.65]}},{"type":"Feature","properties":{"id":"ppm-es-972","name":"Terradets","capacity_mw":32.0,"fuel_type":"hydro","status":"operational","precision":"approximate","source":"powerplantmatching v0.9.0, 2026-10-03 · Global Energy Monitor, Global Hydropower Resources, Open Power System Data, WRI GPPD, OpenStreetMap","source_url":"https://www.openstreetmap.org/relation/17623774","tech":"Reservoir","commissioning_year":1935},"geometry":{"type":"Point","coordinates":[0.895,42.047]}},{"type":"Feature","properties":{"id":"ppm-es-1554","name":"Caldes","capacity_mw":32.0,"fuel_type":"hydro","status":"operational","precision":"approximate","source":"powerplantmatching v0.9.0, 2026-10-03 · Global Energy Monitor, Global Hydropower Resources, Open Power System Data, WRI GPPD","source_url":"https://github.com/PyPSA/powerplantmatching","tech":"Reservoir","commissioning_year":1958},"geometry":{"type":"Point","coordinates":[0.838,42.548]}},{"type":"Feature","properties":{"id":"ppm-es-2556","name":"Clares Wind Farm","capacity_mw":32.0,"fuel_type":"wind","status":"operational","precision":"approximate","source":"powerplantmatching v0.9.0, 2026-10-03 · Global Energy Monitor, WRI GPPD, OpenStreetMap","source_url":"https://www.openstreetmap.org/relation/13062281","tech":"Onshore","commissioning_year":2006},"geometry":{"type":"Point","coordinates":[-2.143,41.034]}},{"type":"Feature","properties":{"id":"ppm-es-2601","name":"La Calzada Wind Farm","capacity_mw":32.0,"fuel_type":"wind","status":"operational","precision":"approximate","source":"powerplantmatching v0.9.0, 2026-10-03 · Global Energy Monitor, WRI GPPD, OpenStreetMap","source_url":"https://www.openstreetmap.org/relation/14205348","tech":"Onshore","commissioning_year":2008},"geometry":{"type":"Point","coordinates":[-3.75,42.598]}},{"type":"Feature","properties":{"id":"ppm-es-2677","name":"Sierra Del Cortado Wind Farm","capacity_mw":32.0,"fuel_type":"wind","status":"operational","precision":"approximate","source":"powerplantmatching v0.9.0, 2026-10-03 · Global Energy Monitor, WRI GPPD, OpenStreetMap","source_url":"https://www.openstreetmap.org/relation/12934747","tech":"Onshore","commissioning_year":2003},"geometry":{"type":"Point","coordinates":[-2.18,41.745]}},{"type":"Feature","properties":{"id":"ppm-es-2692","name":"Valdeconejos Wind Farm","capacity_mw":32.0,"fuel_type":"wind","status":"operational","precision":"approximate","source":"powerplantmatching v0.9.0, 2026-10-03 · Global Energy Monitor, WRI GPPD, OpenStreetMap","source_url":"https://www.openstreetmap.org/relation/12848186","tech":"Onshore","commissioning_year":2003},"geometry":{"type":"Point","coordinates":[-0.884,40.788]}},{"type":"Feature","properties":{"id":"ppm-es-3201","name":"Larriba Wind Farm","capacity_mw":32.0,"fuel_type":"wind","status":"operational","precision":"approximate","source":"powerplantmatching v0.9.0, 2026-10-03 · Global Energy Monitor, WRI GPPD, OpenStreetMap","source_url":"https://www.openstreetmap.org/relation/13071753","tech":"Onshore","commissioning_year":2005},"geometry":{"type":"Point","coordinates":[-2.388,42.194]}},{"type":"Feature","properties":{"id":"ppm-es-5434","name":"Canoneras Wind Farm","capacity_mw":32.0,"fuel_type":"wind","status":"operational","precision":"approximate","source":"powerplantmatching v0.9.0, 2026-10-03 · Global Energy Monitor, OpenStreetMap","source_url":"https://www.openstreetmap.org/relation/14113858","tech":"Onshore","commissioning_year":2006},"geometry":{"type":"Point","coordinates":[-3.496,43.145]}},{"type":"Feature","properties":{"id":"ppm-es-5484","name":"Cerro Becerril Lucillo Wind Farm","capacity_mw":32.0,"fuel_type":"wind","status":"operational","precision":"approximate","source":"powerplantmatching v0.9.0, 2026-10-03 · Global Energy Monitor, OpenStreetMap","source_url":"https://www.openstreetmap.org/relation/17439136","tech":"Onshore","commissioning_year":2008},"geometry":{"type":"Point","coordinates":[-6.444,42.438]}},{"type":"Feature","properties":{"id":"ppm-es-5520","name":"Fuente Vain Wind Farm","capacity_mw":32.0,"fuel_type":"wind","status":"operational","precision":"approximate","source":"powerplantmatching v0.9.0, 2026-10-03 · Global Energy Monitor, OpenStreetMap","source_url":"https://www.openstreetmap.org/relation/18700990","tech":"Onshore","commissioning_year":2010},"geometry":{"type":"Point","coordinates":[-3.629,42.275]}},{"type":"Feature","properties":{"id":"ppm-es-5522","name":"Gavilanes Wind Farm","capacity_mw":32.0,"fuel_type":"wind","status":"operational","precision":"approximate","source":"powerplantmatching v0.9.0, 2026-10-03 · Global Energy Monitor, OpenStreetMap","source_url":"https://www.openstreetmap.org/relation/15850919","tech":"Onshore","commissioning_year":2003},"geometry":{"type":"Point","coordinates":[-1.284,38.605]}},{"type":"Feature","properties":{"id":"ppm-es-5557","name":"La Plana Wind Farm","capacity_mw":32.0,"fuel_type":"wind","status":"operational","precision":"approximate","source":"powerplantmatching v0.9.0, 2026-10-03 · Global Energy Monitor, OpenStreetMap","source_url":"https://www.openstreetmap.org/relation/12990258","tech":"Onshore","commissioning_year":1996},"geometry":{"type":"Point","coordinates":[-1.091,41.537]}},{"type":"Feature","properties":{"id":"ppm-es-5755","name":"Zorreras Wind Farm","capacity_mw":32.0,"fuel_type":"wind","status":"operational","precision":"approximate","source":"powerplantmatching v0.9.0, 2026-10-03 · Global Energy Monitor, OpenStreetMap","source_url":"https://www.openstreetmap.org/relation/13943142","tech":"Onshore","commissioning_year":2007},"geometry":{"type":"Point","coordinates":[-5.945,36.463]}},{"type":"Feature","properties":{"id":"ppm-es-7598","name":"Aiguamoix","capacity_mw":32.0,"fuel_type":"hydro","status":"operational","precision":"approximate","source":"powerplantmatching v0.9.0, 2026-10-03 · Global Energy Monitor, Open Power System Data","source_url":"https://github.com/PyPSA/powerplantmatching","tech":"Reservoir","commissioning_year":1965},"geometry":{"type":"Point","coordinates":[0.877,42.7]}},{"type":"Feature","properties":{"id":"ppm-es-7599","name":"Capdella","capacity_mw":32.0,"fuel_type":"hydro","status":"operational","precision":"approximate","source":"powerplantmatching v0.9.0, 2026-10-03 · Global Energy Monitor, Open Power System Data","source_url":"https://github.com/PyPSA/powerplantmatching","tech":"Reservoir","commissioning_year":1914},"geometry":{"type":"Point","coordinates":[0.991,42.467]}},{"type":"Feature","properties":{"id":"ppm-es-10850","name":"Cerro De La Nevera Wind Farm","capacity_mw":32.0,"fuel_type":"wind","status":"operational","precision":"approximate","source":"powerplantmatching v0.9.0, 2026-10-03 · Global Energy Monitor, WRI GPPD","source_url":"https://github.com/PyPSA/powerplantmatching","tech":"Onshore","commissioning_year":2009},"geometry":{"type":"Point","coordinates":[-0.95,39.883]}},{"type":"Feature","properties":{"id":"ppm-es-10911","name":"Michelin Aranda","capacity_mw":32.0,"fuel_type":"gas","status":"operational","precision":"approximate","source":"powerplantmatching v0.9.0, 2026-10-03 · Global Energy Monitor, WRI GPPD","source_url":"https://github.com/PyPSA/powerplantmatching","tech":"CCGT","commissioning_year":2003},"geometry":{"type":"Point","coordinates":[-3.71,41.663]}},{"type":"Feature","properties":{"id":"ppm-es-14235","name":"Cantalejos Wind Farm","capacity_mw":32.0,"fuel_type":"wind","status":"operational","precision":"approximate","source":"powerplantmatching v0.9.0, 2026-10-03 · Global Energy Monitor","source_url":"https://github.com/PyPSA/powerplantmatching","tech":"Onshore","commissioning_year":2010},"geometry":{"type":"Point","coordinates":[-5.103,37.237]}},{"type":"Feature","properties":{"id":"ppm-es-14241","name":"Caparroso Wind Farm","capacity_mw":32.0,"fuel_type":"wind","status":"operational","precision":"approximate","source":"powerplantmatching v0.9.0, 2026-10-03 · Global Energy Monitor","source_url":"https://github.com/PyPSA/powerplantmatching","tech":"Onshore","commissioning_year":2001},"geometry":{"type":"Point","coordinates":[-1.634,42.303]}},{"type":"Feature","properties":{"id":"ppm-es-23563","name":"Sant Adria De Besos","capacity_mw":31.8,"fuel_type":"waste","status":"operational","precision":"approximate","source":"powerplantmatching v0.9.0, 2026-10-03 · Global Energy Monitor","source_url":"https://github.com/PyPSA/powerplantmatching","commissioning_year":2013},"geometry":{"type":"Point","coordinates":[2.228,41.417]}},{"type":"Feature","properties":{"id":"ppm-es-12577","name":"Andalusia Solar Cvii","capacity_mw":31.7,"fuel_type":"solar","status":"operational","precision":"approximate","source":"powerplantmatching v0.9.0, 2026-10-03 · Global Energy Monitor","source_url":"https://github.com/PyPSA/powerplantmatching","tech":"PV","commissioning_year":2017},"geometry":{"type":"Point","coordinates":[-4.695,37.592]}},{"type":"Feature","properties":{"id":"ppm-es-5722","name":"Solans Wind Farm","capacity_mw":31.5,"fuel_type":"wind","status":"operational","precision":"approximate","source":"powerplantmatching v0.9.0, 2026-10-03 · Global Energy Monitor, OpenStreetMap","source_url":"https://www.openstreetmap.org/relation/13084688","tech":"Onshore"},"geometry":{"type":"Point","coordinates":[0.666,41.355]}},{"type":"Feature","properties":{"id":"ppm-es-2099","name":"Ps Csp Solar Farm","capacity_mw":31.0,"fuel_type":"solar","status":"operational","precision":"approximate","source":"powerplantmatching v0.9.0, 2026-10-03 · Global Energy Monitor, WRI GPPD, OpenStreetMap, GEO","source_url":"https://www.openstreetmap.org/way/198588826","tech":"Csp","commissioning_year":2006},"geometry":{"type":"Point","coordinates":[-6.255,37.441]}},{"type":"Feature","properties":{"id":"ppm-es-2540","name":"La Cuerda Wind Farm","capacity_mw":31.0,"fuel_type":"wind","status":"operational","precision":"approximate","source":"powerplantmatching v0.9.0, 2026-10-03 · Global Energy Monitor, WRI GPPD, OpenStreetMap","source_url":"https://www.openstreetmap.org/relation/20312900","tech":"Onshore","commissioning_year":2000},"geometry":{"type":"Point","coordinates":[-1.473,38.797]}},{"type":"Feature","properties":{"id":"ppm-es-2573","name":"Montija Wind Farm","capacity_mw":31.0,"fuel_type":"wind","status":"operational","precision":"approximate","source":"powerplantmatching v0.9.0, 2026-10-03 · Global Energy Monitor, WRI GPPD, OpenStreetMap","source_url":"https://www.openstreetmap.org/relation/14114080","tech":"Onshore","commissioning_year":2004},"geometry":{"type":"Point","coordinates":[-3.48,43.101]}},{"type":"Feature","properties":{"id":"ppm-es-2661","name":"Rabosera Wind Farm","capacity_mw":31.0,"fuel_type":"wind","status":"operational","precision":"approximate","source":"powerplantmatching v0.9.0, 2026-10-03 · Global Energy Monitor, WRI GPPD, OpenStreetMap","source_url":"https://www.openstreetmap.org/relation/12998993","tech":"Onshore","commissioning_year":2005},"geometry":{"type":"Point","coordinates":[-0.825,42.082]}},{"type":"Feature","properties":{"id":"ppm-es-5479","name":"Colladillo Wind Farm","capacity_mw":31.0,"fuel_type":"wind","status":"operational","precision":"approximate","source":"powerplantmatching v0.9.0, 2026-10-03 · Global Energy Monitor, OpenStreetMap","source_url":"https://www.openstreetmap.org/relation/20222004","tech":"Onshore","commissioning_year":2009},"geometry":{"type":"Point","coordinates":[-4.981,40.654]}},{"type":"Feature","properties":{"id":"ppm-es-5742","name":"Sierra De Duena Wind Farm","capacity_mw":31.0,"fuel_type":"wind","status":"operational","precision":"approximate","source":"powerplantmatching v0.9.0, 2026-10-03 · Global Energy Monitor, OpenStreetMap","source_url":"https://www.openstreetmap.org/relation/15842180","tech":"Onshore","commissioning_year":2004},"geometry":{"type":"Point","coordinates":[-5.82,40.69]}},{"type":"Feature","properties":{"id":"ppm-es-5775","name":"Valdeporres Wind Farm","capacity_mw":31.0,"fuel_type":"wind","status":"operational","precision":"approximate","source":"powerplantmatching v0.9.0, 2026-10-03 · Global Energy Monitor, OpenStreetMap","source_url":"https://www.openstreetmap.org/relation/14114106","tech":"Onshore","commissioning_year":2004},"geometry":{"type":"Point","coordinates":[-3.769,43.021]}},{"type":"Feature","properties":{"id":"ppm-es-10834","name":"El Redondal Wind Farm","capacity_mw":31.0,"fuel_type":"wind","status":"operational","precision":"approximate","source":"powerplantmatching v0.9.0, 2026-10-03 · Global Energy Monitor, WRI GPPD","source_url":"https://github.com/PyPSA/powerplantmatching","tech":"Onshore","commissioning_year":2004},"geometry":{"type":"Point","coordinates":[-6.468,42.579]}},{"type":"Feature","properties":{"id":"ppm-es-10899","name":"Monte Carrio Wind Farm","capacity_mw":31.0,"fuel_type":"wind","status":"operational","precision":"approximate","source":"powerplantmatching v0.9.0, 2026-10-03 · Global Energy Monitor, WRI GPPD","source_url":"https://github.com/PyPSA/powerplantmatching","tech":"Onshore","commissioning_year":2002},"geometry":{"type":"Point","coordinates":[-8.113,42.661]}},{"type":"Feature","properties":{"id":"ppm-es-13153","name":"Baos Pumar Wind Farm","capacity_mw":31.0,"fuel_type":"wind","status":"operational","precision":"approximate","source":"powerplantmatching v0.9.0, 2026-10-03 · Global Energy Monitor","source_url":"https://github.com/PyPSA/powerplantmatching","tech":"Onshore","commissioning_year":2007},"geometry":{"type":"Point","coordinates":[-6.265,43.502]}},{"type":"Feature","properties":{"id":"ppm-es-20794","name":"El Hierro Hidroeolico Wind Farm","capacity_mw":31.0,"fuel_type":"wind","status":"operational","precision":"approximate","source":"powerplantmatching v0.9.0, 2026-10-03 · Global Energy Monitor","source_url":"https://github.com/PyPSA/powerplantmatching","units":2,"tech":"Onshore · 2 units","commissioning_year":2014},"geometry":{"type":"Point","coordinates":[-3.671,37.139]}},{"type":"Feature","properties":{"id":"ppm-es-21738","name":"Padornelo Wind Farm","capacity_mw":31.0,"fuel_type":"wind","status":"operational","precision":"approximate","source":"powerplantmatching v0.9.0, 2026-10-03 · Global Energy Monitor","source_url":"https://github.com/PyPSA/powerplantmatching","tech":"Onshore","commissioning_year":2004},"geometry":{"type":"Point","coordinates":[-6.841,42.059]}},{"type":"Feature","properties":{"id":"ppm-es-26234","name":"Xiabre Wind Farm","capacity_mw":31.0,"fuel_type":"wind","status":"operational","precision":"approximate","source":"powerplantmatching v0.9.0, 2026-10-03 · Global Energy Monitor","source_url":"https://github.com/PyPSA/powerplantmatching","tech":"Onshore","commissioning_year":2006},"geometry":{"type":"Point","coordinates":[-8.699,42.633]}},{"type":"Feature","properties":{"id":"ppm-es-9717","name":"El Conjuro","capacity_mw":30.6,"fuel_type":"wind","status":"operational","precision":"approximate","source":"powerplantmatching v0.9.0, 2026-10-03 · WRI GPPD, OpenStreetMap","source_url":"https://www.openstreetmap.org/relation/13899187","tech":"Onshore","commissioning_year":2006},"geometry":{"type":"Point","coordinates":[-3.518,36.751]}},{"type":"Feature","properties":{"id":"ppm-es-14995","name":"Cepheus Solar Farm","capacity_mw":30.4,"fuel_type":"solar","status":"operational","precision":"approximate","source":"powerplantmatching v0.9.0, 2026-10-03 · Global Energy Monitor","source_url":"https://github.com/PyPSA/powerplantmatching","tech":"PV","commissioning_year":2021},"geometry":{"type":"Point","coordinates":[-0.141,41.053]}},{"type":"Feature","properties":{"id":"ppm-es-2477","name":"Cabezuelo Wind Farm","capacity_mw":30.0,"fuel_type":"wind","status":"operational","precision":"approximate","source":"powerplantmatching v0.9.0, 2026-10-03 · Global Energy Monitor, WRI GPPD, OpenStreetMap","source_url":"https://www.openstreetmap.org/relation/13062280","tech":"Onshore","commissioning_year":2006},"geometry":{"type":"Point","coordinates":[-1.75,39.233]}},{"type":"Feature","properties":{"id":"ppm-es-2591","name":"Escalon Wind Farm","capacity_mw":30.0,"fuel_type":"wind","status":"operational","precision":"approximate","source":"powerplantmatching v0.9.0, 2026-10-03 · Global Energy Monitor, WRI GPPD, OpenStreetMap","source_url":"https://www.openstreetmap.org/relation/13062278","tech":"Onshore"},"geometry":{"type":"Point","coordinates":[-4.405,40.167]}},{"type":"Feature","properties":{"id":"ppm-es-2653","name":"Pico Collalbas Wind Farm","capacity_mw":30.0,"fuel_type":"wind","status":"operational","precision":"approximate","source":"powerplantmatching v0.9.0, 2026-10-03 · Global Energy Monitor, WRI GPPD, OpenStreetMap","source_url":"https://www.openstreetmap.org/relation/20312307","tech":"Onshore","commissioning_year":2006},"geometry":{"type":"Point","coordinates":[-1.496,39.848]}},{"type":"Feature","properties":{"id":"ppm-es-2658","name":"Prejano Wind Farm","capacity_mw":30.0,"fuel_type":"wind","status":"operational","precision":"approximate","source":"powerplantmatching v0.9.0, 2026-10-03 · Global Energy Monitor, WRI GPPD, OpenStreetMap","source_url":"https://www.openstreetmap.org/relation/13071672","tech":"Onshore","commissioning_year":2005},"geometry":{"type":"Point","coordinates":[-2.197,42.148]}},{"type":"Feature","properties":{"id":"ppm-es-2685","name":"Tarayuela Wind Farm","capacity_mw":30.0,"fuel_type":"wind","status":"operational","precision":"approximate","source":"powerplantmatching v0.9.0, 2026-10-03 · Global Energy Monitor, WRI GPPD, OpenStreetMap","source_url":"https://www.openstreetmap.org/relation/13064830","tech":"Onshore","commissioning_year":2006},"geometry":{"type":"Point","coordinates":[-2.37,41.44]}},{"type":"Feature","properties":{"id":"ppm-es-2693","name":"Valdepero Wind Farm","capacity_mw":30.0,"fuel_type":"wind","status":"operational","precision":"approximate","source":"powerplantmatching v0.9.0, 2026-10-03 · Global Energy Monitor, WRI GPPD, OpenStreetMap","source_url":"https://www.openstreetmap.org/relation/20251613","tech":"Onshore","commissioning_year":2006},"geometry":{"type":"Point","coordinates":[-4.53,42.06]}},{"type":"Feature","properties":{"id":"ppm-es-4079","name":"Puerto Errado Csp Solar Farm","capacity_mw":30.0,"fuel_type":"solar","status":"operational","precision":"approximate","source":"powerplantmatching v0.9.0, 2026-10-03 · Global Energy Monitor, WRI GPPD, GEO","source_url":"https://github.com/PyPSA/powerplantmatching","tech":"Csp","commissioning_year":2009},"geometry":{"type":"Point","coordinates":[-1.6,38.284]}},{"type":"Feature","properties":{"id":"ppm-es-5425","name":"Casa Wind Farm Spain","capacity_mw":30.0,"fuel_type":"wind","status":"operational","precision":"approximate","source":"powerplantmatching v0.9.0, 2026-10-03 · Global Energy Monitor, OpenStreetMap","source_url":"https://www.openstreetmap.org/relation/17522832","tech":"Onshore","commissioning_year":2007},"geometry":{"type":"Point","coordinates":[-7.789,43.231]}},{"type":"Feature","properties":{"id":"ppm-es-5456","name":"Dehesa Virginia Wind Farm","capacity_mw":30.0,"fuel_type":"wind","status":"operational","precision":"approximate","source":"powerplantmatching v0.9.0, 2026-10-03 · Global Energy Monitor, OpenStreetMap","source_url":"https://www.openstreetmap.org/relation/20322823","tech":"Onshore","commissioning_year":2007},"geometry":{"type":"Point","coordinates":[-1.343,39.068]}},{"type":"Feature","properties":{"id":"ppm-es-5501","name":"El Navazo Wind Farm","capacity_mw":30.0,"fuel_type":"wind","status":"operational","precision":"approximate","source":"powerplantmatching v0.9.0, 2026-10-03 · Global Energy Monitor, OpenStreetMap","source_url":"https://www.openstreetmap.org/relation/18701424","tech":"Onshore","commissioning_year":2003},"geometry":{"type":"Point","coordinates":[-4.2,42.25]}},{"type":"Feature","properties":{"id":"ppm-es-5516","name":"El Balson Wind Farm","capacity_mw":30.0,"fuel_type":"wind","status":"operational","precision":"approximate","source":"powerplantmatching v0.9.0, 2026-10-03 · Global Energy Monitor, OpenStreetMap","source_url":"https://www.openstreetmap.org/relation/12998992","tech":"Onshore"},"geometry":{"type":"Point","coordinates":[-0.821,42.041]}},{"type":"Feature","properties":{"id":"ppm-es-5534","name":"Fuente De La Arena Wind Farm","capacity_mw":30.0,"fuel_type":"wind","status":"operational","precision":"approximate","source":"powerplantmatching v0.9.0, 2026-10-03 · Global Energy Monitor, OpenStreetMap","source_url":"https://www.openstreetmap.org/relation/20319564","tech":"Onshore","commissioning_year":2007},"geometry":{"type":"Point","coordinates":[-1.34,38.993]}},{"type":"Feature","properties":{"id":"ppm-es-5546","name":"El Saucito Wind Farm","capacity_mw":30.0,"fuel_type":"wind","status":"operational","precision":"approximate","source":"powerplantmatching v0.9.0, 2026-10-03 · Global Energy Monitor, OpenStreetMap","source_url":"https://www.openstreetmap.org/relation/13934165","tech":"Onshore","commissioning_year":2009},"geometry":{"type":"Point","coordinates":[-7.146,37.58]}},{"type":"Feature","properties":{"id":"ppm-es-5559","name":"La Rinconada Wind Farm","capacity_mw":30.0,"fuel_type":"wind","status":"operational","precision":"approximate","source":"powerplantmatching v0.9.0, 2026-10-03 · Global Energy Monitor, OpenStreetMap","source_url":"https://www.openstreetmap.org/relation/12997537","tech":"Onshore"},"geometry":{"type":"Point","coordinates":[-1.011,41.252]}},{"type":"Feature","properties":{"id":"ppm-es-5560","name":"La Esperanza Wind Farm Spain","capacity_mw":30.0,"fuel_type":"wind","status":"operational","precision":"approximate","source":"powerplantmatching v0.9.0, 2026-10-03 · Global Energy Monitor, OpenStreetMap","source_url":"https://www.openstreetmap.org/relation/13061907","tech":"Onshore","commissioning_year":2007},"geometry":{"type":"Point","coordinates":[-3.218,41.295]}},{"type":"Feature","properties":{"id":"ppm-es-5571","name":"La Bandera Wind Farm","capacity_mw":30.0,"fuel_type":"wind","status":"operational","precision":"approximate","source":"powerplantmatching v0.9.0, 2026-10-03 · Global Energy Monitor, OpenStreetMap","source_url":"https://www.openstreetmap.org/relation/19999540","tech":"Onshore","commissioning_year":2000},"geometry":{"type":"Point","coordinates":[-1.473,42.074]}},{"type":"Feature","properties":{"id":"ppm-es-5572","name":"La Brujula Wind Farm","capacity_mw":30.0,"fuel_type":"wind","status":"operational","precision":"approximate","source":"powerplantmatching v0.9.0, 2026-10-03 · Global Energy Monitor, OpenStreetMap","source_url":"https://www.openstreetmap.org/relation/14205367","tech":"Onshore","commissioning_year":2006},"geometry":{"type":"Point","coordinates":[-3.486,42.438]}},{"type":"Feature","properties":{"id":"ppm-es-5609","name":"La Sarda Wind Farm","capacity_mw":30.0,"fuel_type":"wind","status":"operational","precision":"approximate","source":"powerplantmatching v0.9.0, 2026-10-03 · Global Energy Monitor, OpenStreetMap","source_url":"https://www.openstreetmap.org/relation/12998883","tech":"Onshore"},"geometry":{"type":"Point","coordinates":[-0.942,42.038]}},{"type":"Feature","properties":{"id":"ppm-es-5610","name":"La Sia Wind Farm","capacity_mw":30.0,"fuel_type":"wind","status":"operational","precision":"approximate","source":"powerplantmatching v0.9.0, 2026-10-03 · Global Energy Monitor, OpenStreetMap","source_url":"https://www.openstreetmap.org/relation/14113818","tech":"Onshore"},"geometry":{"type":"Point","coordinates":[-3.46,43.1]}},{"type":"Feature","properties":{"id":"ppm-es-5626","name":"Magaz Erbi Wind Farm","capacity_mw":30.0,"fuel_type":"wind","status":"operational","precision":"approximate","source":"powerplantmatching v0.9.0, 2026-10-03 · Global Energy Monitor, OpenStreetMap","source_url":"https://www.openstreetmap.org/relation/20251147","tech":"Onshore","commissioning_year":2008},"geometry":{"type":"Point","coordinates":[-4.485,41.992]}},{"type":"Feature","properties":{"id":"ppm-es-5638","name":"Los Morrones Wind Farm","capacity_mw":30.0,"fuel_type":"wind","status":"operational","precision":"approximate","source":"powerplantmatching v0.9.0, 2026-10-03 · Global Energy Monitor, OpenStreetMap","source_url":"https://www.openstreetmap.org/relation/13899883","tech":"Onshore","commissioning_year":2007},"geometry":{"type":"Point","coordinates":[-2.85,37.503]}},{"type":"Feature","properties":{"id":"ppm-es-5643","name":"Loma Del Capon Wind Farm","capacity_mw":30.0,"fuel_type":"wind","status":"operational","precision":"approximate","source":"powerplantmatching v0.9.0, 2026-10-03 · Global Energy Monitor, OpenStreetMap","source_url":"https://www.openstreetmap.org/relation/13899181","tech":"Onshore","commissioning_year":2012},"geometry":{"type":"Point","coordinates":[-3.669,36.956]}},{"type":"Feature","properties":{"id":"ppm-es-5706","name":"Polenino Solar Farm","capacity_mw":30.0,"fuel_type":"solar","status":"operational","precision":"approximate","source":"powerplantmatching v0.9.0, 2026-10-03 · Global Energy Monitor, OpenStreetMap","source_url":"https://www.openstreetmap.org/way/1047823160","tech":"PV","commissioning_year":2019},"geometry":{"type":"Point","coordinates":[-0.321,41.874]}},{"type":"Feature","properties":{"id":"ppm-es-5768","name":"Urano Wind Farm","capacity_mw":30.0,"fuel_type":"wind","status":"operational","precision":"approximate","source":"powerplantmatching v0.9.0, 2026-10-03 · Global Energy Monitor, OpenStreetMap","source_url":"https://www.openstreetmap.org/relation/13067987","tech":"Onshore"},"geometry":{"type":"Point","coordinates":[-2.35,42.08]}},{"type":"Feature","properties":{"id":"ppm-es-5771","name":"Valbuena Wind Farm","capacity_mw":30.0,"fuel_type":"wind","status":"operational","precision":"approximate","source":"powerplantmatching v0.9.0, 2026-10-03 · Global Energy Monitor, OpenStreetMap","source_url":"https://www.openstreetmap.org/relation/20260908","tech":"Onshore","commissioning_year":2008},"geometry":{"type":"Point","coordinates":[-3.352,42.384]}},{"type":"Feature","properties":{"id":"ppm-es-9774","name":"Sierra De La Oliva","capacity_mw":30.0,"fuel_type":"wind","status":"operational","precision":"approximate","source":"powerplantmatching v0.9.0, 2026-10-03 · WRI GPPD, OpenStreetMap","source_url":"https://www.openstreetmap.org/relation/12991796","tech":"Onshore","commissioning_year":2005},"geometry":{"type":"Point","coordinates":[-1.198,38.748]}},{"type":"Feature","properties":{"id":"ppm-es-10909","name":"Medina Solar Farm","capacity_mw":30.0,"fuel_type":"solar","status":"operational","precision":"approximate","source":"powerplantmatching v0.9.0, 2026-10-03 · Global Energy Monitor, WRI GPPD","source_url":"https://github.com/PyPSA/powerplantmatching","tech":"PV","commissioning_year":2019},"geometry":{"type":"Point","coordinates":[-4.931,41.34]}},{"type":"Feature","properties":{"id":"ppm-es-10947","name":"Palomarejo Wind Farm","capacity_mw":30.0,"fuel_type":"wind","status":"operational","precision":"approximate","source":"powerplantmatching v0.9.0, 2026-10-03 · Global Energy Monitor, WRI GPPD","source_url":"https://github.com/PyPSA/powerplantmatching","tech":"Onshore","commissioning_year":2012},"geometry":{"type":"Point","coordinates":[-5.15,37.46]}},{"type":"Feature","properties":{"id":"ppm-es-10979","name":"Tortosa Wind Farm","capacity_mw":30.0,"fuel_type":"wind","status":"operational","precision":"approximate","source":"powerplantmatching v0.9.0, 2026-10-03 · Global Energy Monitor, WRI GPPD","source_url":"https://github.com/PyPSA/powerplantmatching","tech":"Onshore","commissioning_year":2006},"geometry":{"type":"Point","coordinates":[0.522,40.812]}},{"type":"Feature","properties":{"id":"ppm-es-10991","name":"Spex Solar Farm","capacity_mw":30.0,"fuel_type":"solar","status":"operational","precision":"approximate","source":"powerplantmatching v0.9.0, 2026-10-03 · Global Energy Monitor, WRI GPPD","source_url":"https://github.com/PyPSA/powerplantmatching","tech":"PV","commissioning_year":2008},"geometry":{"type":"Point","coordinates":[-6.286,38.89]}},{"type":"Feature","properties":{"id":"ppm-es-12449","name":"Alto Do Seixal Wind Farm Spain","capacity_mw":30.0,"fuel_type":"wind","status":"operational","precision":"approximate","source":"powerplantmatching v0.9.0, 2026-10-03 · Global Energy Monitor","source_url":"https://github.com/PyPSA/powerplantmatching","tech":"Onshore","commissioning_year":2010},"geometry":{"type":"Point","coordinates":[-7.383,43.377]}},{"type":"Feature","properties":{"id":"ppm-es-13928","name":"Brazoinves Solar Farm","capacity_mw":30.0,"fuel_type":"solar","status":"operational","precision":"approximate","source":"powerplantmatching v0.9.0, 2026-10-03 · Global Energy Monitor","source_url":"https://github.com/PyPSA/powerplantmatching","tech":"PV","commissioning_year":2023},"geometry":{"type":"Point","coordinates":[-4.258,38.658]}},{"type":"Feature","properties":{"id":"ppm-es-16308","name":"Ega Solar Farm","capacity_mw":30.0,"fuel_type":"solar","status":"operational","precision":"approximate","source":"powerplantmatching v0.9.0, 2026-10-03 · Global Energy Monitor","source_url":"https://github.com/PyPSA/powerplantmatching","tech":"PV","commissioning_year":2022},"geometry":{"type":"Point","coordinates":[-2.308,37.078]}},{"type":"Feature","properties":{"id":"ppm-es-17706","name":"Heineken Quart De Poblet Csp Solar Farm","capacity_mw":30.0,"fuel_type":"solar","status":"operational","precision":"approximate","source":"powerplantmatching v0.9.0, 2026-10-03 · Global Energy Monitor","source_url":"https://github.com/PyPSA/powerplantmatching","tech":"CSP","commissioning_year":2024},"geometry":{"type":"Point","coordinates":[-0.509,39.474]}},{"type":"Feature","properties":{"id":"ppm-es-20276","name":"Manantiales Solar Farm","capacity_mw":30.0,"fuel_type":"solar","status":"operational","precision":"approximate","source":"powerplantmatching v0.9.0, 2026-10-03 · Global Energy Monitor","source_url":"https://github.com/PyPSA/powerplantmatching","tech":"PV","commissioning_year":2025},"geometry":{"type":"Point","coordinates":[-2.759,40.883]}},{"type":"Feature","properties":{"id":"ppm-es-20752","name":"Monclues Wind Farm","capacity_mw":30.0,"fuel_type":"wind","status":"operational","precision":"approximate","source":"powerplantmatching v0.9.0, 2026-10-03 · Global Energy Monitor","source_url":"https://github.com/PyPSA/powerplantmatching","tech":"Onshore","commissioning_year":2010},"geometry":{"type":"Point","coordinates":[0.73,41.326]}},{"type":"Feature","properties":{"id":"ppm-es-20820","name":"Monte Molon Wind Farm","capacity_mw":30.0,"fuel_type":"wind","status":"operational","precision":"approximate","source":"powerplantmatching v0.9.0, 2026-10-03 · Global Energy Monitor","source_url":"https://github.com/PyPSA/powerplantmatching","tech":"Onshore","commissioning_year":2002},"geometry":{"type":"Point","coordinates":[-1.381,39.705]}},{"type":"Feature","properties":{"id":"ppm-es-21754","name":"Palacios Del Arzobispo Solar Farm","capacity_mw":30.0,"fuel_type":"solar","status":"operational","precision":"approximate","source":"powerplantmatching v0.9.0, 2026-10-03 · Global Energy Monitor","source_url":"https://github.com/PyPSA/powerplantmatching","tech":"PV","commissioning_year":2019},"geometry":{"type":"Point","coordinates":[-5.891,41.163]}},{"type":"Feature","properties":{"id":"ppm-es-22796","name":"Puerta Del Jerte Solar Farm","capacity_mw":30.0,"fuel_type":"solar","status":"operational","precision":"approximate","source":"powerplantmatching v0.9.0, 2026-10-03 · Global Energy Monitor","source_url":"https://github.com/PyPSA/powerplantmatching","tech":"PV","commissioning_year":2023},"geometry":{"type":"Point","coordinates":[-6.094,40.028]}},{"type":"Feature","properties":{"id":"ppm-es-23880","name":"Sigma Solaria Solar Farm","capacity_mw":30.0,"fuel_type":"solar","status":"operational","precision":"approximate","source":"powerplantmatching v0.9.0, 2026-10-03 · Global Energy Monitor","source_url":"https://github.com/PyPSA/powerplantmatching","tech":"PV","commissioning_year":2021},"geometry":{"type":"Point","coordinates":[-4.388,41.975]}},{"type":"Feature","properties":{"id":"ppm-es-25046","name":"Tiza Solar Farm","capacity_mw":30.0,"fuel_type":"solar","status":"operational","precision":"approximate","source":"powerplantmatching v0.9.0, 2026-10-03 · Global Energy Monitor","source_url":"https://github.com/PyPSA/powerplantmatching","tech":"PV"},"geometry":{"type":"Point","coordinates":[-2.462,36.839]}},{"type":"Feature","properties":{"id":"ppm-es-25169","name":"Tres Termes Wind Farm","capacity_mw":30.0,"fuel_type":"wind","status":"operational","precision":"approximate","source":"powerplantmatching v0.9.0, 2026-10-03 · Global Energy Monitor","source_url":"https://github.com/PyPSA/powerplantmatching","tech":"Onshore"},"geometry":{"type":"Point","coordinates":[0.314,41.094]}},{"type":"Feature","properties":{"id":"ppm-es-25208","name":"Trucafort Wind Farm","capacity_mw":30.0,"fuel_type":"wind","status":"operational","precision":"approximate","source":"powerplantmatching v0.9.0, 2026-10-03 · Global Energy Monitor","source_url":"https://github.com/PyPSA/powerplantmatching","tech":"Onshore"},"geometry":{"type":"Point","coordinates":[0.888,41.142]}},{"type":"Feature","properties":{"id":"ppm-es-13214","name":"Barcience Aquila Clean Energy Solar Farm","capacity_mw":29.9,"fuel_type":"solar","status":"operational","precision":"approximate","source":"powerplantmatching v0.9.0, 2026-10-03 · Global Energy Monitor","source_url":"https://github.com/PyPSA/powerplantmatching","tech":"PV"},"geometry":{"type":"Point","coordinates":[-4.23,39.966]}},{"type":"Feature","properties":{"id":"ppm-es-9769","name":"Mallen","capacity_mw":29.8,"fuel_type":"wind","status":"operational","precision":"approximate","source":"powerplantmatching v0.9.0, 2026-10-03 · WRI GPPD, OpenStreetMap","source_url":"https://www.openstreetmap.org/relation/13196366","tech":"Onshore","commissioning_year":2006},"geometry":{"type":"Point","coordinates":[-2.205,41.047]}},{"type":"Feature","properties":{"id":"ppm-es-23683","name":"Segovia Solar","capacity_mw":29.5,"fuel_type":"solar","status":"operational","precision":"approximate","source":"powerplantmatching v0.9.0, 2026-10-03 · Global Energy Monitor","source_url":"https://github.com/PyPSA/powerplantmatching","tech":"PV","commissioning_year":2019},"geometry":{"type":"Point","coordinates":[-4.157,40.922]}},{"type":"Feature","properties":{"id":"ppm-es-1437","name":"Sobron","capacity_mw":29.0,"fuel_type":"hydro","status":"operational","precision":"approximate","source":"powerplantmatching v0.9.0, 2026-10-03 · JRC (European Commission), Global Hydropower Resources, Open Power System Data, WRI GPPD","source_url":"https://github.com/PyPSA/powerplantmatching","tech":"Reservoir","commissioning_year":1961},"geometry":{"type":"Point","coordinates":[-3.157,42.821]}},{"type":"Feature","properties":{"id":"ppm-es-2678","name":"Sierra Del Madero Wind Farm","capacity_mw":29.0,"fuel_type":"wind","status":"operational","precision":"approximate","source":"powerplantmatching v0.9.0, 2026-10-03 · Global Energy Monitor, WRI GPPD, OpenStreetMap","source_url":"https://www.openstreetmap.org/relation/12934308","tech":"Onshore","commissioning_year":1998},"geometry":{"type":"Point","coordinates":[-1.99,41.75]}},{"type":"Feature","properties":{"id":"ppm-es-5407","name":"Barbanza Wind Farm","capacity_mw":29.0,"fuel_type":"wind","status":"operational","precision":"approximate","source":"powerplantmatching v0.9.0, 2026-10-03 · Global Energy Monitor, OpenStreetMap","source_url":"https://www.openstreetmap.org/relation/17390435","tech":"Onshore","commissioning_year":1997},"geometry":{"type":"Point","coordinates":[-8.962,42.669]}},{"type":"Feature","properties":{"id":"ppm-es-5580","name":"Hontalbilla Wind Farm","capacity_mw":29.0,"fuel_type":"wind","status":"operational","precision":"approximate","source":"powerplantmatching v0.9.0, 2026-10-03 · Global Energy Monitor, OpenStreetMap","source_url":"https://www.openstreetmap.org/relation/13068130","tech":"Onshore","commissioning_year":2004},"geometry":{"type":"Point","coordinates":[-2.58,41.33]}},{"type":"Feature","properties":{"id":"ppm-es-5592","name":"Las Lomillas Wind Farm","capacity_mw":29.0,"fuel_type":"wind","status":"operational","precision":"approximate","source":"powerplantmatching v0.9.0, 2026-10-03 · Global Energy Monitor, OpenStreetMap","source_url":"https://www.openstreetmap.org/relation/13932723","tech":"Onshore"},"geometry":{"type":"Point","coordinates":[-2.785,37.181]}},{"type":"Feature","properties":{"id":"ppm-es-5613","name":"La Valdivia Wind Farm","capacity_mw":29.0,"fuel_type":"wind","status":"operational","precision":"approximate","source":"powerplantmatching v0.9.0, 2026-10-03 · Global Energy Monitor, OpenStreetMap","source_url":"https://www.openstreetmap.org/relation/13935881","tech":"Onshore","commissioning_year":2008},"geometry":{"type":"Point","coordinates":[-5.144,37.14]}},{"type":"Feature","properties":{"id":"ppm-es-5671","name":"Noguera Wind Farm","capacity_mw":29.0,"fuel_type":"wind","status":"operational","precision":"approximate","source":"powerplantmatching v0.9.0, 2026-10-03 · Global Energy Monitor, OpenStreetMap","source_url":"https://www.openstreetmap.org/relation/13932725","tech":"Onshore","commissioning_year":2009},"geometry":{"type":"Point","coordinates":[-2.263,37.023]}},{"type":"Feature","properties":{"id":"ppm-es-10971","name":"Veciana Wind Farm","capacity_mw":29.0,"fuel_type":"wind","status":"operational","precision":"approximate","source":"powerplantmatching v0.9.0, 2026-10-03 · Global Energy Monitor, WRI GPPD","source_url":"https://github.com/PyPSA/powerplantmatching","tech":"Onshore","commissioning_year":2010},"geometry":{"type":"Point","coordinates":[1.446,41.666]}},{"type":"Feature","properties":{"id":"ppm-es-16704","name":"Farelo Wind Farm","capacity_mw":29.0,"fuel_type":"wind","status":"operational","precision":"approximate","source":"powerplantmatching v0.9.0, 2026-10-03 · Global Energy Monitor","source_url":"https://github.com/PyPSA/powerplantmatching","tech":"Onshore","commissioning_year":2005},"geometry":{"type":"Point","coordinates":[-7.939,42.745]}},{"type":"Feature","properties":{"id":"ppm-es-19565","name":"Las Lomas","capacity_mw":29.0,"fuel_type":"waste","status":"operational","precision":"approximate","source":"powerplantmatching v0.9.0, 2026-10-03 · Global Energy Monitor","source_url":"https://github.com/PyPSA/powerplantmatching"},"geometry":{"type":"Point","coordinates":[-3.601,40.334]}},{"type":"Feature","properties":{"id":"ppm-es-21357","name":"Novo Castrelo","capacity_mw":29.0,"fuel_type":"hydro","status":"operational","precision":"approximate","source":"powerplantmatching v0.9.0, 2026-10-03 · Global Energy Monitor","source_url":"https://github.com/PyPSA/powerplantmatching","tech":"Reservoir","commissioning_year":1957},"geometry":{"type":"Point","coordinates":[-9.12,42.913]}},{"type":"Feature","properties":{"id":"ppm-es-12858","name":"Asturiana De Zinc Solar Farm","capacity_mw":28.7,"fuel_type":"solar","status":"operational","precision":"approximate","source":"powerplantmatching v0.9.0, 2026-10-03 · Global Energy Monitor","source_url":"https://github.com/PyPSA/powerplantmatching","tech":"PV"},"geometry":{"type":"Point","coordinates":[-5.932,43.591]}},{"type":"Feature","properties":{"id":"ppm-es-19996","name":"Los Alcazares Solar Farm","capacity_mw":28.6,"fuel_type":"solar","status":"operational","precision":"approximate","source":"powerplantmatching v0.9.0, 2026-10-03 · Global Energy Monitor","source_url":"https://github.com/PyPSA/powerplantmatching","tech":"PV"},"geometry":{"type":"Point","coordinates":[-0.885,37.731]}},{"type":"Feature","properties":{"id":"ppm-es-2480","name":"Canredondo Wind Farm","capacity_mw":28.0,"fuel_type":"wind","status":"operational","precision":"approximate","source":"powerplantmatching v0.9.0, 2026-10-03 · Global Energy Monitor, WRI GPPD, OpenStreetMap","source_url":"https://www.openstreetmap.org/relation/13062007","tech":"Onshore","commissioning_year":2006},"geometry":{"type":"Point","coordinates":[-2.548,40.811]}},{"type":"Feature","properties":{"id":"ppm-es-2508","name":"El Colmenar Wind Farm","capacity_mw":28.0,"fuel_type":"wind","status":"operational","precision":"approximate","source":"powerplantmatching v0.9.0, 2026-10-03 · Global Energy Monitor, WRI GPPD, OpenStreetMap","source_url":"https://www.openstreetmap.org/relation/13932724","tech":"Onshore","commissioning_year":2007},"geometry":{"type":"Point","coordinates":[-0.25,39.967]}},{"type":"Feature","properties":{"id":"ppm-es-2549","name":"Casas De Los Pinos Solar Farm","capacity_mw":28.0,"fuel_type":"solar","status":"operational","precision":"approximate","source":"powerplantmatching v0.9.0, 2026-10-03 · Global Energy Monitor, WRI GPPD, OpenStreetMap","source_url":"https://www.openstreetmap.org/way/980962162","tech":"PV","commissioning_year":2007},"geometry":{"type":"Point","coordinates":[-2.409,39.275]}},{"type":"Feature","properties":{"id":"ppm-es-2563","name":"Cortijo La Linera Wind Farm","capacity_mw":28.0,"fuel_type":"wind","status":"operational","precision":"approximate","source":"powerplantmatching v0.9.0, 2026-10-03 · Global Energy Monitor, WRI GPPD, OpenStreetMap","source_url":"https://www.openstreetmap.org/relation/13935886","tech":"Onshore","commissioning_year":2008},"geometry":{"type":"Point","coordinates":[-2.571,38.114]}},{"type":"Feature","properties":{"id":"ppm-es-2585","name":"El Sombrio Wind Farm","capacity_mw":28.0,"fuel_type":"wind","status":"operational","precision":"approximate","source":"powerplantmatching v0.9.0, 2026-10-03 · Global Energy Monitor, WRI GPPD, OpenStreetMap","source_url":"https://www.openstreetmap.org/relation/13996363","tech":"Onshore","commissioning_year":2008},"geometry":{"type":"Point","coordinates":[-3.73,42.43]}},{"type":"Feature","properties":{"id":"ppm-es-4345","name":"Zujar","capacity_mw":28.0,"fuel_type":"hydro","status":"operational","precision":"approximate","source":"powerplantmatching v0.9.0, 2026-10-03 · JRC (European Commission), Global Hydropower Resources, Open Power System Data","source_url":"https://github.com/PyPSA/powerplantmatching","tech":"Reservoir","commissioning_year":1968},"geometry":{"type":"Point","coordinates":[-5.479,38.917]}},{"type":"Feature","properties":{"id":"ppm-es-5421","name":"Almeriques Wind Farm","capacity_mw":28.0,"fuel_type":"wind","status":"operational","precision":"approximate","source":"powerplantmatching v0.9.0, 2026-10-03 · Global Energy Monitor, OpenStreetMap","source_url":"https://www.openstreetmap.org/relation/13943141","tech":"Onshore","commissioning_year":2008},"geometry":{"type":"Point","coordinates":[-5.937,36.518]}},{"type":"Feature","properties":{"id":"ppm-es-5475","name":"Chao Das Grallas Wind Farm","capacity_mw":28.0,"fuel_type":"wind","status":"operational","precision":"approximate","source":"powerplantmatching v0.9.0, 2026-10-03 · Global Energy Monitor, OpenStreetMap","source_url":"https://www.openstreetmap.org/relation/20394263","tech":"Onshore","commissioning_year":2009},"geometry":{"type":"Point","coordinates":[-6.97,43.354]}},{"type":"Feature","properties":{"id":"ppm-es-5523","name":"Gemasa","capacity_mw":28.0,"fuel_type":"gas","status":"operational","precision":"approximate","source":"powerplantmatching v0.9.0, 2026-10-03 · Global Energy Monitor, OpenStreetMap","source_url":"https://www.openstreetmap.org/way/977379398","tech":"CCGT","commissioning_year":1997},"geometry":{"type":"Point","coordinates":[-6.904,37.184]}},{"type":"Feature","properties":{"id":"ppm-es-5581","name":"Igea Wind Farm","capacity_mw":28.0,"fuel_type":"wind","status":"operational","precision":"approximate","source":"powerplantmatching v0.9.0, 2026-10-03 · Global Energy Monitor, OpenStreetMap","source_url":"https://www.openstreetmap.org/relation/13071397","tech":"Onshore","commissioning_year":2006},"geometry":{"type":"Point","coordinates":[-2.068,42.014]}},{"type":"Feature","properties":{"id":"ppm-es-5668","name":"Navas Del Marques Wind Farm","capacity_mw":28.0,"fuel_type":"wind","status":"operational","precision":"approximate","source":"powerplantmatching v0.9.0, 2026-10-03 · Global Energy Monitor, OpenStreetMap","source_url":"https://www.openstreetmap.org/relation/13207419","tech":"Onshore","commissioning_year":2002},"geometry":{"type":"Point","coordinates":[-4.365,40.635]}},{"type":"Feature","properties":{"id":"ppm-es-5688","name":"Roalabota Wind Farm","capacity_mw":28.0,"fuel_type":"wind","status":"operational","precision":"approximate","source":"powerplantmatching v0.9.0, 2026-10-03 · Global Energy Monitor, OpenStreetMap","source_url":"https://www.openstreetmap.org/relation/13940081","tech":"Onshore","commissioning_year":2008},"geometry":{"type":"Point","coordinates":[-6.088,36.609]}},{"type":"Feature","properties":{"id":"ppm-es-9760","name":"Valdefuentes","capacity_mw":28.0,"fuel_type":"wind","status":"operational","precision":"approximate","source":"powerplantmatching v0.9.0, 2026-10-03 · WRI GPPD, OpenStreetMap","source_url":"https://www.openstreetmap.org/relation/13934169","tech":"Onshore","commissioning_year":2009},"geometry":{"type":"Point","coordinates":[-7.27,37.508]}},{"type":"Feature","properties":{"id":"ppm-es-10887","name":"Ibargoiti Wind Farm","capacity_mw":28.0,"fuel_type":"wind","status":"operational","precision":"approximate","source":"powerplantmatching v0.9.0, 2026-10-03 · Global Energy Monitor, WRI GPPD","source_url":"https://github.com/PyPSA/powerplantmatching","tech":"Onshore","commissioning_year":2001},"geometry":{"type":"Point","coordinates":[-1.47,42.65]}},{"type":"Feature","properties":{"id":"ppm-es-12428","name":"Alta Anoia Wind Farm","capacity_mw":28.0,"fuel_type":"wind","status":"operational","precision":"approximate","source":"powerplantmatching v0.9.0, 2026-10-03 · Global Energy Monitor","source_url":"https://github.com/PyPSA/powerplantmatching","tech":"Onshore"},"geometry":{"type":"Point","coordinates":[1.464,41.708]}},{"type":"Feature","properties":{"id":"ppm-es-13212","name":"Barchin Wind Farm","capacity_mw":28.0,"fuel_type":"wind","status":"operational","precision":"approximate","source":"powerplantmatching v0.9.0, 2026-10-03 · Global Energy Monitor","source_url":"https://github.com/PyPSA/powerplantmatching","tech":"Onshore"},"geometry":{"type":"Point","coordinates":[-2.076,39.676]}},{"type":"Feature","properties":{"id":"ppm-es-14820","name":"Castilla Leon Encavis Solar Farm","capacity_mw":28.0,"fuel_type":"solar","status":"operational","precision":"approximate","source":"powerplantmatching v0.9.0, 2026-10-03 · Global Energy Monitor","source_url":"https://github.com/PyPSA/powerplantmatching","tech":"PV"},"geometry":{"type":"Point","coordinates":[-5.077,41.941]}},{"type":"Feature","properties":{"id":"ppm-es-20424","name":"Mazoral Rajola Wind Farm","capacity_mw":28.0,"fuel_type":"wind","status":"operational","precision":"approximate","source":"powerplantmatching v0.9.0, 2026-10-03 · Global Energy Monitor","source_url":"https://github.com/PyPSA/powerplantmatching","tech":"Onshore","commissioning_year":2007},"geometry":{"type":"Point","coordinates":[-0.72,39.999]}},{"type":"Feature","properties":{"id":"ppm-es-24747","name":"Talavan Solar Farm","capacity_mw":28.0,"fuel_type":"solar","status":"operational","precision":"approximate","source":"powerplantmatching v0.9.0, 2026-10-03 · Global Energy Monitor","source_url":"https://github.com/PyPSA/powerplantmatching","tech":"PV","commissioning_year":2022},"geometry":{"type":"Point","coordinates":[-6.277,39.717]}},{"type":"Feature","properties":{"id":"ppm-es-25281","name":"Turo Del Magre Wind Farm","capacity_mw":28.0,"fuel_type":"wind","status":"operational","precision":"approximate","source":"powerplantmatching v0.9.0, 2026-10-03 · Global Energy Monitor","source_url":"https://github.com/PyPSA/powerplantmatching","tech":"Onshore"},"geometry":{"type":"Point","coordinates":[1.437,41.635]}},{"type":"Feature","properties":{"id":"ppm-es-10235","name":"Menuza","capacity_mw":27.7,"fuel_type":"hydro","status":"operational","precision":"approximate","source":"powerplantmatching v0.9.0, 2026-10-03 · Global Hydropower Resources, WRI GPPD","source_url":"https://github.com/PyPSA/powerplantmatching","commissioning_year":1970},"geometry":{"type":"Point","coordinates":[-0.351,41.322]}},{"type":"Feature","properties":{"id":"ppm-es-12356","name":"Alconchel Solar Farm","capacity_mw":27.3,"fuel_type":"solar","status":"operational","precision":"approximate","source":"powerplantmatching v0.9.0, 2026-10-03 · Global Energy Monitor","source_url":"https://github.com/PyPSA/powerplantmatching","tech":"PV","commissioning_year":2008},"geometry":{"type":"Point","coordinates":[-2.801,39.615]}},{"type":"Feature","properties":{"id":"ppm-es-13585","name":"Bioenergia Santamaria","capacity_mw":27.1,"fuel_type":"biomass","status":"operational","precision":"approximate","source":"powerplantmatching v0.9.0, 2026-10-03 · Global Energy Monitor","source_url":"https://github.com/PyPSA/powerplantmatching","commissioning_year":2003},"geometry":{"type":"Point","coordinates":[-4.501,37.359]}},{"type":"Feature","properties":{"id":"ppm-es-1435","name":"Regueiro Mao","capacity_mw":27.0,"fuel_type":"hydro","status":"operational","precision":"approximate","source":"powerplantmatching v0.9.0, 2026-10-03 · JRC (European Commission), Global Hydropower Resources, Open Power System Data, WRI GPPD","source_url":"https://github.com/PyPSA/powerplantmatching","tech":"Reservoir","commissioning_year":1970},"geometry":{"type":"Point","coordinates":[-7.475,42.343]}},{"type":"Feature","properties":{"id":"ppm-es-2541","name":"La Cuesta Wind Farm","capacity_mw":27.0,"fuel_type":"wind","status":"operational","precision":"approximate","source":"powerplantmatching v0.9.0, 2026-10-03 · Global Energy Monitor, WRI GPPD, OpenStreetMap","source_url":"https://www.openstreetmap.org/relation/13935890","tech":"Onshore","commissioning_year":2008},"geometry":{"type":"Point","coordinates":[-6.876,43.215]}},{"type":"Feature","properties":{"id":"ppm-es-5508","name":"El Castre Wind Farm","capacity_mw":27.0,"fuel_type":"wind","status":"operational","precision":"approximate","source":"powerplantmatching v0.9.0, 2026-10-03 · Global Energy Monitor, OpenStreetMap","source_url":"https://www.openstreetmap.org/relation/20234683","tech":"Onshore","commissioning_year":2008},"geometry":{"type":"Point","coordinates":[-4.753,41.973]}},{"type":"Feature","properties":{"id":"ppm-es-5554","name":"La Nava Edpr Wind Farm","capacity_mw":27.0,"fuel_type":"wind","status":"operational","precision":"approximate","source":"powerplantmatching v0.9.0, 2026-10-03 · Global Energy Monitor, OpenStreetMap","source_url":"https://www.openstreetmap.org/relation/13935894","tech":"Onshore","commissioning_year":2009},"geometry":{"type":"Point","coordinates":[-5.065,36.911]}},{"type":"Feature","properties":{"id":"ppm-es-5645","name":"Los Ausines Wind Farm","capacity_mw":27.0,"fuel_type":"wind","status":"operational","precision":"approximate","source":"powerplantmatching v0.9.0, 2026-10-03 · Global Energy Monitor, OpenStreetMap","source_url":"https://www.openstreetmap.org/relation/15960752","tech":"Onshore","commissioning_year":2016},"geometry":{"type":"Point","coordinates":[-3.6,42.227]}},{"type":"Feature","properties":{"id":"ppm-es-10895","name":"Grado Wind Farm","capacity_mw":27.0,"fuel_type":"wind","status":"operational","precision":"approximate","source":"powerplantmatching v0.9.0, 2026-10-03 · Global Energy Monitor, WRI GPPD","source_url":"https://github.com/PyPSA/powerplantmatching","tech":"Onshore","commissioning_year":2005},"geometry":{"type":"Point","coordinates":[-0.056,39.877]}},{"type":"Feature","properties":{"id":"ppm-es-12953","name":"Ayamonte Wind Farm","capacity_mw":27.0,"fuel_type":"wind","status":"operational","precision":"approximate","source":"powerplantmatching v0.9.0, 2026-10-03 · Global Energy Monitor","source_url":"https://github.com/PyPSA/powerplantmatching","tech":"Onshore"},"geometry":{"type":"Point","coordinates":[-7.405,37.214]}},{"type":"Feature","properties":{"id":"ppm-es-14239","name":"Cantoria Solar","capacity_mw":27.0,"fuel_type":"solar","status":"operational","precision":"approximate","source":"powerplantmatching v0.9.0, 2026-10-03 · Global Energy Monitor","source_url":"https://github.com/PyPSA/powerplantmatching","tech":"PV","commissioning_year":2022},"geometry":{"type":"Point","coordinates":[-2.24,37.373]}},{"type":"Feature","properties":{"id":"ppm-es-15129","name":"Chinchilla Wind Farm","capacity_mw":27.0,"fuel_type":"wind","status":"operational","precision":"approximate","source":"powerplantmatching v0.9.0, 2026-10-03 · Global Energy Monitor","source_url":"https://github.com/PyPSA/powerplantmatching","tech":"Onshore","commissioning_year":2020},"geometry":{"type":"Point","coordinates":[-1.735,38.803]}},{"type":"Feature","properties":{"id":"ppm-es-22810","name":"Punta Redona Wind Farm","capacity_mw":27.0,"fuel_type":"wind","status":"operational","precision":"approximate","source":"powerplantmatching v0.9.0, 2026-10-03 · Global Energy Monitor","source_url":"https://github.com/PyPSA/powerplantmatching","tech":"Onshore","commissioning_year":2023},"geometry":{"type":"Point","coordinates":[0.411,41.027]}},{"type":"Feature","properties":{"id":"ppm-es-16638","name":"Extremadura Solar Lxiii","capacity_mw":26.6,"fuel_type":"solar","status":"operational","precision":"approximate","source":"powerplantmatching v0.9.0, 2026-10-03 · Global Energy Monitor","source_url":"https://github.com/PyPSA/powerplantmatching","tech":"PV","commissioning_year":2017},"geometry":{"type":"Point","coordinates":[-5.686,39.884]}},{"type":"Feature","properties":{"id":"ppm-es-10967","name":"Zuera Solar","capacity_mw":26.3,"fuel_type":"solar","status":"operational","precision":"approximate","source":"powerplantmatching v0.9.0, 2026-10-03 · Global Energy Monitor, WRI GPPD","source_url":"https://github.com/PyPSA/powerplantmatching","tech":"PV","commissioning_year":2008},"geometry":{"type":"Point","coordinates":[-0.812,41.939]}},{"type":"Feature","properties":{"id":"ppm-es-25851","name":"Virgen Del Carmen Solar Farm","capacity_mw":26.1,"fuel_type":"solar","status":"operational","precision":"approximate","source":"powerplantmatching v0.9.0, 2026-10-03 · Global Energy Monitor","source_url":"https://github.com/PyPSA/powerplantmatching","tech":"PV"},"geometry":{"type":"Point","coordinates":[-6.968,37.377]}},{"type":"Feature","properties":{"id":"ppm-es-2584","name":"El Sardon Wind Farm","capacity_mw":26.0,"fuel_type":"wind","status":"operational","precision":"approximate","source":"powerplantmatching v0.9.0, 2026-10-03 · Global Energy Monitor, WRI GPPD, OpenStreetMap","source_url":"https://www.openstreetmap.org/relation/13934171","tech":"Onshore","commissioning_year":2006},"geometry":{"type":"Point","coordinates":[-2.954,36.77]}},{"type":"Feature","properties":{"id":"ppm-es-2626","name":"Los Castrios Wind Farm","capacity_mw":26.0,"fuel_type":"wind","status":"operational","precision":"approximate","source":"powerplantmatching v0.9.0, 2026-10-03 · Global Energy Monitor, WRI GPPD, OpenStreetMap","source_url":"https://www.openstreetmap.org/relation/14114108","tech":"Onshore","commissioning_year":2006},"geometry":{"type":"Point","coordinates":[-1.017,38.15]}},{"type":"Feature","properties":{"id":"ppm-es-2633","name":"Manzanera Wind Farm","capacity_mw":26.0,"fuel_type":"wind","status":"operational","precision":"approximate","source":"powerplantmatching v0.9.0, 2026-10-03 · Global Energy Monitor, WRI GPPD, OpenStreetMap","source_url":"https://www.openstreetmap.org/relation/13474677","tech":"Onshore","commissioning_year":2006},"geometry":{"type":"Point","coordinates":[-0.34,40.638]}},{"type":"Feature","properties":{"id":"ppm-es-2681","name":"Sierra Quemada Wind Farm","capacity_mw":26.0,"fuel_type":"wind","status":"operational","precision":"approximate","source":"powerplantmatching v0.9.0, 2026-10-03 · Global Energy Monitor, WRI GPPD, OpenStreetMap","source_url":"https://www.openstreetmap.org/relation/20312771","tech":"Onshore","commissioning_year":2001},"geometry":{"type":"Point","coordinates":[-1.926,38.727]}},{"type":"Feature","properties":{"id":"ppm-es-5431","name":"Castillo Garcimunoz Wind Farm","capacity_mw":26.0,"fuel_type":"wind","status":"operational","precision":"approximate","source":"powerplantmatching v0.9.0, 2026-10-03 · Global Energy Monitor, OpenStreetMap","source_url":"https://www.openstreetmap.org/relation/13619579","tech":"Onshore"},"geometry":{"type":"Point","coordinates":[-2.381,39.659]}},{"type":"Feature","properties":{"id":"ppm-es-5473","name":"Cerro Revolcado Wind Farm","capacity_mw":26.0,"fuel_type":"wind","status":"operational","precision":"approximate","source":"powerplantmatching v0.9.0, 2026-10-03 · Global Energy Monitor, OpenStreetMap","source_url":"https://www.openstreetmap.org/relation/20367099","tech":"Onshore","commissioning_year":2004},"geometry":{"type":"Point","coordinates":[-1.076,38.729]}},{"type":"Feature","properties":{"id":"ppm-es-5488","name":"El Olivillo Wind Farm","capacity_mw":26.0,"fuel_type":"wind","status":"operational","precision":"approximate","source":"powerplantmatching v0.9.0, 2026-10-03 · Global Energy Monitor, OpenStreetMap","source_url":"https://www.openstreetmap.org/relation/13940084","tech":"Onshore","commissioning_year":2008},"geometry":{"type":"Point","coordinates":[-6.201,36.81]}},{"type":"Feature","properties":{"id":"ppm-es-5494","name":"El Puntal Wind Farm","capacity_mw":26.0,"fuel_type":"wind","status":"operational","precision":"approximate","source":"powerplantmatching v0.9.0, 2026-10-03 · Global Energy Monitor, OpenStreetMap","source_url":"https://www.openstreetmap.org/relation/13935896","tech":"Onshore","commissioning_year":2011},"geometry":{"type":"Point","coordinates":[-4.846,37.17]}},{"type":"Feature","properties":{"id":"ppm-es-5550","name":"El Tesorillo Wind Farm","capacity_mw":26.0,"fuel_type":"wind","status":"operational","precision":"approximate","source":"powerplantmatching v0.9.0, 2026-10-03 · Global Energy Monitor, OpenStreetMap","source_url":"https://www.openstreetmap.org/relation/13940072","tech":"Onshore","commissioning_year":2019},"geometry":{"type":"Point","coordinates":[-5.355,36.365]}},{"type":"Feature","properties":{"id":"ppm-es-5657","name":"Oiz Wind Farm","capacity_mw":26.0,"fuel_type":"wind","status":"operational","precision":"approximate","source":"powerplantmatching v0.9.0, 2026-10-03 · Global Energy Monitor, OpenStreetMap","source_url":"https://www.openstreetmap.org/relation/14710692","tech":"Onshore","commissioning_year":2004},"geometry":{"type":"Point","coordinates":[-2.578,43.216]}},{"type":"Feature","properties":{"id":"ppm-es-5727","name":"Tacica De Plata Wind Farm","capacity_mw":26.0,"fuel_type":"wind","status":"operational","precision":"approximate","source":"powerplantmatching v0.9.0, 2026-10-03 · Global Energy Monitor, OpenStreetMap","source_url":"https://www.openstreetmap.org/relation/13932717","tech":"Onshore","commissioning_year":2008},"geometry":{"type":"Point","coordinates":[-2.74,37.149]}},{"type":"Feature","properties":{"id":"ppm-es-12313","name":"Alaiz Wind Farm","capacity_mw":26.0,"fuel_type":"wind","status":"operational","precision":"approximate","source":"powerplantmatching v0.9.0, 2026-10-03 · Global Energy Monitor","source_url":"https://github.com/PyPSA/powerplantmatching","tech":"Onshore","commissioning_year":1999},"geometry":{"type":"Point","coordinates":[-1.58,42.68]}},{"type":"Feature","properties":{"id":"ppm-es-14133","name":"Cabeza Mesa Wind Farm","capacity_mw":26.0,"fuel_type":"wind","status":"operational","precision":"approximate","source":"powerplantmatching v0.9.0, 2026-10-03 · Global Energy Monitor","source_url":"https://github.com/PyPSA/powerplantmatching","tech":"Onshore","commissioning_year":2010},"geometry":{"type":"Point","coordinates":[-5.518,40.356]}},{"type":"Feature","properties":{"id":"ppm-es-19292","name":"La Verilleja Solar Farm","capacity_mw":26.0,"fuel_type":"solar","status":"operational","precision":"approximate","source":"powerplantmatching v0.9.0, 2026-10-03 · Global Energy Monitor","source_url":"https://github.com/PyPSA/powerplantmatching","tech":"PV","commissioning_year":2010},"geometry":{"type":"Point","coordinates":[-5.514,38.725]}},{"type":"Feature","properties":{"id":"ppm-es-20841","name":"Montero Wind Farm","capacity_mw":26.0,"fuel_type":"wind","status":"operational","precision":"approximate","source":"powerplantmatching v0.9.0, 2026-10-03 · Global Energy Monitor","source_url":"https://github.com/PyPSA/powerplantmatching","tech":"Onshore","commissioning_year":2003},"geometry":{"type":"Point","coordinates":[-1.263,41.768]}},{"type":"Feature","properties":{"id":"ppm-es-20949","name":"Muela De Santa Catalina Cerro Negro Wind Farm","capacity_mw":26.0,"fuel_type":"wind","status":"operational","precision":"approximate","source":"powerplantmatching v0.9.0, 2026-10-03 · Global Energy Monitor","source_url":"https://github.com/PyPSA/powerplantmatching","tech":"Onshore","commissioning_year":2012},"geometry":{"type":"Point","coordinates":[-1.133,39.924]}},{"type":"Feature","properties":{"id":"ppm-es-23004","name":"Renedo Solaria Solar Farm","capacity_mw":26.0,"fuel_type":"solar","status":"operational","precision":"approximate","source":"powerplantmatching v0.9.0, 2026-10-03 · Global Energy Monitor","source_url":"https://github.com/PyPSA/powerplantmatching","tech":"PV","commissioning_year":2020},"geometry":{"type":"Point","coordinates":[-4.648,41.053]}},{"type":"Feature","properties":{"id":"ppm-es-5721","name":"Smurfit Mengibar","capacity_mw":25.8,"fuel_type":"gas","status":"operational","precision":"approximate","source":"powerplantmatching v0.9.0, 2026-10-03 · Global Energy Monitor, OpenStreetMap","source_url":"https://www.openstreetmap.org/way/664957976","tech":"CCGT","commissioning_year":2001},"geometry":{"type":"Point","coordinates":[-3.793,37.981]}},{"type":"Feature","properties":{"id":"ppm-es-14626","name":"Castile Leon Solar Cccxliv","capacity_mw":25.8,"fuel_type":"solar","status":"operational","precision":"approximate","source":"powerplantmatching v0.9.0, 2026-10-03 · Global Energy Monitor","source_url":"https://github.com/PyPSA/powerplantmatching","tech":"PV","commissioning_year":2022},"geometry":{"type":"Point","coordinates":[-5.428,41.44]}},{"type":"Feature","properties":{"id":"ppm-es-16668","name":"Extremadura Solar Xliii","capacity_mw":25.7,"fuel_type":"solar","status":"operational","precision":"approximate","source":"powerplantmatching v0.9.0, 2026-10-03 · Global Energy Monitor","source_url":"https://github.com/PyPSA/powerplantmatching","tech":"PV","commissioning_year":2017},"geometry":{"type":"Point","coordinates":[-6.267,39.981]}},{"type":"Feature","properties":{"id":"ppm-es-22012","name":"Pepino Solar Farm","capacity_mw":25.6,"fuel_type":"solar","status":"operational","precision":"approximate","source":"powerplantmatching v0.9.0, 2026-10-03 · Global Energy Monitor","source_url":"https://github.com/PyPSA/powerplantmatching","tech":"PV"},"geometry":{"type":"Point","coordinates":[-4.803,40.033]}},{"type":"Feature","properties":{"id":"ppm-es-10982","name":"Valdecaballeros Solar","capacity_mw":25.2,"fuel_type":"solar","status":"operational","precision":"approximate","source":"powerplantmatching v0.9.0, 2026-10-03 · Global Energy Monitor, WRI GPPD","source_url":"https://github.com/PyPSA/powerplantmatching","tech":"PV","commissioning_year":2008},"geometry":{"type":"Point","coordinates":[-5.215,39.289]}},{"type":"Feature","properties":{"id":"ppm-es-1103","name":"La Serena","capacity_mw":25.0,"fuel_type":"hydro","status":"operational","precision":"approximate","source":"powerplantmatching v0.9.0, 2026-10-03 · JRC (European Commission), Global Hydropower Resources, Open Power System Data, WRI GPPD, OpenStreetMap","source_url":"https://www.openstreetmap.org/way/122229158","tech":"Reservoir","commissioning_year":1952},"geometry":{"type":"Point","coordinates":[-5.413,38.913]}},{"type":"Feature","properties":{"id":"ppm-es-2569","name":"El Cayo Wind Farm","capacity_mw":25.0,"fuel_type":"wind","status":"operational","precision":"approximate","source":"powerplantmatching v0.9.0, 2026-10-03 · Global Energy Monitor, WRI GPPD, OpenStreetMap","source_url":"https://www.openstreetmap.org/relation/13067986","tech":"Onshore","commissioning_year":2005},"geometry":{"type":"Point","coordinates":[-2.328,41.992]}},{"type":"Feature","properties":{"id":"ppm-es-2659","name":"Puerto Malaga Wind Farm","capacity_mw":25.0,"fuel_type":"wind","status":"operational","precision":"approximate","source":"powerplantmatching v0.9.0, 2026-10-03 · Global Energy Monitor, WRI GPPD, OpenStreetMap","source_url":"https://www.openstreetmap.org/relation/13935878","tech":"Onshore","commissioning_year":2008},"geometry":{"type":"Point","coordinates":[-7.492,37.525]}},{"type":"Feature","properties":{"id":"ppm-es-2690","name":"Tordesillas Opde Solar","capacity_mw":25.0,"fuel_type":"solar","status":"operational","precision":"approximate","source":"powerplantmatching v0.9.0, 2026-10-03 · Global Energy Monitor, WRI GPPD, OpenStreetMap","source_url":"https://www.openstreetmap.org/relation/20226259","tech":"PV","commissioning_year":2010},"geometry":{"type":"Point","coordinates":[-5.012,41.513]}},{"type":"Feature","properties":{"id":"ppm-es-5420","name":"Allueva Wind Farm","capacity_mw":25.0,"fuel_type":"wind","status":"operational","precision":"approximate","source":"powerplantmatching v0.9.0, 2026-10-03 · Global Energy Monitor, OpenStreetMap","source_url":"https://www.openstreetmap.org/relation/12848230","tech":"Onshore","commissioning_year":2019},"geometry":{"type":"Point","coordinates":[-1.039,40.996]}},{"type":"Feature","properties":{"id":"ppm-es-5437","name":"Capelada Wind Farm","capacity_mw":25.0,"fuel_type":"wind","status":"operational","precision":"approximate","source":"powerplantmatching v0.9.0, 2026-10-03 · Global Energy Monitor, OpenStreetMap","source_url":"https://www.openstreetmap.org/relation/17091524","tech":"Onshore","commissioning_year":1998},"geometry":{"type":"Point","coordinates":[-7.96,43.688]}},{"type":"Feature","properties":{"id":"ppm-es-5507","name":"El Castillo Edp Wind Farm","capacity_mw":25.0,"fuel_type":"wind","status":"operational","precision":"approximate","source":"powerplantmatching v0.9.0, 2026-10-03 · Global Energy Monitor, OpenStreetMap","source_url":"https://www.openstreetmap.org/relation/14209931","tech":"Onshore","commissioning_year":2022},"geometry":{"type":"Point","coordinates":[-1.089,41.115]}},{"type":"Feature","properties":{"id":"ppm-es-5586","name":"Leoz Wind Farm","capacity_mw":25.0,"fuel_type":"wind","status":"operational","precision":"approximate","source":"powerplantmatching v0.9.0, 2026-10-03 · Global Energy Monitor, OpenStreetMap","source_url":"https://www.openstreetmap.org/way/1492564373","tech":"Onshore","commissioning_year":1997},"geometry":{"type":"Point","coordinates":[-1.584,42.547]}},{"type":"Feature","properties":{"id":"ppm-es-5684","name":"Santa Cruz Forestalia Wind Farm","capacity_mw":25.0,"fuel_type":"wind","status":"operational","precision":"approximate","source":"powerplantmatching v0.9.0, 2026-10-03 · Global Energy Monitor, OpenStreetMap","source_url":"https://www.openstreetmap.org/relation/18868024","tech":"Onshore","commissioning_year":2025},"geometry":{"type":"Point","coordinates":[0.013,41.934]}},{"type":"Feature","properties":{"id":"ppm-es-5718","name":"Tourinan Enel Green Wind Farm","capacity_mw":25.0,"fuel_type":"wind","status":"operational","precision":"approximate","source":"powerplantmatching v0.9.0, 2026-10-03 · Global Energy Monitor, OpenStreetMap","source_url":"https://www.openstreetmap.org/relation/17352861","tech":"Onshore","commissioning_year":2007},"geometry":{"type":"Point","coordinates":[-7.988,43.277]}},{"type":"Feature","properties":{"id":"ppm-es-5761","name":"Vicedo Wind Farm","capacity_mw":25.0,"fuel_type":"wind","status":"operational","precision":"approximate","source":"powerplantmatching v0.9.0, 2026-10-03 · Global Energy Monitor, OpenStreetMap","source_url":"https://www.openstreetmap.org/relation/17412810","tech":"Onshore","commissioning_year":1998},"geometry":{"type":"Point","coordinates":[-7.672,43.692]}},{"type":"Feature","properties":{"id":"ppm-es-5770","name":"Uzkita Wind Farm","capacity_mw":25.0,"fuel_type":"wind","status":"operational","precision":"approximate","source":"powerplantmatching v0.9.0, 2026-10-03 · Global Energy Monitor, OpenStreetMap","source_url":"https://www.openstreetmap.org/way/1489660499","tech":"Onshore","commissioning_year":2004},"geometry":{"type":"Point","coordinates":[-1.515,42.619]}},{"type":"Feature","properties":{"id":"ppm-es-10819","name":"Baena","capacity_mw":25.0,"fuel_type":"biomass","status":"operational","precision":"approximate","source":"powerplantmatching v0.9.0, 2026-10-03 · Global Energy Monitor, WRI GPPD","source_url":"https://github.com/PyPSA/powerplantmatching"},"geometry":{"type":"Point","coordinates":[-4.297,37.607]}},{"type":"Feature","properties":{"id":"ppm-es-10918","name":"Magana Wind Farm","capacity_mw":25.0,"fuel_type":"wind","status":"operational","precision":"approximate","source":"powerplantmatching v0.9.0, 2026-10-03 · Global Energy Monitor, WRI GPPD","source_url":"https://github.com/PyPSA/powerplantmatching","tech":"Onshore","commissioning_year":2002},"geometry":{"type":"Point","coordinates":[-2.163,41.901]}},{"type":"Feature","properties":{"id":"ppm-es-12151","name":"Aena Aeropuerto Valencia Solar Farm","capacity_mw":25.0,"fuel_type":"solar","status":"operational","precision":"approximate","source":"powerplantmatching v0.9.0, 2026-10-03 · Global Energy Monitor","source_url":"https://github.com/PyPSA/powerplantmatching","tech":"PV"},"geometry":{"type":"Point","coordinates":[-0.485,39.494]}},{"type":"Feature","properties":{"id":"ppm-es-12312","name":"Alabe Villarrubia","capacity_mw":25.0,"fuel_type":"gas","status":"operational","precision":"approximate","source":"powerplantmatching v0.9.0, 2026-10-03 · Global Energy Monitor","source_url":"https://github.com/PyPSA/powerplantmatching","tech":"CCGT","commissioning_year":1996},"geometry":{"type":"Point","coordinates":[-3.369,39.986]}},{"type":"Feature","properties":{"id":"ppm-es-13587","name":"Bioetanol Galicia","capacity_mw":25.0,"fuel_type":"gas","status":"operational","precision":"approximate","source":"powerplantmatching v0.9.0, 2026-10-03 · Global Energy Monitor","source_url":"https://github.com/PyPSA/powerplantmatching","tech":"CCGT","commissioning_year":2003},"geometry":{"type":"Point","coordinates":[-8.023,43.156]}},{"type":"Feature","properties":{"id":"ppm-es-14849","name":"Cella Factory","capacity_mw":25.0,"fuel_type":"gas","status":"operational","precision":"approximate","source":"powerplantmatching v0.9.0, 2026-10-03 · Global Energy Monitor","source_url":"https://github.com/PyPSA/powerplantmatching","tech":"Steam Turbine","commissioning_year":1997},"geometry":{"type":"Point","coordinates":[-1.248,40.457]}},{"type":"Feature","properties":{"id":"ppm-es-16354","name":"El Corchito Solar Farm","capacity_mw":25.0,"fuel_type":"solar","status":"operational","precision":"approximate","source":"powerplantmatching v0.9.0, 2026-10-03 · Global Energy Monitor","source_url":"https://github.com/PyPSA/powerplantmatching","tech":"PV","commissioning_year":2025},"geometry":{"type":"Point","coordinates":[-6.702,38.333]}},{"type":"Feature","properties":{"id":"ppm-es-19694","name":"Lerga Wind Farm","capacity_mw":25.0,"fuel_type":"wind","status":"operational","precision":"approximate","source":"powerplantmatching v0.9.0, 2026-10-03 · Global Energy Monitor","source_url":"https://github.com/PyPSA/powerplantmatching","tech":"Onshore","commissioning_year":1997},"geometry":{"type":"Point","coordinates":[-1.519,42.58]}},{"type":"Feature","properties":{"id":"ppm-es-19699","name":"Les Borges Blanques","capacity_mw":25.0,"fuel_type":"biomass","status":"operational","precision":"approximate","source":"powerplantmatching v0.9.0, 2026-10-03 · Global Energy Monitor","source_url":"https://github.com/PyPSA/powerplantmatching","commissioning_year":2012},"geometry":{"type":"Point","coordinates":[0.807,41.526]}},{"type":"Feature","properties":{"id":"ppm-es-20369","name":"Martorell Seat","capacity_mw":25.0,"fuel_type":"gas","status":"operational","precision":"approximate","source":"powerplantmatching v0.9.0, 2026-10-03 · Global Energy Monitor","source_url":"https://github.com/PyPSA/powerplantmatching","tech":"CCGT","commissioning_year":2012},"geometry":{"type":"Point","coordinates":[1.901,41.496]}},{"type":"Feature","properties":{"id":"ppm-es-20632","name":"Mingorrubio Wind Farm","capacity_mw":25.0,"fuel_type":"wind","status":"operational","precision":"approximate","source":"powerplantmatching v0.9.0, 2026-10-03 · Global Energy Monitor","source_url":"https://github.com/PyPSA/powerplantmatching","tech":"Onshore","commissioning_year":2009},"geometry":{"type":"Point","coordinates":[-2.295,38.939]}},{"type":"Feature","properties":{"id":"ppm-es-22216","name":"Pi Wind Farm","capacity_mw":25.0,"fuel_type":"wind","status":"operational","precision":"approximate","source":"powerplantmatching v0.9.0, 2026-10-03 · Global Energy Monitor","source_url":"https://github.com/PyPSA/powerplantmatching","tech":"Onshore","commissioning_year":2023},"geometry":{"type":"Point","coordinates":[-4.857,41.641]}},{"type":"Feature","properties":{"id":"ppm-es-23534","name":"San Martin De Unx Wind Farm","capacity_mw":25.0,"fuel_type":"wind","status":"operational","precision":"approximate","source":"powerplantmatching v0.9.0, 2026-10-03 · Global Energy Monitor","source_url":"https://github.com/PyPSA/powerplantmatching","tech":"Onshore","commissioning_year":1996},"geometry":{"type":"Point","coordinates":[-6.9,41.996]}},{"type":"Feature","properties":{"id":"ppm-es-23573","name":"Sant Joan Mill","capacity_mw":25.0,"fuel_type":"gas","status":"operational","precision":"approximate","source":"powerplantmatching v0.9.0, 2026-10-03 · Global Energy Monitor","source_url":"https://github.com/PyPSA/powerplantmatching","tech":"CCGT","commissioning_year":2011},"geometry":{"type":"Point","coordinates":[2.515,42.215]}},{"type":"Feature","properties":{"id":"ppm-es-17180","name":"Gipuzkoa Waste Treatment","capacity_mw":24.5,"fuel_type":"waste","status":"operational","precision":"approximate","source":"powerplantmatching v0.9.0, 2026-10-03 · Global Energy Monitor","source_url":"https://github.com/PyPSA/powerplantmatching","commissioning_year":2020},"geometry":{"type":"Point","coordinates":[-2.041,43.257]}},{"type":"Feature","properties":{"id":"ppm-es-3533","name":"Borges Csp Solar Farm","capacity_mw":24.2,"fuel_type":"solar","status":"operational","precision":"approximate","source":"powerplantmatching v0.9.0, 2026-10-03 · Global Energy Monitor, WRI GPPD, GEO","source_url":"https://github.com/PyPSA/powerplantmatching","tech":"Csp","commissioning_year":2012},"geometry":{"type":"Point","coordinates":[0.8,41.529]}},{"type":"Feature","properties":{"id":"ppm-es-15507","name":"Crisnova Solar","capacity_mw":24.1,"fuel_type":"solar","status":"operational","precision":"approximate","source":"powerplantmatching v0.9.0, 2026-10-03 · Global Energy Monitor","source_url":"https://github.com/PyPSA/powerplantmatching","tech":"PV","commissioning_year":2022},"geometry":{"type":"Point","coordinates":[-0.95,38.709]}},{"type":"Feature","properties":{"id":"ppm-es-2479","name":"Campisabalos Wind Farm","capacity_mw":24.0,"fuel_type":"wind","status":"operational","precision":"approximate","source":"powerplantmatching v0.9.0, 2026-10-03 · Global Energy Monitor, WRI GPPD, OpenStreetMap","source_url":"https://www.openstreetmap.org/relation/13061909","tech":"Onshore","commissioning_year":2002},"geometry":{"type":"Point","coordinates":[-3.173,41.297]}},{"type":"Feature","properties":{"id":"ppm-es-2482","name":"Carballeira Wind Farm","capacity_mw":24.0,"fuel_type":"wind","status":"operational","precision":"approximate","source":"powerplantmatching v0.9.0, 2026-10-03 · Global Energy Monitor, WRI GPPD, OpenStreetMap","source_url":"https://www.openstreetmap.org/relation/17387497","tech":"Onshore","commissioning_year":2004},"geometry":{"type":"Point","coordinates":[-7.764,42.417]}},{"type":"Feature","properties":{"id":"ppm-es-2552","name":"Cerro De La Punta Wind Farm","capacity_mw":24.0,"fuel_type":"wind","status":"operational","precision":"approximate","source":"powerplantmatching v0.9.0, 2026-10-03 · Global Energy Monitor, WRI GPPD, OpenStreetMap","source_url":"https://www.openstreetmap.org/relation/20319542","tech":"Onshore","commissioning_year":1999},"geometry":{"type":"Point","coordinates":[-1.385,38.986]}},{"type":"Feature","properties":{"id":"ppm-es-2578","name":"Muras Wind Farm","capacity_mw":24.0,"fuel_type":"wind","status":"operational","precision":"approximate","source":"powerplantmatching v0.9.0, 2026-10-03 · Global Energy Monitor, WRI GPPD, OpenStreetMap","source_url":"https://www.openstreetmap.org/relation/17414368","tech":"Onshore","commissioning_year":2000},"geometry":{"type":"Point","coordinates":[-7.73,43.538]}},{"type":"Feature","properties":{"id":"ppm-es-2581","name":"El Pino Wind Farm","capacity_mw":24.0,"fuel_type":"wind","status":"operational","precision":"approximate","source":"powerplantmatching v0.9.0, 2026-10-03 · Global Energy Monitor, WRI GPPD, OpenStreetMap","source_url":"https://www.openstreetmap.org/relation/13940073","tech":"Onshore","commissioning_year":2006},"geometry":{"type":"Point","coordinates":[-5.492,36.185]}},{"type":"Feature","properties":{"id":"ppm-es-2607","name":"Serra Do Cando Wind Farm","capacity_mw":24.0,"fuel_type":"wind","status":"operational","precision":"approximate","source":"powerplantmatching v0.9.0, 2026-10-03 · Global Energy Monitor, WRI GPPD, OpenStreetMap","source_url":"https://www.openstreetmap.org/relation/17448881","tech":"Onshore","commissioning_year":2000},"geometry":{"type":"Point","coordinates":[-8.394,42.469]}},{"type":"Feature","properties":{"id":"ppm-es-2625","name":"Los Bolanos Wind Farm","capacity_mw":24.0,"fuel_type":"wind","status":"operational","precision":"approximate","source":"powerplantmatching v0.9.0, 2026-10-03 · Global Energy Monitor, WRI GPPD, OpenStreetMap","source_url":"https://www.openstreetmap.org/relation/8729326","tech":"Onshore","commissioning_year":2005},"geometry":{"type":"Point","coordinates":[-6.13,36.68]}},{"type":"Feature","properties":{"id":"ppm-es-2627","name":"Los Labrados Wind Farm","capacity_mw":24.0,"fuel_type":"wind","status":"operational","precision":"approximate","source":"powerplantmatching v0.9.0, 2026-10-03 · Global Energy Monitor, WRI GPPD, OpenStreetMap","source_url":"https://www.openstreetmap.org/relation/12931997","tech":"Onshore","commissioning_year":2002},"geometry":{"type":"Point","coordinates":[-0.929,41.51]}},{"type":"Feature","properties":{"id":"ppm-es-2629","name":"Losilla Wind Farm","capacity_mw":24.0,"fuel_type":"wind","status":"operational","precision":"approximate","source":"powerplantmatching v0.9.0, 2026-10-03 · Global Energy Monitor, WRI GPPD, OpenStreetMap","source_url":"https://www.openstreetmap.org/relation/16923475","tech":"Onshore","commissioning_year":2009},"geometry":{"type":"Point","coordinates":[-1.083,38.967]}},{"type":"Feature","properties":{"id":"ppm-es-2643","name":"Nacimiento Wind Farm","capacity_mw":24.0,"fuel_type":"wind","status":"operational","precision":"approximate","source":"powerplantmatching v0.9.0, 2026-10-03 · Global Energy Monitor, WRI GPPD, OpenStreetMap","source_url":"https://www.openstreetmap.org/relation/13932718","tech":"Onshore","commissioning_year":2008},"geometry":{"type":"Point","coordinates":[-2.665,37.125]}},{"type":"Feature","properties":{"id":"ppm-es-2654","name":"Pico Gallo Wind Farm","capacity_mw":24.0,"fuel_type":"wind","status":"operational","precision":"approximate","source":"powerplantmatching v0.9.0, 2026-10-03 · Global Energy Monitor, WRI GPPD, OpenStreetMap","source_url":"https://www.openstreetmap.org/relation/17436670","tech":"Onshore","commissioning_year":2001},"geometry":{"type":"Point","coordinates":[-6.396,43.398]}},{"type":"Feature","properties":{"id":"ppm-es-3198","name":"Cantales Wind Farm","capacity_mw":24.0,"fuel_type":"wind","status":"operational","precision":"approximate","source":"powerplantmatching v0.9.0, 2026-10-03 · Global Energy Monitor, WRI GPPD, OpenStreetMap","source_url":"https://www.openstreetmap.org/relation/12991932","tech":"Onshore","commissioning_year":2007},"geometry":{"type":"Point","coordinates":[-1.352,41.701]}},{"type":"Feature","properties":{"id":"ppm-es-3204","name":"Robres Wind Farm","capacity_mw":24.0,"fuel_type":"wind","status":"operational","precision":"approximate","source":"powerplantmatching v0.9.0, 2026-10-03 · Global Energy Monitor, WRI GPPD, OpenStreetMap","source_url":"https://www.openstreetmap.org/relation/6329233","tech":"Onshore","commissioning_year":2007},"geometry":{"type":"Point","coordinates":[-0.531,41.868]}},{"type":"Feature","properties":{"id":"ppm-es-5481","name":"Caxado Wind Farm","capacity_mw":24.0,"fuel_type":"wind","status":"operational","precision":"approximate","source":"powerplantmatching v0.9.0, 2026-10-03 · Global Energy Monitor, OpenStreetMap","source_url":"https://www.openstreetmap.org/relation/17387557","tech":"Onshore","commissioning_year":2002},"geometry":{"type":"Point","coordinates":[-7.79,43.58]}},{"type":"Feature","properties":{"id":"ppm-es-5499","name":"El Marquesado Wind Farm","capacity_mw":24.0,"fuel_type":"wind","status":"operational","precision":"approximate","source":"powerplantmatching v0.9.0, 2026-10-03 · Global Energy Monitor, OpenStreetMap","source_url":"https://www.openstreetmap.org/relation/13940078","tech":"Onshore","commissioning_year":2019},"geometry":{"type":"Point","coordinates":[-6.152,36.576]}},{"type":"Feature","properties":{"id":"ppm-es-5502","name":"El Nogal Wind Farm Spain","capacity_mw":24.0,"fuel_type":"wind","status":"operational","precision":"approximate","source":"powerplantmatching v0.9.0, 2026-10-03 · Global Energy Monitor, OpenStreetMap","source_url":"https://www.openstreetmap.org/relation/18700451","tech":"Onshore","commissioning_year":2010},"geometry":{"type":"Point","coordinates":[-3.635,42.303]}},{"type":"Feature","properties":{"id":"ppm-es-5511","name":"El Gallego Wind Farm","capacity_mw":24.0,"fuel_type":"wind","status":"operational","precision":"approximate","source":"powerplantmatching v0.9.0, 2026-10-03 · Global Energy Monitor, OpenStreetMap","source_url":"https://www.openstreetmap.org/relation/13945967","tech":"Onshore","commissioning_year":2005},"geometry":{"type":"Point","coordinates":[-5.596,36.015]}},{"type":"Feature","properties":{"id":"ppm-es-5542","name":"Faladoira Wind Farm","capacity_mw":24.0,"fuel_type":"wind","status":"operational","precision":"approximate","source":"powerplantmatching v0.9.0, 2026-10-03 · Global Energy Monitor, OpenStreetMap","source_url":"https://www.openstreetmap.org/relation/17191598","tech":"Onshore","commissioning_year":2002},"geometry":{"type":"Point","coordinates":[-7.812,43.526]}},{"type":"Feature","properties":{"id":"ppm-es-5566","name":"La Magdalena Wind Farm","capacity_mw":24.0,"fuel_type":"wind","status":"operational","precision":"approximate","source":"powerplantmatching v0.9.0, 2026-10-03 · Global Energy Monitor, OpenStreetMap","source_url":"https://www.openstreetmap.org/relation/14114107","tech":"Onshore","commissioning_year":2004},"geometry":{"type":"Point","coordinates":[-3.834,43.044]}},{"type":"Feature","properties":{"id":"ppm-es-5568","name":"Jenariz Wind Farm","capacity_mw":24.0,"fuel_type":"wind","status":"operational","precision":"approximate","source":"powerplantmatching v0.9.0, 2026-10-03 · Global Energy Monitor, OpenStreetMap","source_url":"https://www.openstreetmap.org/relation/19604311","tech":"Onshore","commissioning_year":2024},"geometry":{"type":"Point","coordinates":[-1.92,42.551]}},{"type":"Feature","properties":{"id":"ppm-es-5575","name":"La Escalereta Wind Farm","capacity_mw":24.0,"fuel_type":"wind","status":"operational","precision":"approximate","source":"powerplantmatching v0.9.0, 2026-10-03 · Global Energy Monitor, OpenStreetMap","source_url":"https://www.openstreetmap.org/relation/13935893","tech":"Onshore","commissioning_year":2020},"geometry":{"type":"Point","coordinates":[-5.025,36.952]}},{"type":"Feature","properties":{"id":"ppm-es-5601","name":"Lanternoso Wind Farm","capacity_mw":24.0,"fuel_type":"wind","status":"operational","precision":"approximate","source":"powerplantmatching v0.9.0, 2026-10-03 · Global Energy Monitor, OpenStreetMap","source_url":"https://www.openstreetmap.org/relation/20316259","tech":"Onshore"},"geometry":{"type":"Point","coordinates":[-2.674,39.066]}},{"type":"Feature","properties":{"id":"ppm-es-5672","name":"Monte Seixo Wind Farm","capacity_mw":24.0,"fuel_type":"wind","status":"operational","precision":"approximate","source":"powerplantmatching v0.9.0, 2026-10-03 · Global Energy Monitor, OpenStreetMap","source_url":"https://www.openstreetmap.org/relation/17188972","tech":"Onshore","commissioning_year":2000},"geometry":{"type":"Point","coordinates":[-8.367,42.491]}},{"type":"Feature","properties":{"id":"ppm-es-5687","name":"Sargentes Wind Farm","capacity_mw":24.0,"fuel_type":"wind","status":"operational","precision":"approximate","source":"powerplantmatching v0.9.0, 2026-10-03 · Global Energy Monitor, OpenStreetMap","source_url":"https://www.openstreetmap.org/relation/14119012","tech":"Onshore","commissioning_year":2009},"geometry":{"type":"Point","coordinates":[-3.937,42.767]}},{"type":"Feature","properties":{"id":"ppm-es-5707","name":"Pozocanada Wind Farm","capacity_mw":24.0,"fuel_type":"wind","status":"operational","precision":"approximate","source":"powerplantmatching v0.9.0, 2026-10-03 · Global Energy Monitor, OpenStreetMap","source_url":"https://www.openstreetmap.org/relation/13471820","tech":"Onshore","commissioning_year":2001},"geometry":{"type":"Point","coordinates":[-1.739,38.772]}},{"type":"Feature","properties":{"id":"ppm-es-5716","name":"Torviscal Wind Farm","capacity_mw":24.0,"fuel_type":"wind","status":"operational","precision":"approximate","source":"powerplantmatching v0.9.0, 2026-10-03 · Global Energy Monitor, OpenStreetMap","source_url":"https://www.openstreetmap.org/relation/20315387","tech":"Onshore","commissioning_year":2006},"geometry":{"type":"Point","coordinates":[-2.344,38.744]}},{"type":"Feature","properties":{"id":"ppm-es-5732","name":"Sierra Del Romeral Wind Farm","capacity_mw":24.0,"fuel_type":"wind","status":"operational","precision":"approximate","source":"powerplantmatching v0.9.0, 2026-10-03 · Global Energy Monitor, OpenStreetMap","source_url":"https://www.openstreetmap.org/relation/13089305","tech":"Onshore","commissioning_year":2003},"geometry":{"type":"Point","coordinates":[-3.39,39.653]}},{"type":"Feature","properties":{"id":"ppm-es-10844","name":"Echague Wind Farm","capacity_mw":24.0,"fuel_type":"wind","status":"operational","precision":"approximate","source":"powerplantmatching v0.9.0, 2026-10-03 · Global Energy Monitor, WRI GPPD","source_url":"https://github.com/PyPSA/powerplantmatching","tech":"Onshore","commissioning_year":1999},"geometry":{"type":"Point","coordinates":[-1.597,42.67]}},{"type":"Feature","properties":{"id":"ppm-es-10956","name":"Navia Prat","capacity_mw":24.0,"fuel_type":"gas","status":"operational","precision":"approximate","source":"powerplantmatching v0.9.0, 2026-10-03 · Global Energy Monitor, WRI GPPD","source_url":"https://github.com/PyPSA/powerplantmatching","tech":"CCGT","commissioning_year":1997},"geometry":{"type":"Point","coordinates":[-6.694,43.505]}},{"type":"Feature","properties":{"id":"ppm-es-15414","name":"Coriscada Wind Farm","capacity_mw":24.0,"fuel_type":"wind","status":"operational","precision":"approximate","source":"powerplantmatching v0.9.0, 2026-10-03 · Global Energy Monitor","source_url":"https://github.com/PyPSA/powerplantmatching","tech":"Onshore","commissioning_year":2000},"geometry":{"type":"Point","coordinates":[-7.721,43.714]}},{"type":"Feature","properties":{"id":"ppm-es-16876","name":"Forgoselo Iberdrola Wind Farm","capacity_mw":24.0,"fuel_type":"wind","status":"operational","precision":"approximate","source":"powerplantmatching v0.9.0, 2026-10-03 · Global Energy Monitor","source_url":"https://github.com/PyPSA/powerplantmatching","tech":"Onshore","commissioning_year":2000},"geometry":{"type":"Point","coordinates":[-8.039,43.475]}},{"type":"Feature","properties":{"id":"ppm-es-17838","name":"Hornachos Solar Farm","capacity_mw":24.0,"fuel_type":"solar","status":"operational","precision":"approximate","source":"powerplantmatching v0.9.0, 2026-10-03 · Global Energy Monitor","source_url":"https://github.com/PyPSA/powerplantmatching","tech":"PV"},"geometry":{"type":"Point","coordinates":[-6.113,38.577]}},{"type":"Feature","properties":{"id":"ppm-es-22622","name":"Pousadoiro Fonesca Wind Farm","capacity_mw":24.0,"fuel_type":"wind","status":"operational","precision":"approximate","source":"powerplantmatching v0.9.0, 2026-10-03 · Global Energy Monitor","source_url":"https://github.com/PyPSA/powerplantmatching","tech":"Onshore","commissioning_year":2008},"geometry":{"type":"Point","coordinates":[-7.25,43.309]}},{"type":"Feature","properties":{"id":"ppm-es-23521","name":"San Francisco De Borja Wind Farm","capacity_mw":24.0,"fuel_type":"wind","status":"operational","precision":"approximate","source":"powerplantmatching v0.9.0, 2026-10-03 · Global Energy Monitor","source_url":"https://github.com/PyPSA/powerplantmatching","tech":"Onshore","commissioning_year":2021},"geometry":{"type":"Point","coordinates":[-1.509,41.893]}},{"type":"Feature","properties":{"id":"ppm-es-25459","name":"Valdesamario Wind Farm","capacity_mw":24.0,"fuel_type":"wind","status":"operational","precision":"approximate","source":"powerplantmatching v0.9.0, 2026-10-03 · Global Energy Monitor","source_url":"https://github.com/PyPSA/powerplantmatching","tech":"Onshore"},"geometry":{"type":"Point","coordinates":[-6.052,42.724]}},{"type":"Feature","properties":{"id":"ppm-es-25785","name":"Vilalba Dels Arcs Wind Farm","capacity_mw":24.0,"fuel_type":"wind","status":"operational","precision":"approximate","source":"powerplantmatching v0.9.0, 2026-10-03 · Global Energy Monitor","source_url":"https://github.com/PyPSA/powerplantmatching","tech":"Onshore","commissioning_year":2010},"geometry":{"type":"Point","coordinates":[-0.25,41.613]}},{"type":"Feature","properties":{"id":"ppm-es-10857","name":"Castile La Mancha Solar Ccclxxiv","capacity_mw":23.3,"fuel_type":"solar","status":"operational","precision":"approximate","source":"powerplantmatching v0.9.0, 2026-10-03 · Global Energy Monitor, WRI GPPD","source_url":"https://github.com/PyPSA/powerplantmatching","tech":"PV","commissioning_year":2008},"geometry":{"type":"Point","coordinates":[-1.772,39.211]}},{"type":"Feature","properties":{"id":"ppm-es-14726","name":"Castile Leon Solar Ccxxxix","capacity_mw":23.3,"fuel_type":"solar","status":"operational","precision":"approximate","source":"powerplantmatching v0.9.0, 2026-10-03 · Global Energy Monitor","source_url":"https://github.com/PyPSA/powerplantmatching","tech":"PV","commissioning_year":2017},"geometry":{"type":"Point","coordinates":[-4.877,41.026]}},{"type":"Feature","properties":{"id":"ppm-es-1539","name":"San Pedro Spain","capacity_mw":23.0,"fuel_type":"hydro","status":"operational","precision":"approximate","source":"powerplantmatching v0.9.0, 2026-10-03 · Global Energy Monitor, Global Hydropower Resources, Open Power System Data, WRI GPPD","source_url":"https://github.com/PyPSA/powerplantmatching","tech":"Reservoir","commissioning_year":1959},"geometry":{"type":"Point","coordinates":[-7.713,42.452]}},{"type":"Feature","properties":{"id":"ppm-es-5441","name":"Cabezo De San Roque Wind Farm","capacity_mw":23.0,"fuel_type":"wind","status":"operational","precision":"approximate","source":"powerplantmatching v0.9.0, 2026-10-03 · Global Energy Monitor, OpenStreetMap","source_url":"https://www.openstreetmap.org/relation/12932853","tech":"Onshore","commissioning_year":2003},"geometry":{"type":"Point","coordinates":[-1.15,41.473]}},{"type":"Feature","properties":{"id":"ppm-es-5467","name":"Coto Teixido Wind Farm","capacity_mw":23.0,"fuel_type":"wind","status":"operational","precision":"approximate","source":"powerplantmatching v0.9.0, 2026-10-03 · Global Energy Monitor, OpenStreetMap","source_url":"https://www.openstreetmap.org/relation/17509735","tech":"Onshore","commissioning_year":2002},"geometry":{"type":"Point","coordinates":[-7.73,43.52]}},{"type":"Feature","properties":{"id":"ppm-es-5615","name":"La Victoria Wind Farm","capacity_mw":23.0,"fuel_type":"wind","status":"operational","precision":"approximate","source":"powerplantmatching v0.9.0, 2026-10-03 · Global Energy Monitor, OpenStreetMap","source_url":"https://www.openstreetmap.org/relation/13940079","tech":"Onshore","commissioning_year":2006},"geometry":{"type":"Point","coordinates":[-6.079,36.424]}},{"type":"Feature","properties":{"id":"ppm-es-5730","name":"Sierra De Pinilla Wind Farm","capacity_mw":23.0,"fuel_type":"wind","status":"operational","precision":"approximate","source":"powerplantmatching v0.9.0, 2026-10-03 · Global Energy Monitor, OpenStreetMap","source_url":"https://www.openstreetmap.org/relation/20312834","tech":"Onshore","commissioning_year":2002},"geometry":{"type":"Point","coordinates":[-1.602,38.716]}},{"type":"Feature","properties":{"id":"ppm-es-10778","name":"Abertura Solar Farm","capacity_mw":23.0,"fuel_type":"solar","status":"operational","precision":"approximate","source":"powerplantmatching v0.9.0, 2026-10-03 · Global Energy Monitor, WRI GPPD","source_url":"https://github.com/PyPSA/powerplantmatching","tech":"PV","commissioning_year":2008},"geometry":{"type":"Point","coordinates":[-5.785,39.223]}},{"type":"Feature","properties":{"id":"ppm-es-10886","name":"Hoya De Los Vicentes Solar Farm","capacity_mw":23.0,"fuel_type":"solar","status":"operational","precision":"approximate","source":"powerplantmatching v0.9.0, 2026-10-03 · Global Energy Monitor, WRI GPPD","source_url":"https://github.com/PyPSA/powerplantmatching","tech":"PV","commissioning_year":2007},"geometry":{"type":"Point","coordinates":[-1.276,38.364]}},{"type":"Feature","properties":{"id":"ppm-es-16335","name":"El Barroso Wind Farm","capacity_mw":23.0,"fuel_type":"wind","status":"operational","precision":"approximate","source":"powerplantmatching v0.9.0, 2026-10-03 · Global Energy Monitor","source_url":"https://github.com/PyPSA/powerplantmatching","tech":"Onshore"},"geometry":{"type":"Point","coordinates":[-6.213,36.724]}},{"type":"Feature","properties":{"id":"ppm-es-16486","name":"Erribera Ribera Solar","capacity_mw":23.0,"fuel_type":"solar","status":"operational","precision":"approximate","source":"powerplantmatching v0.9.0, 2026-10-03 · Global Energy Monitor","source_url":"https://github.com/PyPSA/powerplantmatching","tech":"PV","commissioning_year":2020},"geometry":{"type":"Point","coordinates":[-1.666,42.115]}},{"type":"Feature","properties":{"id":"ppm-es-17881","name":"Hsf La Florida Hive Solar Farm","capacity_mw":23.0,"fuel_type":"solar","status":"construction","precision":"approximate","source":"powerplantmatching v0.9.0, 2026-10-03 · Global Energy Monitor","source_url":"https://github.com/PyPSA/powerplantmatching","tech":"PV","commissioning_year":2026},"geometry":{"type":"Point","coordinates":[-5.96,37.284]}},{"type":"Feature","properties":{"id":"ppm-es-19231","name":"La Colina Solar Farm","capacity_mw":23.0,"fuel_type":"solar","status":"operational","precision":"approximate","source":"powerplantmatching v0.9.0, 2026-10-03 · Global Energy Monitor","source_url":"https://github.com/PyPSA/powerplantmatching","tech":"PV"},"geometry":{"type":"Point","coordinates":[-3.691,40.107]}},{"type":"Feature","properties":{"id":"ppm-es-19849","name":"Linte Wind Farm","capacity_mw":23.0,"fuel_type":"wind","status":"operational","precision":"approximate","source":"powerplantmatching v0.9.0, 2026-10-03 · Global Energy Monitor","source_url":"https://github.com/PyPSA/powerplantmatching","tech":"Onshore","commissioning_year":2024},"geometry":{"type":"Point","coordinates":[-1.802,42.538]}},{"type":"Feature","properties":{"id":"ppm-es-19951","name":"Lomba Wind Farm","capacity_mw":23.0,"fuel_type":"wind","status":"operational","precision":"approximate","source":"powerplantmatching v0.9.0, 2026-10-03 · Global Energy Monitor","source_url":"https://github.com/PyPSA/powerplantmatching","tech":"Onshore","commissioning_year":2001},"geometry":{"type":"Point","coordinates":[-7.75,43.36]}},{"type":"Feature","properties":{"id":"ppm-es-20016","name":"Losan Pina","capacity_mw":23.0,"fuel_type":"gas","status":"operational","precision":"approximate","source":"powerplantmatching v0.9.0, 2026-10-03 · Global Energy Monitor","source_url":"https://github.com/PyPSA/powerplantmatching","tech":"CCGT","commissioning_year":2003},"geometry":{"type":"Point","coordinates":[-2.04,39.995]}},{"type":"Feature","properties":{"id":"ppm-es-20017","name":"Losan Talosa","capacity_mw":23.0,"fuel_type":"gas","status":"operational","precision":"approximate","source":"powerplantmatching v0.9.0, 2026-10-03 · Global Energy Monitor","source_url":"https://github.com/PyPSA/powerplantmatching","tech":"CCGT","commissioning_year":2018},"geometry":{"type":"Point","coordinates":[-2.512,41.783]}},{"type":"Feature","properties":{"id":"ppm-es-20127","name":"Luzentia Solar Farm","capacity_mw":23.0,"fuel_type":"solar","status":"operational","precision":"approximate","source":"powerplantmatching v0.9.0, 2026-10-03 · Global Energy Monitor","source_url":"https://github.com/PyPSA/powerplantmatching","tech":"PV","commissioning_year":2007},"geometry":{"type":"Point","coordinates":[-1.423,38.471]}},{"type":"Feature","properties":{"id":"ppm-es-22795","name":"Pucheruelo Wind Farm","capacity_mw":23.0,"fuel_type":"wind","status":"operational","precision":"approximate","source":"powerplantmatching v0.9.0, 2026-10-03 · Global Energy Monitor","source_url":"https://github.com/PyPSA/powerplantmatching","tech":"Onshore","commissioning_year":2012},"geometry":{"type":"Point","coordinates":[-4.682,40.478]}},{"type":"Feature","properties":{"id":"ppm-es-23208","name":"Rossello Mill","capacity_mw":23.0,"fuel_type":"gas","status":"operational","precision":"approximate","source":"powerplantmatching v0.9.0, 2026-10-03 · Global Energy Monitor","source_url":"https://github.com/PyPSA/powerplantmatching","tech":"Steam Turbine","commissioning_year":1998},"geometry":{"type":"Point","coordinates":[0.595,41.694]}},{"type":"Feature","properties":{"id":"ppm-es-10877","name":"La Corchuela Solar Farm","capacity_mw":22.6,"fuel_type":"solar","status":"operational","precision":"approximate","source":"powerplantmatching v0.9.0, 2026-10-03 · Global Energy Monitor, WRI GPPD","source_url":"https://github.com/PyPSA/powerplantmatching","tech":"PV"},"geometry":{"type":"Point","coordinates":[-7.018,38.827]}},{"type":"Feature","properties":{"id":"ppm-es-10811","name":"Calasparra Solar Farm","capacity_mw":22.3,"fuel_type":"solar","status":"operational","precision":"approximate","source":"powerplantmatching v0.9.0, 2026-10-03 · Global Energy Monitor, WRI GPPD","source_url":"https://github.com/PyPSA/powerplantmatching","tech":"PV"},"geometry":{"type":"Point","coordinates":[-1.682,38.264]}},{"type":"Feature","properties":{"id":"ppm-es-14785","name":"Castile Leon Solar Lv","capacity_mw":22.3,"fuel_type":"solar","status":"operational","precision":"approximate","source":"powerplantmatching v0.9.0, 2026-10-03 · Global Energy Monitor","source_url":"https://github.com/PyPSA/powerplantmatching","tech":"PV","commissioning_year":2017},"geometry":{"type":"Point","coordinates":[-5.548,41.529]}},{"type":"Feature","properties":{"id":"ppm-es-2555","name":"Pedra Chantada Wind Farm","capacity_mw":22.0,"fuel_type":"wind","status":"operational","precision":"approximate","source":"powerplantmatching v0.9.0, 2026-10-03 · Global Energy Monitor, WRI GPPD, OpenStreetMap","source_url":"https://www.openstreetmap.org/relation/17190508","tech":"Onshore","commissioning_year":2003},"geometry":{"type":"Point","coordinates":[-7.771,42.609]}},{"type":"Feature","properties":{"id":"ppm-es-2598","name":"Huerta Solar Almaraz Solar Farm","capacity_mw":22.0,"fuel_type":"solar","status":"operational","precision":"approximate","source":"powerplantmatching v0.9.0, 2026-10-03 · Global Energy Monitor, WRI GPPD, OpenStreetMap","source_url":"https://www.openstreetmap.org/relation/20271557","tech":"PV","commissioning_year":2008},"geometry":{"type":"Point","coordinates":[-5.66,39.836]}},{"type":"Feature","properties":{"id":"ppm-es-4298","name":"Vielha","capacity_mw":22.0,"fuel_type":"hydro","status":"operational","precision":"approximate","source":"powerplantmatching v0.9.0, 2026-10-03 · Global Hydropower Resources, Open Power System Data, WRI GPPD","source_url":"https://github.com/PyPSA/powerplantmatching","tech":"Run-Of-River","commissioning_year":1947},"geometry":{"type":"Point","coordinates":[0.796,42.702]}},{"type":"Feature","properties":{"id":"ppm-es-5399","name":"Boqueron Iberdrola Wind Farm","capacity_mw":22.0,"fuel_type":"wind","status":"operational","precision":"approximate","source":"powerplantmatching v0.9.0, 2026-10-03 · Global Energy Monitor, OpenStreetMap","source_url":"https://www.openstreetmap.org/relation/20322871","tech":"Onshore"},"geometry":{"type":"Point","coordinates":[-1.228,39.171]}},{"type":"Feature","properties":{"id":"ppm-es-5450","name":"Bosque Alto Wind Farm","capacity_mw":22.0,"fuel_type":"wind","status":"operational","precision":"approximate","source":"powerplantmatching v0.9.0, 2026-10-03 · Global Energy Monitor, OpenStreetMap","source_url":"https://www.openstreetmap.org/relation/12932002","tech":"Onshore","commissioning_year":2001},"geometry":{"type":"Point","coordinates":[-0.921,41.478]}},{"type":"Feature","properties":{"id":"ppm-es-5558","name":"La Rabia Wind Farm","capacity_mw":22.0,"fuel_type":"wind","status":"operational","precision":"approximate","source":"powerplantmatching v0.9.0, 2026-10-03 · Global Energy Monitor, OpenStreetMap","source_url":"https://www.openstreetmap.org/relation/13940085","tech":"Onshore"},"geometry":{"type":"Point","coordinates":[-6.231,36.687]}},{"type":"Feature","properties":{"id":"ppm-es-5743","name":"Sierra De Las Cabras Iberdrola Wind Farm","capacity_mw":22.0,"fuel_type":"wind","status":"operational","precision":"approximate","source":"powerplantmatching v0.9.0, 2026-10-03 · Global Energy Monitor, OpenStreetMap","source_url":"https://www.openstreetmap.org/relation/20317315","tech":"Onshore","commissioning_year":2012},"geometry":{"type":"Point","coordinates":[-1.401,38.492]}},{"type":"Feature","properties":{"id":"ppm-es-10845","name":"Ecocarburantes Espanoles","capacity_mw":22.0,"fuel_type":"gas","status":"operational","precision":"approximate","source":"powerplantmatching v0.9.0, 2026-10-03 · Global Energy Monitor, WRI GPPD","source_url":"https://github.com/PyPSA/powerplantmatching","tech":"CCGT","commissioning_year":2012},"geometry":{"type":"Point","coordinates":[-0.923,37.58]}},{"type":"Feature","properties":{"id":"ppm-es-12146","name":"Adrano Wind Farm","capacity_mw":22.0,"fuel_type":"wind","status":"operational","precision":"approximate","source":"powerplantmatching v0.9.0, 2026-10-03 · Global Energy Monitor","source_url":"https://github.com/PyPSA/powerplantmatching","tech":"Onshore","commissioning_year":2001},"geometry":{"type":"Point","coordinates":[-9.04,42.91]}},{"type":"Feature","properties":{"id":"ppm-es-12781","name":"Arganoso Wind Farm","capacity_mw":22.0,"fuel_type":"wind","status":"operational","precision":"approximate","source":"powerplantmatching v0.9.0, 2026-10-03 · Global Energy Monitor","source_url":"https://github.com/PyPSA/powerplantmatching","tech":"Onshore","commissioning_year":2007},"geometry":{"type":"Point","coordinates":[-6.289,42.534]}},{"type":"Feature","properties":{"id":"ppm-es-15052","name":"Chan Do Tenon Wind Farm","capacity_mw":22.0,"fuel_type":"wind","status":"operational","precision":"approximate","source":"powerplantmatching v0.9.0, 2026-10-03 · Global Energy Monitor","source_url":"https://github.com/PyPSA/powerplantmatching","tech":"Onshore","commissioning_year":2007},"geometry":{"type":"Point","coordinates":[-7.675,43.609]}},{"type":"Feature","properties":{"id":"ppm-es-16870","name":"Fontesilva Wind Farm","capacity_mw":22.0,"fuel_type":"wind","status":"operational","precision":"approximate","source":"powerplantmatching v0.9.0, 2026-10-03 · Global Energy Monitor","source_url":"https://github.com/PyPSA/powerplantmatching","tech":"Onshore","commissioning_year":2009},"geometry":{"type":"Point","coordinates":[-8.818,43.11]}},{"type":"Feature","properties":{"id":"ppm-es-19566","name":"Las Mazorras Wind Farm","capacity_mw":22.0,"fuel_type":"wind","status":"operational","precision":"approximate","source":"powerplantmatching v0.9.0, 2026-10-03 · Global Energy Monitor","source_url":"https://github.com/PyPSA/powerplantmatching","tech":"Onshore"},"geometry":{"type":"Point","coordinates":[-3.542,42.832]}},{"type":"Feature","properties":{"id":"ppm-es-20638","name":"Miraflores Solar Farm","capacity_mw":22.0,"fuel_type":"solar","status":"operational","precision":"approximate","source":"powerplantmatching v0.9.0, 2026-10-03 · Global Energy Monitor","source_url":"https://github.com/PyPSA/powerplantmatching","tech":"PV","commissioning_year":2022},"geometry":{"type":"Point","coordinates":[-5.545,38.75]}},{"type":"Feature","properties":{"id":"ppm-es-20792","name":"Montamarta Wind Farm","capacity_mw":22.0,"fuel_type":"wind","status":"operational","precision":"approximate","source":"powerplantmatching v0.9.0, 2026-10-03 · Global Energy Monitor","source_url":"https://github.com/PyPSA/powerplantmatching","tech":"Onshore","commissioning_year":2008},"geometry":{"type":"Point","coordinates":[-5.88,41.64]}},{"type":"Feature","properties":{"id":"ppm-es-23859","name":"Sierra De Arcas Wind Farm","capacity_mw":22.0,"fuel_type":"wind","status":"operational","precision":"approximate","source":"powerplantmatching v0.9.0, 2026-10-03 · Global Energy Monitor","source_url":"https://github.com/PyPSA/powerplantmatching","tech":"Onshore","commissioning_year":2011},"geometry":{"type":"Point","coordinates":[-4.454,37.149]}},{"type":"Feature","properties":{"id":"ppm-es-25117","name":"Torrepalma Solar Farm","capacity_mw":22.0,"fuel_type":"solar","status":"operational","precision":"approximate","source":"powerplantmatching v0.9.0, 2026-10-03 · Global Energy Monitor","source_url":"https://github.com/PyPSA/powerplantmatching","tech":"PV","commissioning_year":2021},"geometry":{"type":"Point","coordinates":[-5.798,37.453]}},{"type":"Feature","properties":{"id":"ppm-es-17788","name":"Hinojosa Solar Farm","capacity_mw":21.9,"fuel_type":"solar","status":"operational","precision":"approximate","source":"powerplantmatching v0.9.0, 2026-10-03 · Global Energy Monitor","source_url":"https://github.com/PyPSA/powerplantmatching","tech":"PV","commissioning_year":2021},"geometry":{"type":"Point","coordinates":[-6.186,38.484]}},{"type":"Feature","properties":{"id":"ppm-es-12542","name":"Andalusia Solar Ccxxi","capacity_mw":21.8,"fuel_type":"solar","status":"operational","precision":"approximate","source":"powerplantmatching v0.9.0, 2026-10-03 · Global Energy Monitor","source_url":"https://github.com/PyPSA/powerplantmatching","tech":"PV","commissioning_year":2017},"geometry":{"type":"Point","coordinates":[-5.287,38.299]}},{"type":"Feature","properties":{"id":"ppm-es-23331","name":"Sa Caseta Solar Farm","capacity_mw":21.8,"fuel_type":"solar","status":"operational","precision":"approximate","source":"powerplantmatching v0.9.0, 2026-10-03 · Global Energy Monitor","source_url":"https://github.com/PyPSA/powerplantmatching","tech":"PV"},"geometry":{"type":"Point","coordinates":[2.89,39.489]}},{"type":"Feature","properties":{"id":"ppm-es-21127","name":"Nijarmar Solar Farm","capacity_mw":21.5,"fuel_type":"solar","status":"operational","precision":"approximate","source":"powerplantmatching v0.9.0, 2026-10-03 · Global Energy Monitor","source_url":"https://github.com/PyPSA/powerplantmatching","tech":"PV","commissioning_year":2025},"geometry":{"type":"Point","coordinates":[-2.122,37.004]}},{"type":"Feature","properties":{"id":"ppm-es-2613","name":"La Plata Wind Farm","capacity_mw":21.0,"fuel_type":"wind","status":"operational","precision":"approximate","source":"powerplantmatching v0.9.0, 2026-10-03 · Global Energy Monitor, WRI GPPD, OpenStreetMap","source_url":"https://www.openstreetmap.org/relation/13089308","tech":"Onshore","commissioning_year":2004},"geometry":{"type":"Point","coordinates":[-3.351,39.999]}},{"type":"Feature","properties":{"id":"ppm-es-2695","name":"Valpardo Wind Farm","capacity_mw":21.0,"fuel_type":"wind","status":"operational","precision":"approximate","source":"powerplantmatching v0.9.0, 2026-10-03 · Global Energy Monitor, WRI GPPD, OpenStreetMap","source_url":"https://www.openstreetmap.org/relation/13207416","tech":"Onshore","commissioning_year":2006},"geometry":{"type":"Point","coordinates":[-4.412,40.594]}},{"type":"Feature","properties":{"id":"ppm-es-5408","name":"Altos De Cartagena Wind Farm","capacity_mw":21.0,"fuel_type":"wind","status":"operational","precision":"approximate","source":"powerplantmatching v0.9.0, 2026-10-03 · Global Energy Monitor, OpenStreetMap","source_url":"https://www.openstreetmap.org/relation/13200370","tech":"Onshore","commissioning_year":2002},"geometry":{"type":"Point","coordinates":[-4.34,40.63]}},{"type":"Feature","properties":{"id":"ppm-es-5432","name":"Campo De Magallon Wind Farm","capacity_mw":21.0,"fuel_type":"wind","status":"operational","precision":"approximate","source":"powerplantmatching v0.9.0, 2026-10-03 · Global Energy Monitor, OpenStreetMap","source_url":"https://www.openstreetmap.org/relation/12998218","tech":"Onshore","commissioning_year":2003},"geometry":{"type":"Point","coordinates":[-1.39,41.797]}},{"type":"Feature","properties":{"id":"ppm-es-5633","name":"Los Gigantes Wind Farm","capacity_mw":21.0,"fuel_type":"wind","status":"operational","precision":"approximate","source":"powerplantmatching v0.9.0, 2026-10-03 · Global Energy Monitor, OpenStreetMap","source_url":"https://www.openstreetmap.org/relation/12990078","tech":"Onshore"},"geometry":{"type":"Point","coordinates":[-0.896,41.098]}},{"type":"Feature","properties":{"id":"ppm-es-10812","name":"Calaveron Solar Farm","capacity_mw":21.0,"fuel_type":"solar","status":"operational","precision":"approximate","source":"powerplantmatching v0.9.0, 2026-10-03 · Global Energy Monitor, WRI GPPD","source_url":"https://github.com/PyPSA/powerplantmatching","tech":"PV","commissioning_year":2008},"geometry":{"type":"Point","coordinates":[-2.529,39.327]}},{"type":"Feature","properties":{"id":"ppm-es-10920","name":"Lanchal Wind Farm","capacity_mw":21.0,"fuel_type":"wind","status":"operational","precision":"approximate","source":"powerplantmatching v0.9.0, 2026-10-03 · Global Energy Monitor, WRI GPPD","source_url":"https://github.com/PyPSA/powerplantmatching","tech":"Onshore","commissioning_year":2012},"geometry":{"type":"Point","coordinates":[-4.467,40.634]}},{"type":"Feature","properties":{"id":"ppm-es-16422","name":"Enercrisa","capacity_mw":21.0,"fuel_type":"gas","status":"operational","precision":"approximate","source":"powerplantmatching v0.9.0, 2026-10-03 · Global Energy Monitor","source_url":"https://github.com/PyPSA/powerplantmatching","tech":"CCGT","commissioning_year":2009},"geometry":{"type":"Point","coordinates":[-3.151,42.484]}},{"type":"Feature","properties":{"id":"ppm-es-16788","name":"Figuruelas","capacity_mw":21.0,"fuel_type":"gas","status":"operational","precision":"approximate","source":"powerplantmatching v0.9.0, 2026-10-03 · Global Energy Monitor","source_url":"https://github.com/PyPSA/powerplantmatching","tech":"CCGT","commissioning_year":1993},"geometry":{"type":"Point","coordinates":[-1.18,41.752]}},{"type":"Feature","properties":{"id":"ppm-es-21807","name":"Panondres Wind Farm","capacity_mw":21.0,"fuel_type":"wind","status":"operational","precision":"approximate","source":"powerplantmatching v0.9.0, 2026-10-03 · Global Energy Monitor","source_url":"https://github.com/PyPSA/powerplantmatching","tech":"Onshore","commissioning_year":2021},"geometry":{"type":"Point","coordinates":[-6.705,43.449]}},{"type":"Feature","properties":{"id":"ppm-es-24154","name":"Soliedra Wind Farm","capacity_mw":21.0,"fuel_type":"wind","status":"operational","precision":"approximate","source":"powerplantmatching v0.9.0, 2026-10-03 · Global Energy Monitor","source_url":"https://github.com/PyPSA/powerplantmatching","tech":"Onshore"},"geometry":{"type":"Point","coordinates":[-2.346,41.444]}},{"type":"Feature","properties":{"id":"ppm-es-14443","name":"Castile La Mancha Solar Cccxxxix","capacity_mw":20.9,"fuel_type":"solar","status":"operational","precision":"approximate","source":"powerplantmatching v0.9.0, 2026-10-03 · Global Energy Monitor","source_url":"https://github.com/PyPSA/powerplantmatching","tech":"PV","commissioning_year":2023},"geometry":{"type":"Point","coordinates":[-4.005,38.625]}},{"type":"Feature","properties":{"id":"ppm-es-9773","name":"Rioboo","capacity_mw":20.8,"fuel_type":"wind","status":"operational","precision":"approximate","source":"powerplantmatching v0.9.0, 2026-10-03 · WRI GPPD, OpenStreetMap","source_url":"https://www.openstreetmap.org/relation/17387636","tech":"Onshore","commissioning_year":2006},"geometry":{"type":"Point","coordinates":[-7.95,42.633]}},{"type":"Feature","properties":{"id":"ppm-es-14221","name":"Campo De Gibraltar Solar","capacity_mw":20.7,"fuel_type":"solar","status":"operational","precision":"approximate","source":"powerplantmatching v0.9.0, 2026-10-03 · Global Energy Monitor","source_url":"https://github.com/PyPSA/powerplantmatching","tech":"PV","commissioning_year":2017},"geometry":{"type":"Point","coordinates":[-5.436,36.197]}},{"type":"Feature","properties":{"id":"ppm-es-12518","name":"Andalusia Solar","capacity_mw":20.5,"fuel_type":"solar","status":"operational","precision":"approximate","source":"powerplantmatching v0.9.0, 2026-10-03 · Global Energy Monitor","source_url":"https://github.com/PyPSA/powerplantmatching","tech":"PV","commissioning_year":2020},"geometry":{"type":"Point","coordinates":[-5.746,37.416]}},{"type":"Feature","properties":{"id":"ppm-es-12446","name":"Alto De Croa Wind Farm","capacity_mw":20.4,"fuel_type":"wind","status":"operational","precision":"approximate","source":"powerplantmatching v0.9.0, 2026-10-03 · Global Energy Monitor","source_url":"https://github.com/PyPSA/powerplantmatching","tech":"Onshore","commissioning_year":2021},"geometry":{"type":"Point","coordinates":[-9.051,43.016]}},{"type":"Feature","properties":{"id":"ppm-es-10236","name":"Sahechores","capacity_mw":20.2,"fuel_type":"hydro","status":"operational","precision":"approximate","source":"powerplantmatching v0.9.0, 2026-10-03 · Global Hydropower Resources, WRI GPPD","source_url":"https://github.com/PyPSA/powerplantmatching","commissioning_year":1970},"geometry":{"type":"Point","coordinates":[-5.175,42.656]}},{"type":"Feature","properties":{"id":"ppm-es-1383","name":"Las Picadas","capacity_mw":20.0,"fuel_type":"hydro","status":"operational","precision":"approximate","source":"powerplantmatching v0.9.0, 2026-10-03 · JRC (European Commission), Global Hydropower Resources, Open Power System Data, WRI GPPD","source_url":"https://github.com/PyPSA/powerplantmatching","tech":"Reservoir","commissioning_year":1952},"geometry":{"type":"Point","coordinates":[-4.249,40.333]}},{"type":"Feature","properties":{"id":"ppm-es-2255","name":"Domeno","capacity_mw":20.0,"fuel_type":"hydro","status":"operational","precision":"approximate","source":"powerplantmatching v0.9.0, 2026-10-03 · JRC (European Commission), Global Hydropower Resources, WRI GPPD, OpenStreetMap","source_url":"https://www.openstreetmap.org/way/821887963","tech":"Reservoir","commissioning_year":1920},"geometry":{"type":"Point","coordinates":[-0.929,39.739]}},{"type":"Feature","properties":{"id":"ppm-es-2507","name":"El Cerro Wind Farm","capacity_mw":20.0,"fuel_type":"wind","status":"operational","precision":"approximate","source":"powerplantmatching v0.9.0, 2026-10-03 · Global Energy Monitor, WRI GPPD, OpenStreetMap","source_url":"https://www.openstreetmap.org/relation/14114235","tech":"Onshore","commissioning_year":2001},"geometry":{"type":"Point","coordinates":[-5.917,40.317]}},{"type":"Feature","properties":{"id":"ppm-es-2510","name":"El Pandero Wind Farm","capacity_mw":20.0,"fuel_type":"wind","status":"operational","precision":"approximate","source":"powerplantmatching v0.9.0, 2026-10-03 · Global Energy Monitor, WRI GPPD, OpenStreetMap","source_url":"https://www.openstreetmap.org/relation/13945975","tech":"Onshore","commissioning_year":2007},"geometry":{"type":"Point","coordinates":[-5.591,36.017]}},{"type":"Feature","properties":{"id":"ppm-es-2514","name":"El Perdon Wind Farm","capacity_mw":20.0,"fuel_type":"wind","status":"operational","precision":"approximate","source":"powerplantmatching v0.9.0, 2026-10-03 · Global Energy Monitor, WRI GPPD, OpenStreetMap","source_url":"https://www.openstreetmap.org/relation/17023626","tech":"Onshore","commissioning_year":1994},"geometry":{"type":"Point","coordinates":[-1.74,42.73]}},{"type":"Feature","properties":{"id":"ppm-es-2579","name":"El Pical Wind Farm","capacity_mw":20.0,"fuel_type":"wind","status":"operational","precision":"approximate","source":"powerplantmatching v0.9.0, 2026-10-03 · Global Energy Monitor, WRI GPPD, OpenStreetMap","source_url":"https://www.openstreetmap.org/relation/17056941","tech":"Onshore","commissioning_year":2001},"geometry":{"type":"Point","coordinates":[-4.27,42.91]}},{"type":"Feature","properties":{"id":"ppm-es-2586","name":"El Tablado Wind Farm","capacity_mw":20.0,"fuel_type":"wind","status":"operational","precision":"approximate","source":"powerplantmatching v0.9.0, 2026-10-03 · Global Energy Monitor, WRI GPPD, OpenStreetMap","source_url":"https://www.openstreetmap.org/relation/12934244","tech":"Onshore","commissioning_year":1999},"geometry":{"type":"Point","coordinates":[-1.834,41.693]}},{"type":"Feature","properties":{"id":"ppm-es-2608","name":"Serra Do Paramo Wind Farm","capacity_mw":20.0,"fuel_type":"wind","status":"operational","precision":"approximate","source":"powerplantmatching v0.9.0, 2026-10-03 · Global Energy Monitor, WRI GPPD, OpenStreetMap","source_url":"https://www.openstreetmap.org/relation/17189631","tech":"Onshore","commissioning_year":2008},"geometry":{"type":"Point","coordinates":[-7.497,42.809]}},{"type":"Feature","properties":{"id":"ppm-es-5400","name":"Atalaya De La Solana Wind Farm","capacity_mw":20.0,"fuel_type":"wind","status":"operational","precision":"approximate","source":"powerplantmatching v0.9.0, 2026-10-03 · Global Energy Monitor, OpenStreetMap","source_url":"https://www.openstreetmap.org/relation/17228463","tech":"Onshore","commissioning_year":2003},"geometry":{"type":"Point","coordinates":[-2.055,38.76]}},{"type":"Feature","properties":{"id":"ppm-es-5463","name":"Dos Pueblos Wind Farm","capacity_mw":20.0,"fuel_type":"wind","status":"operational","precision":"approximate","source":"powerplantmatching v0.9.0, 2026-10-03 · Global Energy Monitor, OpenStreetMap","source_url":"https://www.openstreetmap.org/relation/13061912","tech":"Onshore","commissioning_year":2008},"geometry":{"type":"Point","coordinates":[-2.94,41.28]}},{"type":"Feature","properties":{"id":"ppm-es-5504","name":"El Campo Wind Farm Spain","capacity_mw":20.0,"fuel_type":"wind","status":"operational","precision":"approximate","source":"powerplantmatching v0.9.0, 2026-10-03 · Global Energy Monitor, OpenStreetMap","source_url":"https://www.openstreetmap.org/relation/12998509","tech":"Onshore","commissioning_year":2019},"geometry":{"type":"Point","coordinates":[-1.5,41.911]}},{"type":"Feature","properties":{"id":"ppm-es-5515","name":"El Baldio Solar Farm","capacity_mw":20.0,"fuel_type":"solar","status":"operational","precision":"approximate","source":"powerplantmatching v0.9.0, 2026-10-03 · Global Energy Monitor, OpenStreetMap","source_url":"https://www.openstreetmap.org/way/1065524726","tech":"PV","commissioning_year":2019},"geometry":{"type":"Point","coordinates":[-5.699,39.965]}},{"type":"Feature","properties":{"id":"ppm-es-5578","name":"Hilada Honda Wind Farm","capacity_mw":20.0,"fuel_type":"wind","status":"operational","precision":"approximate","source":"powerplantmatching v0.9.0, 2026-10-03 · Global Energy Monitor, OpenStreetMap","source_url":"https://www.openstreetmap.org/relation/12848327","tech":"Onshore","commissioning_year":2021},"geometry":{"type":"Point","coordinates":[-0.999,41.136]}},{"type":"Feature","properties":{"id":"ppm-es-5599","name":"Las Zorerras Wind Farm","capacity_mw":20.0,"fuel_type":"wind","status":"operational","precision":"approximate","source":"powerplantmatching v0.9.0, 2026-10-03 · Global Energy Monitor, OpenStreetMap","source_url":"https://www.openstreetmap.org/relation/13945974","tech":"Onshore"},"geometry":{"type":"Point","coordinates":[-5.815,36.135]}},{"type":"Feature","properties":{"id":"ppm-es-5636","name":"Los Llanos Naturgy Wind Farm","capacity_mw":20.0,"fuel_type":"wind","status":"operational","precision":"approximate","source":"powerplantmatching v0.9.0, 2026-10-03 · Global Energy Monitor, OpenStreetMap","source_url":"https://www.openstreetmap.org/relation/13940069","tech":"Onshore","commissioning_year":2000},"geometry":{"type":"Point","coordinates":[-5.284,36.389]}},{"type":"Feature","properties":{"id":"ppm-es-5641","name":"Loma De Ayala Wind Farm","capacity_mw":20.0,"fuel_type":"wind","status":"operational","precision":"approximate","source":"powerplantmatching v0.9.0, 2026-10-03 · Global Energy Monitor, OpenStreetMap","source_url":"https://www.openstreetmap.org/relation/13932720","tech":"Onshore"},"geometry":{"type":"Point","coordinates":[-2.688,37.154]}},{"type":"Feature","properties":{"id":"ppm-es-5651","name":"Pena Nebina Wind Farm","capacity_mw":20.0,"fuel_type":"wind","status":"operational","precision":"approximate","source":"powerplantmatching v0.9.0, 2026-10-03 · Global Energy Monitor, OpenStreetMap","source_url":"https://www.openstreetmap.org/relation/20251125","tech":"Onshore","commissioning_year":2011},"geometry":{"type":"Point","coordinates":[-6.064,41.782]}},{"type":"Feature","properties":{"id":"ppm-es-5711","name":"Quintanilla Wind Farm","capacity_mw":20.0,"fuel_type":"wind","status":"operational","precision":"approximate","source":"powerplantmatching v0.9.0, 2026-10-03 · Global Energy Monitor, OpenStreetMap","source_url":"https://www.openstreetmap.org/relation/13996367","tech":"Onshore","commissioning_year":2009},"geometry":{"type":"Point","coordinates":[-3.672,42.59]}},{"type":"Feature","properties":{"id":"ppm-es-5731","name":"Sierra Del Buey Wind Farm","capacity_mw":20.0,"fuel_type":"wind","status":"operational","precision":"approximate","source":"powerplantmatching v0.9.0, 2026-10-03 · Global Energy Monitor, OpenStreetMap","source_url":"https://www.openstreetmap.org/relation/20316430","tech":"Onshore","commissioning_year":2003},"geometry":{"type":"Point","coordinates":[-1.241,38.52]}},{"type":"Feature","properties":{"id":"ppm-es-5735","name":"Sierro Wind Farm","capacity_mw":20.0,"fuel_type":"wind","status":"operational","precision":"approximate","source":"powerplantmatching v0.9.0, 2026-10-03 · Global Energy Monitor, OpenStreetMap","source_url":"https://www.openstreetmap.org/relation/13065827","tech":"Onshore","commissioning_year":2004},"geometry":{"type":"Point","coordinates":[-2.995,41.3]}},{"type":"Feature","properties":{"id":"ppm-es-5762","name":"Vieiro Wind Farm","capacity_mw":20.0,"fuel_type":"wind","status":"operational","precision":"approximate","source":"powerplantmatching v0.9.0, 2026-10-03 · Global Energy Monitor, OpenStreetMap","source_url":"https://www.openstreetmap.org/relation/17531361","tech":"Onshore","commissioning_year":2008},"geometry":{"type":"Point","coordinates":[-7.989,42.095]}},{"type":"Feature","properties":{"id":"ppm-es-10803","name":"Carba Wind Farm","capacity_mw":20.0,"fuel_type":"wind","status":"operational","precision":"approximate","source":"powerplantmatching v0.9.0, 2026-10-03 · Global Energy Monitor, WRI GPPD","source_url":"https://github.com/PyPSA/powerplantmatching","tech":"Onshore","commissioning_year":2001},"geometry":{"type":"Point","coordinates":[-7.64,43.42]}},{"type":"Feature","properties":{"id":"ppm-es-10832","name":"El Cuervo Chico Solar Farm","capacity_mw":20.0,"fuel_type":"solar","status":"operational","precision":"approximate","source":"powerplantmatching v0.9.0, 2026-10-03 · Global Energy Monitor, WRI GPPD","source_url":"https://github.com/PyPSA/powerplantmatching","tech":"PV"},"geometry":{"type":"Point","coordinates":[-6.07,36.836]}},{"type":"Feature","properties":{"id":"ppm-es-10846","name":"El Bonillo Solar Farm","capacity_mw":20.0,"fuel_type":"solar","status":"operational","precision":"approximate","source":"powerplantmatching v0.9.0, 2026-10-03 · Global Energy Monitor, WRI GPPD","source_url":"https://github.com/PyPSA/powerplantmatching","tech":"PV","commissioning_year":2008},"geometry":{"type":"Point","coordinates":[-2.55,38.917]}},{"type":"Feature","properties":{"id":"ppm-es-10847","name":"El Coronil Solar Farm","capacity_mw":20.0,"fuel_type":"solar","status":"operational","precision":"approximate","source":"powerplantmatching v0.9.0, 2026-10-03 · Global Energy Monitor, WRI GPPD","source_url":"https://github.com/PyPSA/powerplantmatching","tech":"PV","commissioning_year":2014},"geometry":{"type":"Point","coordinates":[-5.631,37.094]}},{"type":"Feature","properties":{"id":"ppm-es-10987","name":"Soan Wind Farm","capacity_mw":20.0,"fuel_type":"wind","status":"operational","precision":"approximate","source":"powerplantmatching v0.9.0, 2026-10-03 · Global Energy Monitor, WRI GPPD","source_url":"https://github.com/PyPSA/powerplantmatching","tech":"Onshore","commissioning_year":1999},"geometry":{"type":"Point","coordinates":[-6.467,38.4]}},{"type":"Feature","properties":{"id":"ppm-es-11975","name":"Compuerto","capacity_mw":20.0,"fuel_type":"hydro","status":"operational","precision":"approximate","source":"powerplantmatching v0.9.0, 2026-10-03 · Open Power System Data, OpenStreetMap","source_url":"https://www.openstreetmap.org/way/450337213","tech":"Reservoir","commissioning_year":1967},"geometry":{"type":"Point","coordinates":[-4.845,42.824]}},{"type":"Feature","properties":{"id":"ppm-es-13596","name":"Biscay Marine Energy Platform Wind Farm","capacity_mw":20.0,"fuel_type":"wind","status":"operational","precision":"approximate","source":"powerplantmatching v0.9.0, 2026-10-03 · Global Energy Monitor","source_url":"https://github.com/PyPSA/powerplantmatching","tech":"Offshore","commissioning_year":2015},"geometry":{"type":"Point","coordinates":[-2.88,43.465]}},{"type":"Feature","properties":{"id":"ppm-es-15425","name":"Cosentino Solar Farm","capacity_mw":20.0,"fuel_type":"solar","status":"operational","precision":"approximate","source":"powerplantmatching v0.9.0, 2026-10-03 · Global Energy Monitor","source_url":"https://github.com/PyPSA/powerplantmatching","tech":"PV","commissioning_year":2022},"geometry":{"type":"Point","coordinates":[-2.243,37.366]}},{"type":"Feature","properties":{"id":"ppm-es-16708","name":"Farrapa Wind Farm","capacity_mw":20.0,"fuel_type":"wind","status":"operational","precision":"approximate","source":"powerplantmatching v0.9.0, 2026-10-03 · Global Energy Monitor","source_url":"https://github.com/PyPSA/powerplantmatching","tech":"Onshore","commissioning_year":2008},"geometry":{"type":"Point","coordinates":[-7.364,43.383]}},{"type":"Feature","properties":{"id":"ppm-es-17358","name":"Graiade Wind Farm","capacity_mw":20.0,"fuel_type":"wind","status":"operational","precision":"approximate","source":"powerplantmatching v0.9.0, 2026-10-03 · Global Energy Monitor","source_url":"https://github.com/PyPSA/powerplantmatching","tech":"Onshore","commissioning_year":2008},"geometry":{"type":"Point","coordinates":[-9.005,42.726]}},{"type":"Feature","properties":{"id":"ppm-es-18026","name":"Irixo Wind Farm","capacity_mw":20.0,"fuel_type":"wind","status":"operational","precision":"approximate","source":"powerplantmatching v0.9.0, 2026-10-03 · Global Energy Monitor","source_url":"https://github.com/PyPSA/powerplantmatching","tech":"Onshore","commissioning_year":2007},"geometry":{"type":"Point","coordinates":[-8.11,42.52]}},{"type":"Feature","properties":{"id":"ppm-es-19568","name":"Las Sardas Wind Farm","capacity_mw":20.0,"fuel_type":"wind","status":"operational","precision":"approximate","source":"powerplantmatching v0.9.0, 2026-10-03 · Global Energy Monitor","source_url":"https://github.com/PyPSA/powerplantmatching","tech":"Onshore"},"geometry":{"type":"Point","coordinates":[-0.507,41.681]}},{"type":"Feature","properties":{"id":"ppm-es-20511","name":"Merida Biomass","capacity_mw":20.0,"fuel_type":"biomass","status":"operational","precision":"approximate","source":"powerplantmatching v0.9.0, 2026-10-03 · Global Energy Monitor","source_url":"https://github.com/PyPSA/powerplantmatching","commissioning_year":2014},"geometry":{"type":"Point","coordinates":[-6.359,38.854]}},{"type":"Feature","properties":{"id":"ppm-es-22236","name":"Piedrahita Wind Farm","capacity_mw":20.0,"fuel_type":"wind","status":"operational","precision":"approximate","source":"powerplantmatching v0.9.0, 2026-10-03 · Global Energy Monitor","source_url":"https://github.com/PyPSA/powerplantmatching","tech":"Onshore"},"geometry":{"type":"Point","coordinates":[-1.089,41.033]}},{"type":"Feature","properties":{"id":"ppm-es-22484","name":"Poblete Solar Farm","capacity_mw":20.0,"fuel_type":"solar","status":"operational","precision":"approximate","source":"powerplantmatching v0.9.0, 2026-10-03 · Global Energy Monitor","source_url":"https://github.com/PyPSA/powerplantmatching","tech":"PV","commissioning_year":2023},"geometry":{"type":"Point","coordinates":[-3.982,38.936]}},{"type":"Feature","properties":{"id":"ppm-es-23870","name":"Sierra Sesnandez Wind Farm","capacity_mw":20.0,"fuel_type":"wind","status":"operational","precision":"approximate","source":"powerplantmatching v0.9.0, 2026-10-03 · Global Energy Monitor","source_url":"https://github.com/PyPSA/powerplantmatching","tech":"Onshore","commissioning_year":2012},"geometry":{"type":"Point","coordinates":[-6.05,41.771]}},{"type":"Feature","properties":{"id":"ppm-es-25816","name":"Villanueva Navarra Wind Farm","capacity_mw":20.0,"fuel_type":"wind","status":"operational","precision":"approximate","source":"powerplantmatching v0.9.0, 2026-10-03 · Global Energy Monitor","source_url":"https://github.com/PyPSA/powerplantmatching","tech":"Onshore","commissioning_year":2000},"geometry":{"type":"Point","coordinates":[-1.799,42.746]}},{"type":"Feature","properties":{"id":"ppm-es-1714","name":"Gemasolar Csp Solar Farm","capacity_mw":19.9,"fuel_type":"solar","status":"operational","precision":"approximate","source":"powerplantmatching v0.9.0, 2026-10-03 · Global Energy Monitor, EESI, OpenStreetMap, GEO","source_url":"https://www.openstreetmap.org/way/193770100","tech":"Csp","commissioning_year":2011},"geometry":{"type":"Point","coordinates":[-5.326,37.558]}},{"type":"Feature","properties":{"id":"ppm-es-10855","name":"Daimiel Solar","capacity_mw":19.9,"fuel_type":"solar","status":"operational","precision":"approximate","source":"powerplantmatching v0.9.0, 2026-10-03 · Global Energy Monitor, WRI GPPD","source_url":"https://github.com/PyPSA/powerplantmatching","tech":"PV","commissioning_year":2023},"geometry":{"type":"Point","coordinates":[-3.571,38.994]}},{"type":"Feature","properties":{"id":"ppm-es-9715","name":"De Barbanza","capacity_mw":19.8,"fuel_type":"wind","status":"operational","precision":"approximate","source":"powerplantmatching v0.9.0, 2026-10-03 · WRI GPPD, OpenStreetMap","source_url":"https://www.openstreetmap.org/relation/17526583","tech":"Onshore"},"geometry":{"type":"Point","coordinates":[-9.005,42.725]}},{"type":"Feature","properties":{"id":"ppm-es-10810","name":"Caceres Solar","capacity_mw":19.8,"fuel_type":"solar","status":"operational","precision":"approximate","source":"powerplantmatching v0.9.0, 2026-10-03 · Global Energy Monitor, WRI GPPD","source_url":"https://github.com/PyPSA/powerplantmatching","tech":"PV","commissioning_year":2023},"geometry":{"type":"Point","coordinates":[-6.308,39.463]}},{"type":"Feature","properties":{"id":"ppm-es-12550","name":"Andalusia Solar Clix","capacity_mw":19.8,"fuel_type":"solar","status":"operational","precision":"approximate","source":"powerplantmatching v0.9.0, 2026-10-03 · Global Energy Monitor","source_url":"https://github.com/PyPSA/powerplantmatching","tech":"PV","commissioning_year":2021},"geometry":{"type":"Point","coordinates":[-3.883,37.455]}},{"type":"Feature","properties":{"id":"ppm-es-16655","name":"Extremadura Solar Xci","capacity_mw":19.7,"fuel_type":"solar","status":"operational","precision":"approximate","source":"powerplantmatching v0.9.0, 2026-10-03 · Global Energy Monitor","source_url":"https://github.com/PyPSA/powerplantmatching","tech":"PV","commissioning_year":2017},"geometry":{"type":"Point","coordinates":[-5.633,39.838]}},{"type":"Feature","properties":{"id":"ppm-es-7359","name":"Benageber","capacity_mw":19.4,"fuel_type":"hydro","status":"operational","precision":"approximate","source":"powerplantmatching v0.9.0, 2026-10-03 · Open Power System Data, WRI GPPD","source_url":"https://github.com/PyPSA/powerplantmatching","tech":"Reservoir","commissioning_year":1996},"geometry":{"type":"Point","coordinates":[-1.1,39.717]}},{"type":"Feature","properties":{"id":"ppm-es-10825","name":"Almodovar Del Rio Solar","capacity_mw":19.3,"fuel_type":"solar","status":"operational","precision":"approximate","source":"powerplantmatching v0.9.0, 2026-10-03 · Global Energy Monitor, WRI GPPD","source_url":"https://github.com/PyPSA/powerplantmatching","tech":"PV","commissioning_year":2008},"geometry":{"type":"Point","coordinates":[-4.976,37.838]}},{"type":"Feature","properties":{"id":"ppm-es-23077","name":"Rio Mula Solar","capacity_mw":19.2,"fuel_type":"solar","status":"operational","precision":"approximate","source":"powerplantmatching v0.9.0, 2026-10-03 · Global Energy Monitor","source_url":"https://github.com/PyPSA/powerplantmatching","tech":"PV","commissioning_year":2018},"geometry":{"type":"Point","coordinates":[-1.373,37.988]}},{"type":"Feature","properties":{"id":"ppm-es-12332","name":"Albacete Tinajeros Solar","capacity_mw":19.1,"fuel_type":"solar","status":"operational","precision":"approximate","source":"powerplantmatching v0.9.0, 2026-10-03 · Global Energy Monitor","source_url":"https://github.com/PyPSA/powerplantmatching","tech":"PV","commissioning_year":2017},"geometry":{"type":"Point","coordinates":[-1.792,39.046]}},{"type":"Feature","properties":{"id":"ppm-es-14523","name":"Castile La Mancha Solar Clxxiii","capacity_mw":19.1,"fuel_type":"solar","status":"operational","precision":"approximate","source":"powerplantmatching v0.9.0, 2026-10-03 · Global Energy Monitor","source_url":"https://github.com/PyPSA/powerplantmatching","tech":"PV","commissioning_year":2017},"geometry":{"type":"Point","coordinates":[-3.767,38.742]}},{"type":"Feature","properties":{"id":"ppm-es-16619","name":"Extremadura Solar Cviii","capacity_mw":19.1,"fuel_type":"solar","status":"operational","precision":"approximate","source":"powerplantmatching v0.9.0, 2026-10-03 · Global Energy Monitor","source_url":"https://github.com/PyPSA/powerplantmatching","tech":"PV","commissioning_year":2021},"geometry":{"type":"Point","coordinates":[-6.152,39.334]}},{"type":"Feature","properties":{"id":"ppm-es-16662","name":"Extremadura Solar Xiii","capacity_mw":19.1,"fuel_type":"solar","status":"operational","precision":"approximate","source":"powerplantmatching v0.9.0, 2026-10-03 · Global Energy Monitor","source_url":"https://github.com/PyPSA/powerplantmatching","tech":"PV","commissioning_year":2017},"geometry":{"type":"Point","coordinates":[-6.333,38.794]}},{"type":"Feature","properties":{"id":"ppm-es-2593","name":"Labrada Wind Farm","capacity_mw":19.0,"fuel_type":"wind","status":"operational","precision":"approximate","source":"powerplantmatching v0.9.0, 2026-10-03 · Global Energy Monitor, WRI GPPD, OpenStreetMap","source_url":"https://www.openstreetmap.org/relation/17402828","tech":"Onshore","commissioning_year":2003},"geometry":{"type":"Point","coordinates":[-7.48,43.36]}},{"type":"Feature","properties":{"id":"ppm-es-2684","name":"Sos Del Rey Catolico Wind Farm","capacity_mw":19.0,"fuel_type":"wind","status":"operational","precision":"approximate","source":"powerplantmatching v0.9.0, 2026-10-03 · Global Energy Monitor, WRI GPPD, OpenStreetMap","source_url":"https://www.openstreetmap.org/relation/12999229","tech":"Onshore","commissioning_year":2001},"geometry":{"type":"Point","coordinates":[-1.262,42.491]}},{"type":"Feature","properties":{"id":"ppm-es-5585","name":"Leitza Beruete Wind Farm","capacity_mw":19.0,"fuel_type":"wind","status":"operational","precision":"approximate","source":"powerplantmatching v0.9.0, 2026-10-03 · Global Energy Monitor, OpenStreetMap","source_url":"https://www.openstreetmap.org/relation/8391406","tech":"Onshore","commissioning_year":1996},"geometry":{"type":"Point","coordinates":[-1.86,43.068]}},{"type":"Feature","properties":{"id":"ppm-es-5612","name":"La Sotonera Wind Farm","capacity_mw":19.0,"fuel_type":"wind","status":"operational","precision":"approximate","source":"powerplantmatching v0.9.0, 2026-10-03 · Global Energy Monitor, OpenStreetMap","source_url":"https://www.openstreetmap.org/relation/12999076","tech":"Onshore","commissioning_year":2005},"geometry":{"type":"Point","coordinates":[-0.719,42.087]}},{"type":"Feature","properties":{"id":"ppm-es-5656","name":"Novo Wind Farm","capacity_mw":19.0,"fuel_type":"wind","status":"operational","precision":"approximate","source":"powerplantmatching v0.9.0, 2026-10-03 · Global Energy Monitor, OpenStreetMap","source_url":"https://www.openstreetmap.org/relation/17406063","tech":"Onshore","commissioning_year":2002},"geometry":{"type":"Point","coordinates":[-8.121,43.584]}},{"type":"Feature","properties":{"id":"ppm-es-10801","name":"Canalejas Wind Farm","capacity_mw":19.0,"fuel_type":"wind","status":"operational","precision":"approximate","source":"powerplantmatching v0.9.0, 2026-10-03 · Global Energy Monitor, WRI GPPD","source_url":"https://github.com/PyPSA/powerplantmatching","tech":"Onshore","commissioning_year":2005},"geometry":{"type":"Point","coordinates":[-0.75,39.85]}},{"type":"Feature","properties":{"id":"ppm-es-10941","name":"Salajones Wind Farm","capacity_mw":19.0,"fuel_type":"wind","status":"operational","precision":"approximate","source":"powerplantmatching v0.9.0, 2026-10-03 · Global Energy Monitor, WRI GPPD","source_url":"https://github.com/PyPSA/powerplantmatching","tech":"Onshore","commissioning_year":1999},"geometry":{"type":"Point","coordinates":[-1.308,42.608]}},{"type":"Feature","properties":{"id":"ppm-es-12311","name":"Alabe Cuadramon Wind Farm","capacity_mw":19.0,"fuel_type":"wind","status":"operational","precision":"approximate","source":"powerplantmatching v0.9.0, 2026-10-03 · Global Energy Monitor","source_url":"https://github.com/PyPSA/powerplantmatching","tech":"Onshore","commissioning_year":2000},"geometry":{"type":"Point","coordinates":[-7.42,43.44]}},{"type":"Feature","properties":{"id":"ppm-es-13119","name":"Baldio Solar Farm","capacity_mw":19.0,"fuel_type":"solar","status":"operational","precision":"approximate","source":"powerplantmatching v0.9.0, 2026-10-03 · Global Energy Monitor","source_url":"https://github.com/PyPSA/powerplantmatching","tech":"PV"},"geometry":{"type":"Point","coordinates":[-2.018,40.298]}},{"type":"Feature","properties":{"id":"ppm-es-14366","name":"Castile La Mancha Solar Cccliv","capacity_mw":19.0,"fuel_type":"solar","status":"operational","precision":"approximate","source":"powerplantmatching v0.9.0, 2026-10-03 · Global Energy Monitor","source_url":"https://github.com/PyPSA/powerplantmatching","tech":"PV","commissioning_year":2024},"geometry":{"type":"Point","coordinates":[-1.63,39.551]}},{"type":"Feature","properties":{"id":"ppm-es-14453","name":"Castile La Mancha Solar Cclvii","capacity_mw":19.0,"fuel_type":"solar","status":"operational","precision":"approximate","source":"powerplantmatching v0.9.0, 2026-10-03 · Global Energy Monitor","source_url":"https://github.com/PyPSA/powerplantmatching","tech":"PV","commissioning_year":2020},"geometry":{"type":"Point","coordinates":[-1.886,38.312]}},{"type":"Feature","properties":{"id":"ppm-es-25811","name":"Villamanan Solar Farm","capacity_mw":19.0,"fuel_type":"solar","status":"construction","precision":"approximate","source":"powerplantmatching v0.9.0, 2026-10-03 · Global Energy Monitor","source_url":"https://github.com/PyPSA/powerplantmatching","tech":"PV","commissioning_year":2026},"geometry":{"type":"Point","coordinates":[-5.591,42.316]}},{"type":"Feature","properties":{"id":"ppm-es-19270","name":"La Robla Solar","capacity_mw":18.9,"fuel_type":"solar","status":"operational","precision":"approximate","source":"powerplantmatching v0.9.0, 2026-10-03 · Global Energy Monitor","source_url":"https://github.com/PyPSA/powerplantmatching","tech":"PV","commissioning_year":2017},"geometry":{"type":"Point","coordinates":[-5.587,42.696]}},{"type":"Feature","properties":{"id":"ppm-es-24489","name":"Stellantis Vigo Solar Farm","capacity_mw":18.8,"fuel_type":"solar","status":"operational","precision":"approximate","source":"powerplantmatching v0.9.0, 2026-10-03 · Global Energy Monitor","source_url":"https://github.com/PyPSA/powerplantmatching","tech":"PV","commissioning_year":2025},"geometry":{"type":"Point","coordinates":[-8.742,42.208]}},{"type":"Feature","properties":{"id":"ppm-es-14380","name":"Castile La Mancha Solar Ccclxviii","capacity_mw":18.5,"fuel_type":"solar","status":"operational","precision":"approximate","source":"powerplantmatching v0.9.0, 2026-10-03 · Global Energy Monitor","source_url":"https://github.com/PyPSA/powerplantmatching","tech":"PV","commissioning_year":2017},"geometry":{"type":"Point","coordinates":[-2.783,39.257]}},{"type":"Feature","properties":{"id":"ppm-es-14481","name":"Castile La Mancha Solar Ccxcvi","capacity_mw":18.5,"fuel_type":"solar","status":"operational","precision":"approximate","source":"powerplantmatching v0.9.0, 2026-10-03 · Global Energy Monitor","source_url":"https://github.com/PyPSA/powerplantmatching","tech":"PV","commissioning_year":2024},"geometry":{"type":"Point","coordinates":[-4.217,38.703]}},{"type":"Feature","properties":{"id":"ppm-es-15597","name":"Cuenca Minera Solar","capacity_mw":18.5,"fuel_type":"solar","status":"operational","precision":"approximate","source":"powerplantmatching v0.9.0, 2026-10-03 · Global Energy Monitor","source_url":"https://github.com/PyPSA/powerplantmatching","tech":"PV","commissioning_year":2024},"geometry":{"type":"Point","coordinates":[-6.575,37.715]}},{"type":"Feature","properties":{"id":"ppm-es-14804","name":"Castile Leon Solar Xciii","capacity_mw":18.3,"fuel_type":"solar","status":"operational","precision":"approximate","source":"powerplantmatching v0.9.0, 2026-10-03 · Global Energy Monitor","source_url":"https://github.com/PyPSA/powerplantmatching","tech":"PV","commissioning_year":2017},"geometry":{"type":"Point","coordinates":[-5.279,41.382]}},{"type":"Feature","properties":{"id":"ppm-es-24841","name":"Tejeda De Tietar Solar","capacity_mw":18.3,"fuel_type":"solar","status":"operational","precision":"approximate","source":"powerplantmatching v0.9.0, 2026-10-03 · Global Energy Monitor","source_url":"https://github.com/PyPSA/powerplantmatching","tech":"PV","commissioning_year":2017},"geometry":{"type":"Point","coordinates":[-5.875,39.954]}},{"type":"Feature","properties":{"id":"ppm-es-10848","name":"Castuera Solar","capacity_mw":18.1,"fuel_type":"solar","status":"operational","precision":"approximate","source":"powerplantmatching v0.9.0, 2026-10-03 · Global Energy Monitor, WRI GPPD","source_url":"https://github.com/PyPSA/powerplantmatching","tech":"PV","commissioning_year":2023},"geometry":{"type":"Point","coordinates":[-5.531,38.746]}},{"type":"Feature","properties":{"id":"ppm-es-14283","name":"Carolinas Solar","capacity_mw":18.1,"fuel_type":"solar","status":"operational","precision":"approximate","source":"powerplantmatching v0.9.0, 2026-10-03 · Global Energy Monitor","source_url":"https://github.com/PyPSA/powerplantmatching","tech":"PV","commissioning_year":2019},"geometry":{"type":"Point","coordinates":[-3.405,40.71]}},{"type":"Feature","properties":{"id":"ppm-es-1434","name":"Porto","capacity_mw":18.0,"fuel_type":"hydro","status":"operational","precision":"approximate","source":"powerplantmatching v0.9.0, 2026-10-03 · JRC (European Commission), Global Hydropower Resources, Open Power System Data, WRI GPPD","source_url":"https://github.com/PyPSA/powerplantmatching","tech":"Reservoir","commissioning_year":1963},"geometry":{"type":"Point","coordinates":[-6.921,42.162]}},{"type":"Feature","properties":{"id":"ppm-es-2509","name":"El Coterejon Wind Farm","capacity_mw":18.0,"fuel_type":"wind","status":"operational","precision":"approximate","source":"powerplantmatching v0.9.0, 2026-10-03 · Global Energy Monitor, WRI GPPD, OpenStreetMap","source_url":"https://www.openstreetmap.org/relation/14114210","tech":"Onshore","commissioning_year":2008},"geometry":{"type":"Point","coordinates":[-4.465,40.453]}},{"type":"Feature","properties":{"id":"ppm-es-2513","name":"El Negredo Wind Farm","capacity_mw":18.0,"fuel_type":"wind","status":"operational","precision":"approximate","source":"powerplantmatching v0.9.0, 2026-10-03 · Global Energy Monitor, WRI GPPD, OpenStreetMap","source_url":"https://www.openstreetmap.org/relation/13996364","tech":"Onshore","commissioning_year":2007},"geometry":{"type":"Point","coordinates":[-3.736,42.587]}},{"type":"Feature","properties":{"id":"ppm-es-2532","name":"Agreda Wind Farm","capacity_mw":18.0,"fuel_type":"wind","status":"operational","precision":"approximate","source":"powerplantmatching v0.9.0, 2026-10-03 · Global Energy Monitor, WRI GPPD, OpenStreetMap","source_url":"https://www.openstreetmap.org/relation/12934231","tech":"Onshore","commissioning_year":2013},"geometry":{"type":"Point","coordinates":[-1.922,41.856]}},{"type":"Feature","properties":{"id":"ppm-es-2539","name":"La Cotera Wind Farm","capacity_mw":18.0,"fuel_type":"wind","status":"operational","precision":"approximate","source":"powerplantmatching v0.9.0, 2026-10-03 · Global Energy Monitor, WRI GPPD, OpenStreetMap","source_url":"https://www.openstreetmap.org/relation/14114214","tech":"Onshore","commissioning_year":2008},"geometry":{"type":"Point","coordinates":[-4.349,43.36]}},{"type":"Feature","properties":{"id":"ppm-es-2565","name":"Couto De San Sebastian Wind Farm","capacity_mw":18.0,"fuel_type":"wind","status":"operational","precision":"approximate","source":"powerplantmatching v0.9.0, 2026-10-03 · Global Energy Monitor, WRI GPPD, OpenStreetMap","source_url":"https://www.openstreetmap.org/relation/17531717","tech":"Onshore","commissioning_year":2007},"geometry":{"type":"Point","coordinates":[-8.246,42.696]}},{"type":"Feature","properties":{"id":"ppm-es-2587","name":"El Toranzo Wind Farm","capacity_mw":18.0,"fuel_type":"wind","status":"operational","precision":"approximate","source":"powerplantmatching v0.9.0, 2026-10-03 · Global Energy Monitor, WRI GPPD, OpenStreetMap","source_url":"https://www.openstreetmap.org/relation/12934277","tech":"Onshore","commissioning_year":1998},"geometry":{"type":"Point","coordinates":[-1.917,41.718]}},{"type":"Feature","properties":{"id":"ppm-es-2646","name":"Paramo Vega Wind Farm","capacity_mw":18.0,"fuel_type":"wind","status":"operational","precision":"approximate","source":"powerplantmatching v0.9.0, 2026-10-03 · Global Energy Monitor, WRI GPPD, OpenStreetMap","source_url":"https://www.openstreetmap.org/relation/14122634","tech":"Onshore","commissioning_year":2009},"geometry":{"type":"Point","coordinates":[-3.787,42.517]}},{"type":"Feature","properties":{"id":"ppm-es-2682","name":"Sierra Selva Acciona Energia Aragon Wind Farm","capacity_mw":18.0,"fuel_type":"wind","status":"operational","precision":"approximate","source":"powerplantmatching v0.9.0, 2026-10-03 · Global Energy Monitor, WRI GPPD, OpenStreetMap","source_url":"https://www.openstreetmap.org/relation/12999231","tech":"Onshore","commissioning_year":2000},"geometry":{"type":"Point","coordinates":[-1.171,42.455]}},{"type":"Feature","properties":{"id":"ppm-es-5366","name":"Acampo Armijo Wind Farm","capacity_mw":18.0,"fuel_type":"wind","status":"operational","precision":"approximate","source":"powerplantmatching v0.9.0, 2026-10-03 · Global Energy Monitor, OpenStreetMap","source_url":"https://www.openstreetmap.org/relation/12931999","tech":"Onshore","commissioning_year":2001},"geometry":{"type":"Point","coordinates":[-0.899,41.522]}},{"type":"Feature","properties":{"id":"ppm-es-5439","name":"Careon Wind Farm","capacity_mw":18.0,"fuel_type":"wind","status":"operational","precision":"approximate","source":"powerplantmatching v0.9.0, 2026-10-03 · Global Energy Monitor, OpenStreetMap","source_url":"https://www.openstreetmap.org/relation/17354870","tech":"Onshore","commissioning_year":2000},"geometry":{"type":"Point","coordinates":[-7.938,42.911]}},{"type":"Feature","properties":{"id":"ppm-es-5545","name":"El Saso Wind Farm","capacity_mw":18.0,"fuel_type":"wind","status":"operational","precision":"approximate","source":"powerplantmatching v0.9.0, 2026-10-03 · Global Energy Monitor, OpenStreetMap","source_url":"https://www.openstreetmap.org/relation/12922567","tech":"Onshore"},"geometry":{"type":"Point","coordinates":[-0.963,41.249]}},{"type":"Feature","properties":{"id":"ppm-es-5587","name":"Llanos De San Martin Wind Farm","capacity_mw":18.0,"fuel_type":"wind","status":"operational","precision":"approximate","source":"powerplantmatching v0.9.0, 2026-10-03 · Global Energy Monitor, OpenStreetMap","source_url":"https://www.openstreetmap.org/relation/14205384","tech":"Onshore","commissioning_year":2006},"geometry":{"type":"Point","coordinates":[-3.413,42.454]}},{"type":"Feature","properties":{"id":"ppm-es-5605","name":"Las Fuentes Wind Farm","capacity_mw":18.0,"fuel_type":"wind","status":"operational","precision":"approximate","source":"powerplantmatching v0.9.0, 2026-10-03 · Global Energy Monitor, OpenStreetMap","source_url":"https://www.openstreetmap.org/relation/18700944","tech":"Onshore","commissioning_year":2010},"geometry":{"type":"Point","coordinates":[-3.596,42.287]}},{"type":"Feature","properties":{"id":"ppm-es-5663","name":"Pedregales En Loscos Wind Farm","capacity_mw":18.0,"fuel_type":"wind","status":"operational","precision":"approximate","source":"powerplantmatching v0.9.0, 2026-10-03 · Global Energy Monitor, OpenStreetMap","source_url":"https://www.openstreetmap.org/relation/14209930","tech":"Onshore","commissioning_year":2022},"geometry":{"type":"Point","coordinates":[-1.007,41.112]}},{"type":"Feature","properties":{"id":"ppm-es-5664","name":"Mostaza Wind Farm","capacity_mw":18.0,"fuel_type":"wind","status":"operational","precision":"approximate","source":"powerplantmatching v0.9.0, 2026-10-03 · Global Energy Monitor, OpenStreetMap","source_url":"https://www.openstreetmap.org/relation/13940066","tech":"Onshore"},"geometry":{"type":"Point","coordinates":[-5.945,36.315]}},{"type":"Feature","properties":{"id":"ppm-es-5738","name":"Serra Da Panda Wind Farm","capacity_mw":18.0,"fuel_type":"wind","status":"operational","precision":"approximate","source":"powerplantmatching v0.9.0, 2026-10-03 · Global Energy Monitor, OpenStreetMap","source_url":"https://www.openstreetmap.org/relation/15853020","tech":"Onshore","commissioning_year":2002},"geometry":{"type":"Point","coordinates":[-7.759,43.639]}},{"type":"Feature","properties":{"id":"ppm-es-5773","name":"Valdelin Wind Farm","capacity_mw":18.0,"fuel_type":"wind","status":"operational","precision":"approximate","source":"powerplantmatching v0.9.0, 2026-10-03 · Global Energy Monitor, OpenStreetMap","source_url":"https://www.openstreetmap.org/relation/17128850","tech":"Onshore","commissioning_year":2007},"geometry":{"type":"Point","coordinates":[-6.28,42.67]}},{"type":"Feature","properties":{"id":"ppm-es-10943","name":"San Ciprian Wind Farm","capacity_mw":18.0,"fuel_type":"wind","status":"operational","precision":"approximate","source":"powerplantmatching v0.9.0, 2026-10-03 · Global Energy Monitor, WRI GPPD","source_url":"https://github.com/PyPSA/powerplantmatching","tech":"Onshore","commissioning_year":2001},"geometry":{"type":"Point","coordinates":[-6.66,42.173]}},{"type":"Feature","properties":{"id":"ppm-es-11961","name":"El Picazo","capacity_mw":18.0,"fuel_type":"hydro","status":"operational","precision":"approximate","source":"powerplantmatching v0.9.0, 2026-10-03 · Open Power System Data, OpenStreetMap","source_url":"https://www.openstreetmap.org/way/223537884","tech":"Reservoir","commissioning_year":1954},"geometry":{"type":"Point","coordinates":[-2.07,39.483]}},{"type":"Feature","properties":{"id":"ppm-es-14236","name":"Cantalojas Wind Farm","capacity_mw":18.0,"fuel_type":"wind","status":"operational","precision":"approximate","source":"powerplantmatching v0.9.0, 2026-10-03 · Global Energy Monitor","source_url":"https://github.com/PyPSA/powerplantmatching","tech":"Onshore","commissioning_year":2004},"geometry":{"type":"Point","coordinates":[-3.24,41.23]}},{"type":"Feature","properties":{"id":"ppm-es-16324","name":"El Acebo Wind Farm","capacity_mw":18.0,"fuel_type":"wind","status":"operational","precision":"approximate","source":"powerplantmatching v0.9.0, 2026-10-03 · Global Energy Monitor","source_url":"https://github.com/PyPSA/powerplantmatching","tech":"Onshore","commissioning_year":2004},"geometry":{"type":"Point","coordinates":[-6.958,43.148]}},{"type":"Feature","properties":{"id":"ppm-es-16682","name":"Extremadura Solar Xxxviii","capacity_mw":18.0,"fuel_type":"solar","status":"operational","precision":"approximate","source":"powerplantmatching v0.9.0, 2026-10-03 · Global Energy Monitor","source_url":"https://github.com/PyPSA/powerplantmatching","tech":"PV","commissioning_year":2023},"geometry":{"type":"Point","coordinates":[-5.351,39.335]}},{"type":"Feature","properties":{"id":"ppm-es-20507","name":"Mercabarna Rooftop Solar Farm","capacity_mw":18.0,"fuel_type":"solar","status":"operational","precision":"approximate","source":"powerplantmatching v0.9.0, 2026-10-03 · Global Energy Monitor","source_url":"https://github.com/PyPSA/powerplantmatching","tech":"PV"},"geometry":{"type":"Point","coordinates":[2.115,41.331]}},{"type":"Feature","properties":{"id":"ppm-es-23638","name":"Savalla Wind Farm","capacity_mw":18.0,"fuel_type":"wind","status":"operational","precision":"approximate","source":"powerplantmatching v0.9.0, 2026-10-03 · Global Energy Monitor","source_url":"https://github.com/PyPSA/powerplantmatching","tech":"Onshore"},"geometry":{"type":"Point","coordinates":[1.284,41.538]}},{"type":"Feature","properties":{"id":"ppm-es-23860","name":"Sierra De Bodenaya Wind Farm","capacity_mw":18.0,"fuel_type":"wind","status":"operational","precision":"approximate","source":"powerplantmatching v0.9.0, 2026-10-03 · Global Energy Monitor","source_url":"https://github.com/PyPSA/powerplantmatching","tech":"Onshore","commissioning_year":2005},"geometry":{"type":"Point","coordinates":[-6.302,43.404]}},{"type":"Feature","properties":{"id":"ppm-es-16616","name":"Extremadura Solar Cv","capacity_mw":17.9,"fuel_type":"solar","status":"operational","precision":"approximate","source":"powerplantmatching v0.9.0, 2026-10-03 · Global Energy Monitor","source_url":"https://github.com/PyPSA/powerplantmatching","tech":"PV","commissioning_year":2021},"geometry":{"type":"Point","coordinates":[-5.755,39.957]}},{"type":"Feature","properties":{"id":"ppm-es-22891","name":"Raiguer Solar","capacity_mw":17.9,"fuel_type":"solar","status":"operational","precision":"approximate","source":"powerplantmatching v0.9.0, 2026-10-03 · Global Energy Monitor","source_url":"https://github.com/PyPSA/powerplantmatching","tech":"PV","commissioning_year":2017},"geometry":{"type":"Point","coordinates":[2.869,39.698]}},{"type":"Feature","properties":{"id":"ppm-es-10842","name":"Don Quijote Solar","capacity_mw":17.8,"fuel_type":"solar","status":"operational","precision":"approximate","source":"powerplantmatching v0.9.0, 2026-10-03 · Global Energy Monitor, WRI GPPD","source_url":"https://github.com/PyPSA/powerplantmatching","tech":"PV","commissioning_year":2017},"geometry":{"type":"Point","coordinates":[-5.317,39.893]}},{"type":"Feature","properties":{"id":"ppm-es-10937","name":"Pozohondo Solar","capacity_mw":17.7,"fuel_type":"solar","status":"operational","precision":"approximate","source":"powerplantmatching v0.9.0, 2026-10-03 · Global Energy Monitor, WRI GPPD","source_url":"https://github.com/PyPSA/powerplantmatching","tech":"PV","commissioning_year":2017},"geometry":{"type":"Point","coordinates":[-1.882,38.72]}},{"type":"Feature","properties":{"id":"ppm-es-14775","name":"Castile Leon Solar Cxviii","capacity_mw":17.7,"fuel_type":"solar","status":"operational","precision":"approximate","source":"powerplantmatching v0.9.0, 2026-10-03 · Global Energy Monitor","source_url":"https://github.com/PyPSA/powerplantmatching","tech":"PV","commissioning_year":2017},"geometry":{"type":"Point","coordinates":[-5.695,41.37]}},{"type":"Feature","properties":{"id":"ppm-es-25168","name":"Tres Pinos Solar","capacity_mw":17.7,"fuel_type":"solar","status":"operational","precision":"approximate","source":"powerplantmatching v0.9.0, 2026-10-03 · Global Energy Monitor","source_url":"https://github.com/PyPSA/powerplantmatching","tech":"PV","commissioning_year":2023},"geometry":{"type":"Point","coordinates":[-1.252,38.207]}},{"type":"Feature","properties":{"id":"ppm-es-14704","name":"Castile Leon Solar Ccxiv","capacity_mw":17.6,"fuel_type":"solar","status":"operational","precision":"approximate","source":"powerplantmatching v0.9.0, 2026-10-03 · Global Energy Monitor","source_url":"https://github.com/PyPSA/powerplantmatching","tech":"PV","commissioning_year":2021},"geometry":{"type":"Point","coordinates":[-4.397,41.909]}},{"type":"Feature","properties":{"id":"ppm-es-19283","name":"La Solana Solar Farm","capacity_mw":17.5,"fuel_type":"solar","status":"operational","precision":"approximate","source":"powerplantmatching v0.9.0, 2026-10-03 · Global Energy Monitor","source_url":"https://github.com/PyPSA/powerplantmatching","tech":"PV","commissioning_year":2022},"geometry":{"type":"Point","coordinates":[-6.087,40.018]}},{"type":"Feature","properties":{"id":"ppm-es-12952","name":"Ayamonte Costa Occidental Solar","capacity_mw":17.4,"fuel_type":"solar","status":"operational","precision":"approximate","source":"powerplantmatching v0.9.0, 2026-10-03 · Global Energy Monitor","source_url":"https://github.com/PyPSA/powerplantmatching","tech":"PV","commissioning_year":2017},"geometry":{"type":"Point","coordinates":[-7.368,37.273]}},{"type":"Feature","properties":{"id":"ppm-es-12766","name":"Arcicollar Solar","capacity_mw":17.3,"fuel_type":"solar","status":"operational","precision":"approximate","source":"powerplantmatching v0.9.0, 2026-10-03 · Global Energy Monitor","source_url":"https://github.com/PyPSA/powerplantmatching","tech":"PV","commissioning_year":2017},"geometry":{"type":"Point","coordinates":[-4.055,40.049]}},{"type":"Feature","properties":{"id":"ppm-es-14756","name":"Castile Leon Solar Cvi","capacity_mw":17.3,"fuel_type":"solar","status":"operational","precision":"approximate","source":"powerplantmatching v0.9.0, 2026-10-03 · Global Energy Monitor","source_url":"https://github.com/PyPSA/powerplantmatching","tech":"PV","commissioning_year":2017},"geometry":{"type":"Point","coordinates":[-5.82,41.466]}},{"type":"Feature","properties":{"id":"ppm-es-12570","name":"Andalusia Solar Clxxviii","capacity_mw":17.2,"fuel_type":"solar","status":"operational","precision":"approximate","source":"powerplantmatching v0.9.0, 2026-10-03 · Global Energy Monitor","source_url":"https://github.com/PyPSA/powerplantmatching","tech":"PV","commissioning_year":2022},"geometry":{"type":"Point","coordinates":[-6.124,37.548]}},{"type":"Feature","properties":{"id":"ppm-es-12622","name":"Andalusia Solar Lxxxvii","capacity_mw":17.2,"fuel_type":"solar","status":"operational","precision":"approximate","source":"powerplantmatching v0.9.0, 2026-10-03 · Global Energy Monitor","source_url":"https://github.com/PyPSA/powerplantmatching","tech":"PV","commissioning_year":2017},"geometry":{"type":"Point","coordinates":[-4.319,37.999]}},{"type":"Feature","properties":{"id":"ppm-es-10771","name":"Aldea Del Conde Solar","capacity_mw":17.1,"fuel_type":"solar","status":"operational","precision":"approximate","source":"powerplantmatching v0.9.0, 2026-10-03 · Global Energy Monitor, WRI GPPD","source_url":"https://github.com/PyPSA/powerplantmatching","tech":"PV","commissioning_year":2017},"geometry":{"type":"Point","coordinates":[-6.748,38.817]}},{"type":"Feature","properties":{"id":"ppm-es-2582","name":"El Pulpal Wind Farm","capacity_mw":17.0,"fuel_type":"wind","status":"operational","precision":"approximate","source":"powerplantmatching v0.9.0, 2026-10-03 · Global Energy Monitor, WRI GPPD, OpenStreetMap","source_url":"https://www.openstreetmap.org/relation/12934425","tech":"Onshore","commissioning_year":2000},"geometry":{"type":"Point","coordinates":[-2.03,41.77]}},{"type":"Feature","properties":{"id":"ppm-es-2594","name":"Fontellas Solar","capacity_mw":17.0,"fuel_type":"solar","status":"operational","precision":"approximate","source":"powerplantmatching v0.9.0, 2026-10-03 · Global Energy Monitor, WRI GPPD, OpenStreetMap","source_url":"https://www.openstreetmap.org/way/242294124","tech":"PV","commissioning_year":2011},"geometry":{"type":"Point","coordinates":[-1.568,41.991]}},{"type":"Feature","properties":{"id":"ppm-es-2617","name":"Las Cabezas Wind Farm","capacity_mw":17.0,"fuel_type":"wind","status":"operational","precision":"approximate","source":"powerplantmatching v0.9.0, 2026-10-03 · Global Energy Monitor, WRI GPPD, OpenStreetMap","source_url":"https://www.openstreetmap.org/relation/13825769","tech":"Onshore","commissioning_year":2009},"geometry":{"type":"Point","coordinates":[-7.249,37.614]}},{"type":"Feature","properties":{"id":"ppm-es-2683","name":"Silvarrendonda Wind Farm","capacity_mw":17.0,"fuel_type":"wind","status":"operational","precision":"approximate","source":"powerplantmatching v0.9.0, 2026-10-03 · Global Energy Monitor, WRI GPPD, OpenStreetMap","source_url":"https://www.openstreetmap.org/relation/17526221","tech":"Onshore","commissioning_year":2005},"geometry":{"type":"Point","coordinates":[-8.844,43.186]}},{"type":"Feature","properties":{"id":"ppm-es-5650","name":"Pena Grande Wind Farm","capacity_mw":17.0,"fuel_type":"wind","status":"operational","precision":"approximate","source":"powerplantmatching v0.9.0, 2026-10-03 · Global Energy Monitor, OpenStreetMap","source_url":"https://www.openstreetmap.org/relation/17190489","tech":"Onshore","commissioning_year":2003},"geometry":{"type":"Point","coordinates":[-7.67,43.52]}},{"type":"Feature","properties":{"id":"ppm-es-10906","name":"Malpica Wind Farm","capacity_mw":17.0,"fuel_type":"wind","status":"operational","precision":"approximate","source":"powerplantmatching v0.9.0, 2026-10-03 · Global Energy Monitor, WRI GPPD","source_url":"https://github.com/PyPSA/powerplantmatching","tech":"Onshore","commissioning_year":2017},"geometry":{"type":"Point","coordinates":[-8.81,43.323]}},{"type":"Feature","properties":{"id":"ppm-es-14344","name":"Castelo Wind Farm","capacity_mw":17.0,"fuel_type":"wind","status":"operational","precision":"approximate","source":"powerplantmatching v0.9.0, 2026-10-03 · Global Energy Monitor","source_url":"https://github.com/PyPSA/powerplantmatching","tech":"Onshore","commissioning_year":2001},"geometry":{"type":"Point","coordinates":[-8.69,43.09]}},{"type":"Feature","properties":{"id":"ppm-es-15377","name":"Conjuro Wind Farm","capacity_mw":17.0,"fuel_type":"wind","status":"operational","precision":"approximate","source":"powerplantmatching v0.9.0, 2026-10-03 · Global Energy Monitor","source_url":"https://github.com/PyPSA/powerplantmatching","tech":"Onshore","commissioning_year":2006},"geometry":{"type":"Point","coordinates":[-3.413,36.736]}},{"type":"Feature","properties":{"id":"ppm-es-25296","name":"Txutxu Wind Farm","capacity_mw":17.0,"fuel_type":"wind","status":"operational","precision":"approximate","source":"powerplantmatching v0.9.0, 2026-10-03 · Global Energy Monitor","source_url":"https://github.com/PyPSA/powerplantmatching","tech":"Onshore","commissioning_year":2005},"geometry":{"type":"Point","coordinates":[-1.514,42.539]}},{"type":"Feature","properties":{"id":"ppm-es-12614","name":"Andalusia Solar Lxxv","capacity_mw":16.8,"fuel_type":"solar","status":"operational","precision":"approximate","source":"powerplantmatching v0.9.0, 2026-10-03 · Global Energy Monitor","source_url":"https://github.com/PyPSA/powerplantmatching","tech":"PV","commissioning_year":2017},"geometry":{"type":"Point","coordinates":[-6.067,36.968]}},{"type":"Feature","properties":{"id":"ppm-es-14440","name":"Castile La Mancha Solar Cccxxxi","capacity_mw":16.8,"fuel_type":"solar","status":"operational","precision":"approximate","source":"powerplantmatching v0.9.0, 2026-10-03 · Global Energy Monitor","source_url":"https://github.com/PyPSA/powerplantmatching","tech":"PV","commissioning_year":2017},"geometry":{"type":"Point","coordinates":[-4.829,40.024]}},{"type":"Feature","properties":{"id":"ppm-es-14733","name":"Castile Leon Solar Clii","capacity_mw":16.8,"fuel_type":"solar","status":"operational","precision":"approximate","source":"powerplantmatching v0.9.0, 2026-10-03 · Global Energy Monitor","source_url":"https://github.com/PyPSA/powerplantmatching","tech":"PV","commissioning_year":2017},"geometry":{"type":"Point","coordinates":[-5.041,41.851]}},{"type":"Feature","properties":{"id":"ppm-es-16350","name":"El Condado Solar Xvi","capacity_mw":16.8,"fuel_type":"solar","status":"operational","precision":"approximate","source":"powerplantmatching v0.9.0, 2026-10-03 · Global Energy Monitor","source_url":"https://github.com/PyPSA/powerplantmatching","tech":"PV","commissioning_year":2024},"geometry":{"type":"Point","coordinates":[-6.373,37.357]}},{"type":"Feature","properties":{"id":"ppm-es-14533","name":"Castile La Mancha Solar Cxci","capacity_mw":16.6,"fuel_type":"solar","status":"operational","precision":"approximate","source":"powerplantmatching v0.9.0, 2026-10-03 · Global Energy Monitor","source_url":"https://github.com/PyPSA/powerplantmatching","tech":"PV","commissioning_year":2021},"geometry":{"type":"Point","coordinates":[-4.128,40.066]}},{"type":"Feature","properties":{"id":"ppm-es-10804","name":"Casas De Don Pedro Solar","capacity_mw":16.5,"fuel_type":"solar","status":"operational","precision":"approximate","source":"powerplantmatching v0.9.0, 2026-10-03 · Global Energy Monitor, WRI GPPD","source_url":"https://github.com/PyPSA/powerplantmatching","tech":"PV","commissioning_year":2023},"geometry":{"type":"Point","coordinates":[-5.335,39.116]}},{"type":"Feature","properties":{"id":"ppm-es-12609","name":"Andalusia Solar Lxvi","capacity_mw":16.5,"fuel_type":"solar","status":"operational","precision":"approximate","source":"powerplantmatching v0.9.0, 2026-10-03 · Global Energy Monitor","source_url":"https://github.com/PyPSA/powerplantmatching","tech":"PV","commissioning_year":2017},"geometry":{"type":"Point","coordinates":[-4.126,37.575]}},{"type":"Feature","properties":{"id":"ppm-es-14484","name":"Castile La Mancha Solar Ccxlii","capacity_mw":16.5,"fuel_type":"solar","status":"operational","precision":"approximate","source":"powerplantmatching v0.9.0, 2026-10-03 · Global Energy Monitor","source_url":"https://github.com/PyPSA/powerplantmatching","tech":"PV","commissioning_year":2017},"geometry":{"type":"Point","coordinates":[-2.193,39.187]}},{"type":"Feature","properties":{"id":"ppm-es-16636","name":"Extremadura Solar Lxi","capacity_mw":16.5,"fuel_type":"solar","status":"operational","precision":"approximate","source":"powerplantmatching v0.9.0, 2026-10-03 · Global Energy Monitor","source_url":"https://github.com/PyPSA/powerplantmatching","tech":"PV","commissioning_year":2017},"geometry":{"type":"Point","coordinates":[-6.263,38.665]}},{"type":"Feature","properties":{"id":"ppm-es-25647","name":"Vega Media Del Segura Solar","capacity_mw":16.5,"fuel_type":"solar","status":"operational","precision":"approximate","source":"powerplantmatching v0.9.0, 2026-10-03 · Global Energy Monitor","source_url":"https://github.com/PyPSA/powerplantmatching","tech":"PV","commissioning_year":2023},"geometry":{"type":"Point","coordinates":[-1.174,38.144]}},{"type":"Feature","properties":{"id":"ppm-es-17140","name":"Geria Solar","capacity_mw":16.3,"fuel_type":"solar","status":"operational","precision":"approximate","source":"powerplantmatching v0.9.0, 2026-10-03 · Global Energy Monitor","source_url":"https://github.com/PyPSA/powerplantmatching","tech":"PV","commissioning_year":2019},"geometry":{"type":"Point","coordinates":[-4.903,41.563]}},{"type":"Feature","properties":{"id":"ppm-es-14174","name":"Calera Chozas Solar","capacity_mw":16.2,"fuel_type":"solar","status":"operational","precision":"approximate","source":"powerplantmatching v0.9.0, 2026-10-03 · Global Energy Monitor","source_url":"https://github.com/PyPSA/powerplantmatching","tech":"PV","commissioning_year":2021},"geometry":{"type":"Point","coordinates":[-4.965,39.932]}},{"type":"Feature","properties":{"id":"ppm-es-23582","name":"Santa Maria Del Cubillo Solar","capacity_mw":16.2,"fuel_type":"solar","status":"operational","precision":"approximate","source":"powerplantmatching v0.9.0, 2026-10-03 · Global Energy Monitor","source_url":"https://github.com/PyPSA/powerplantmatching","tech":"PV","commissioning_year":2023},"geometry":{"type":"Point","coordinates":[-4.438,40.708]}},{"type":"Feature","properties":{"id":"ppm-es-25644","name":"Vega Alta Del Segura Solar","capacity_mw":16.1,"fuel_type":"solar","status":"operational","precision":"approximate","source":"powerplantmatching v0.9.0, 2026-10-03 · Global Energy Monitor","source_url":"https://github.com/PyPSA/powerplantmatching","tech":"PV","commissioning_year":2017},"geometry":{"type":"Point","coordinates":[-1.372,38.249]}},{"type":"Feature","properties":{"id":"ppm-es-2574","name":"Muel Wind Farm","capacity_mw":16.0,"fuel_type":"wind","status":"operational","precision":"approximate","source":"powerplantmatching v0.9.0, 2026-10-03 · Global Energy Monitor, WRI GPPD, OpenStreetMap","source_url":"https://www.openstreetmap.org/relation/12932858","tech":"Onshore","commissioning_year":1998},"geometry":{"type":"Point","coordinates":[-1.13,41.512]}},{"type":"Feature","properties":{"id":"ppm-es-2666","name":"San Xoan Wind Farm","capacity_mw":16.0,"fuel_type":"wind","status":"operational","precision":"approximate","source":"powerplantmatching v0.9.0, 2026-10-03 · Global Energy Monitor, WRI GPPD, OpenStreetMap","source_url":"https://www.openstreetmap.org/relation/17387437","tech":"Onshore","commissioning_year":1999},"geometry":{"type":"Point","coordinates":[-7.233,42.683]}},{"type":"Feature","properties":{"id":"ppm-es-5402","name":"Valdihuelo Wind Farm","capacity_mw":16.0,"fuel_type":"wind","status":"operational","precision":"approximate","source":"powerplantmatching v0.9.0, 2026-10-03 · Global Energy Monitor, OpenStreetMap","source_url":"https://www.openstreetmap.org/relation/13207417","tech":"Onshore","commissioning_year":2011},"geometry":{"type":"Point","coordinates":[-4.522,40.672]}},{"type":"Feature","properties":{"id":"ppm-es-5503","name":"El Oliado Wind Farm","capacity_mw":16.0,"fuel_type":"wind","status":"operational","precision":"approximate","source":"powerplantmatching v0.9.0, 2026-10-03 · Global Energy Monitor, OpenStreetMap","source_url":"https://www.openstreetmap.org/relation/19604341","tech":"Onshore","commissioning_year":2025},"geometry":{"type":"Point","coordinates":[-2.116,42.443]}},{"type":"Feature","properties":{"id":"ppm-es-5509","name":"El Chaparro Wind Farm","capacity_mw":16.0,"fuel_type":"wind","status":"operational","precision":"approximate","source":"powerplantmatching v0.9.0, 2026-10-03 · Global Energy Monitor, OpenStreetMap","source_url":"https://www.openstreetmap.org/relation/13062005","tech":"Onshore","commissioning_year":2011},"geometry":{"type":"Point","coordinates":[-2.506,41.014]}},{"type":"Feature","properties":{"id":"ppm-es-5544","name":"El Ruedo Wind Farm","capacity_mw":16.0,"fuel_type":"wind","status":"operational","precision":"approximate","source":"powerplantmatching v0.9.0, 2026-10-03 · Global Energy Monitor, OpenStreetMap","source_url":"https://www.openstreetmap.org/relation/13945970","tech":"Onshore","commissioning_year":2004},"geometry":{"type":"Point","coordinates":[-5.589,36.015]}},{"type":"Feature","properties":{"id":"ppm-es-5630","name":"Matabuey Wind Farm","capacity_mw":16.0,"fuel_type":"wind","status":"operational","precision":"approximate","source":"powerplantmatching v0.9.0, 2026-10-03 · Global Energy Monitor, OpenStreetMap","source_url":"https://www.openstreetmap.org/relation/13931001","tech":"Onshore","commissioning_year":2010},"geometry":{"type":"Point","coordinates":[-5.435,40.87]}},{"type":"Feature","properties":{"id":"ppm-es-5642","name":"Loma De Lazaro Wind Farm","capacity_mw":16.0,"fuel_type":"wind","status":"operational","precision":"approximate","source":"powerplantmatching v0.9.0, 2026-10-03 · Global Energy Monitor, OpenStreetMap","source_url":"https://www.openstreetmap.org/relation/13943149","tech":"Onshore","commissioning_year":2008},"geometry":{"type":"Point","coordinates":[-5.776,36.405]}},{"type":"Feature","properties":{"id":"ppm-es-5686","name":"Santos De La Piedra Wind Farm","capacity_mw":16.0,"fuel_type":"wind","status":"operational","precision":"approximate","source":"powerplantmatching v0.9.0, 2026-10-03 · Global Energy Monitor, OpenStreetMap","source_url":"https://www.openstreetmap.org/relation/20039424","tech":"Onshore","commissioning_year":2025},"geometry":{"type":"Point","coordinates":[-1.47,40.561]}},{"type":"Feature","properties":{"id":"ppm-es-5739","name":"Serra Do Burgo Wind Farm","capacity_mw":16.0,"fuel_type":"wind","status":"operational","precision":"approximate","source":"powerplantmatching v0.9.0, 2026-10-03 · Global Energy Monitor, OpenStreetMap","source_url":"https://www.openstreetmap.org/relation/17526682","tech":"Onshore","commissioning_year":2002},"geometry":{"type":"Point","coordinates":[-7.41,42.33]}},{"type":"Feature","properties":{"id":"ppm-es-7344","name":"Benos","capacity_mw":16.0,"fuel_type":"hydro","status":"operational","precision":"approximate","source":"powerplantmatching v0.9.0, 2026-10-03 · Open Power System Data, WRI GPPD","source_url":"https://github.com/PyPSA/powerplantmatching","tech":"Run-Of-River","commissioning_year":1952},"geometry":{"type":"Point","coordinates":[-2.083,39.55]}},{"type":"Feature","properties":{"id":"ppm-es-12590","name":"Andalusia Solar Cxlv","capacity_mw":16.0,"fuel_type":"solar","status":"operational","precision":"approximate","source":"powerplantmatching v0.9.0, 2026-10-03 · Global Energy Monitor","source_url":"https://github.com/PyPSA/powerplantmatching","tech":"PV","commissioning_year":2024},"geometry":{"type":"Point","coordinates":[-4.986,37.729]}},{"type":"Feature","properties":{"id":"ppm-es-16373","name":"El Tomillar Solar Farm","capacity_mw":16.0,"fuel_type":"solar","status":"operational","precision":"approximate","source":"powerplantmatching v0.9.0, 2026-10-03 · Global Energy Monitor","source_url":"https://github.com/PyPSA/powerplantmatching","tech":"PV","commissioning_year":2023},"geometry":{"type":"Point","coordinates":[-1.726,38.921]}},{"type":"Feature","properties":{"id":"ppm-es-16513","name":"Espina Wind Farm","capacity_mw":16.0,"fuel_type":"wind","status":"operational","precision":"approximate","source":"powerplantmatching v0.9.0, 2026-10-03 · Global Energy Monitor","source_url":"https://github.com/PyPSA/powerplantmatching","tech":"Onshore","commissioning_year":2009},"geometry":{"type":"Point","coordinates":[-6.16,42.74]}},{"type":"Feature","properties":{"id":"ppm-es-21995","name":"Pena Del Cuervo Wind Farm","capacity_mw":16.0,"fuel_type":"wind","status":"operational","precision":"approximate","source":"powerplantmatching v0.9.0, 2026-10-03 · Global Energy Monitor","source_url":"https://github.com/PyPSA/powerplantmatching","tech":"Onshore","commissioning_year":2011},"geometry":{"type":"Point","coordinates":[-6.001,43.458]}},{"type":"Feature","properties":{"id":"ppm-es-23739","name":"Serra Voltorera Wind Farm","capacity_mw":16.0,"fuel_type":"wind","status":"operational","precision":"approximate","source":"powerplantmatching v0.9.0, 2026-10-03 · Global Energy Monitor","source_url":"https://github.com/PyPSA/powerplantmatching","tech":"Onshore"},"geometry":{"type":"Point","coordinates":[1.305,41.403]}},{"type":"Feature","properties":{"id":"ppm-es-3340","name":"Alarcon Spain Alarcon Spain","capacity_mw":15.9,"fuel_type":"hydro","status":"operational","precision":"approximate","source":"powerplantmatching v0.9.0, 2026-10-03 · JRC (European Commission), Global Hydropower Resources, GEO","source_url":"https://github.com/PyPSA/powerplantmatching","tech":"Reservoir","commissioning_year":1955},"geometry":{"type":"Point","coordinates":[-2.113,39.565]}},{"type":"Feature","properties":{"id":"ppm-es-12586","name":"Andalusia Solar Cxix","capacity_mw":15.9,"fuel_type":"solar","status":"operational","precision":"approximate","source":"powerplantmatching v0.9.0, 2026-10-03 · Global Energy Monitor","source_url":"https://github.com/PyPSA/powerplantmatching","tech":"PV","commissioning_year":2021},"geometry":{"type":"Point","coordinates":[-2.29,37.069]}},{"type":"Feature","properties":{"id":"ppm-es-14574","name":"Castile La Mancha Solar Lxxvi","capacity_mw":15.9,"fuel_type":"solar","status":"operational","precision":"approximate","source":"powerplantmatching v0.9.0, 2026-10-03 · Global Energy Monitor","source_url":"https://github.com/PyPSA/powerplantmatching","tech":"PV","commissioning_year":2017},"geometry":{"type":"Point","coordinates":[-1.039,38.845]}},{"type":"Feature","properties":{"id":"ppm-es-14777","name":"Castile Leon Solar Cxxix","capacity_mw":15.9,"fuel_type":"solar","status":"operational","precision":"approximate","source":"powerplantmatching v0.9.0, 2026-10-03 · Global Energy Monitor","source_url":"https://github.com/PyPSA/powerplantmatching","tech":"PV","commissioning_year":2023},"geometry":{"type":"Point","coordinates":[-4.96,41.788]}},{"type":"Feature","properties":{"id":"ppm-es-16634","name":"Extremadura Solar Lv","capacity_mw":15.9,"fuel_type":"solar","status":"operational","precision":"approximate","source":"powerplantmatching v0.9.0, 2026-10-03 · Global Energy Monitor","source_url":"https://github.com/PyPSA/powerplantmatching","tech":"PV","commissioning_year":2021},"geometry":{"type":"Point","coordinates":[-6.142,39.996]}},{"type":"Feature","properties":{"id":"ppm-es-10821","name":"Belmez Solar","capacity_mw":15.7,"fuel_type":"solar","status":"operational","precision":"approximate","source":"powerplantmatching v0.9.0, 2026-10-03 · Global Energy Monitor, WRI GPPD","source_url":"https://github.com/PyPSA/powerplantmatching","tech":"PV","commissioning_year":2017},"geometry":{"type":"Point","coordinates":[-5.239,38.281]}},{"type":"Feature","properties":{"id":"ppm-es-10894","name":"Fustinana Solar","capacity_mw":15.7,"fuel_type":"solar","status":"operational","precision":"approximate","source":"powerplantmatching v0.9.0, 2026-10-03 · Global Energy Monitor, WRI GPPD","source_url":"https://github.com/PyPSA/powerplantmatching","tech":"PV","commissioning_year":2017},"geometry":{"type":"Point","coordinates":[-1.478,42.031]}},{"type":"Feature","properties":{"id":"ppm-es-10917","name":"Magacela Solar","capacity_mw":15.7,"fuel_type":"solar","status":"operational","precision":"approximate","source":"powerplantmatching v0.9.0, 2026-10-03 · Global Energy Monitor, WRI GPPD","source_url":"https://github.com/PyPSA/powerplantmatching","tech":"PV","commissioning_year":2023},"geometry":{"type":"Point","coordinates":[-5.704,38.913]}},{"type":"Feature","properties":{"id":"ppm-es-11905","name":"Pont De Suert","capacity_mw":15.7,"fuel_type":"hydro","status":"operational","precision":"approximate","source":"powerplantmatching v0.9.0, 2026-10-03 · Open Power System Data, OpenStreetMap","source_url":"https://www.openstreetmap.org/way/396711855","tech":"Run-Of-River","commissioning_year":1955},"geometry":{"type":"Point","coordinates":[0.739,42.403]}},{"type":"Feature","properties":{"id":"ppm-es-10892","name":"Fuente De Cantos Solar","capacity_mw":15.5,"fuel_type":"solar","status":"operational","precision":"approximate","source":"powerplantmatching v0.9.0, 2026-10-03 · Global Energy Monitor, WRI GPPD","source_url":"https://github.com/PyPSA/powerplantmatching","tech":"PV","commissioning_year":2017},"geometry":{"type":"Point","coordinates":[-6.3,38.26]}},{"type":"Feature","properties":{"id":"ppm-es-10970","name":"Valverdon Solar","capacity_mw":15.5,"fuel_type":"solar","status":"operational","precision":"approximate","source":"powerplantmatching v0.9.0, 2026-10-03 · Global Energy Monitor, WRI GPPD","source_url":"https://github.com/PyPSA/powerplantmatching","tech":"PV","commissioning_year":2017},"geometry":{"type":"Point","coordinates":[-5.783,41.058]}},{"type":"Feature","properties":{"id":"ppm-es-19902","name":"Llanos De Olivenza Solar","capacity_mw":15.5,"fuel_type":"solar","status":"operational","precision":"approximate","source":"powerplantmatching v0.9.0, 2026-10-03 · Global Energy Monitor","source_url":"https://github.com/PyPSA/powerplantmatching","tech":"PV","commissioning_year":2023},"geometry":{"type":"Point","coordinates":[-7.035,38.485]}},{"type":"Feature","properties":{"id":"ppm-es-13205","name":"Barbastro Somontano De Barbastro Solar","capacity_mw":15.4,"fuel_type":"solar","status":"operational","precision":"approximate","source":"powerplantmatching v0.9.0, 2026-10-03 · Global Energy Monitor","source_url":"https://github.com/PyPSA/powerplantmatching","tech":"PV","commissioning_year":2021},"geometry":{"type":"Point","coordinates":[0.116,42.002]}},{"type":"Feature","properties":{"id":"ppm-es-16664","name":"Extremadura Solar Xix","capacity_mw":15.4,"fuel_type":"solar","status":"operational","precision":"approximate","source":"powerplantmatching v0.9.0, 2026-10-03 · Global Energy Monitor","source_url":"https://github.com/PyPSA/powerplantmatching","tech":"PV","commissioning_year":2017},"geometry":{"type":"Point","coordinates":[-6.267,38.893]}},{"type":"Feature","properties":{"id":"ppm-es-21692","name":"Outeiro Do Coto Wind Farm","capacity_mw":15.4,"fuel_type":"wind","status":"operational","precision":"approximate","source":"powerplantmatching v0.9.0, 2026-10-03 · Global Energy Monitor","source_url":"https://github.com/PyPSA/powerplantmatching","tech":"Onshore","commissioning_year":2000},"geometry":{"type":"Point","coordinates":[-8.112,42.993]}},{"type":"Feature","properties":{"id":"ppm-es-10916","name":"Lucainena De Las Torres Solar","capacity_mw":15.3,"fuel_type":"solar","status":"operational","precision":"approximate","source":"powerplantmatching v0.9.0, 2026-10-03 · Global Energy Monitor, WRI GPPD","source_url":"https://github.com/PyPSA/powerplantmatching","tech":"PV","commissioning_year":2008},"geometry":{"type":"Point","coordinates":[-2.176,37.015]}},{"type":"Feature","properties":{"id":"ppm-es-1379","name":"Bembezar","capacity_mw":15.0,"fuel_type":"hydro","status":"operational","precision":"approximate","source":"powerplantmatching v0.9.0, 2026-10-03 · JRC (European Commission), Global Hydropower Resources, Open Power System Data, WRI GPPD","source_url":"https://github.com/PyPSA/powerplantmatching","tech":"Reservoir","commissioning_year":1962},"geometry":{"type":"Point","coordinates":[-5.207,37.903]}},{"type":"Feature","properties":{"id":"ppm-es-1382","name":"Guadalmena","capacity_mw":15.0,"fuel_type":"hydro","status":"operational","precision":"approximate","source":"powerplantmatching v0.9.0, 2026-10-03 · JRC (European Commission), Global Hydropower Resources, Open Power System Data, WRI GPPD","source_url":"https://github.com/PyPSA/powerplantmatching","tech":"Reservoir","commissioning_year":1959},"geometry":{"type":"Point","coordinates":[-2.921,38.357]}},{"type":"Feature","properties":{"id":"ppm-es-2568","name":"El Canto Wind Farm","capacity_mw":15.0,"fuel_type":"wind","status":"operational","precision":"approximate","source":"powerplantmatching v0.9.0, 2026-10-03 · Global Energy Monitor, WRI GPPD, OpenStreetMap","source_url":"https://www.openstreetmap.org/relation/14114211","tech":"Onshore","commissioning_year":2000},"geometry":{"type":"Point","coordinates":[-3.86,41.084]}},{"type":"Feature","properties":{"id":"ppm-es-2580","name":"El Pilar Wind Farm","capacity_mw":15.0,"fuel_type":"wind","status":"operational","precision":"approximate","source":"powerplantmatching v0.9.0, 2026-10-03 · Global Energy Monitor, WRI GPPD, OpenStreetMap","source_url":"https://www.openstreetmap.org/relation/10983831","tech":"Onshore","commissioning_year":1997},"geometry":{"type":"Point","coordinates":[-1.141,41.627]}},{"type":"Feature","properties":{"id":"ppm-es-2679","name":"Sierra Del Trigo Wind Farm","capacity_mw":15.0,"fuel_type":"wind","status":"operational","precision":"approximate","source":"powerplantmatching v0.9.0, 2026-10-03 · Global Energy Monitor, WRI GPPD, OpenStreetMap","source_url":"https://www.openstreetmap.org/relation/13926586","tech":"Onshore","commissioning_year":2002},"geometry":{"type":"Point","coordinates":[-3.656,37.53]}},{"type":"Feature","properties":{"id":"ppm-es-5486","name":"Cerro De La Silla Wind Farm","capacity_mw":15.0,"fuel_type":"wind","status":"operational","precision":"approximate","source":"powerplantmatching v0.9.0, 2026-10-03 · Global Energy Monitor, OpenStreetMap","source_url":"https://www.openstreetmap.org/relation/20317009","tech":"Onshore","commissioning_year":2005},"geometry":{"type":"Point","coordinates":[-0.953,38.806]}},{"type":"Feature","properties":{"id":"ppm-es-5548","name":"El Sotillo Wind Farm","capacity_mw":15.0,"fuel_type":"wind","status":"operational","precision":"approximate","source":"powerplantmatching v0.9.0, 2026-10-03 · Global Energy Monitor, OpenStreetMap","source_url":"https://www.openstreetmap.org/relation/12991834","tech":"Onshore","commissioning_year":2018},"geometry":{"type":"Point","coordinates":[-1.35,41.641]}},{"type":"Feature","properties":{"id":"ppm-es-5607","name":"Las Lomas Uniwindet Wind Farm","capacity_mw":15.0,"fuel_type":"wind","status":"operational","precision":"approximate","source":"powerplantmatching v0.9.0, 2026-10-03 · Global Energy Monitor, OpenStreetMap","source_url":"https://www.openstreetmap.org/relation/13899186","tech":"Onshore"},"geometry":{"type":"Point","coordinates":[-3.518,36.91]}},{"type":"Feature","properties":{"id":"ppm-es-5647","name":"Los Cierzos Wind Farm","capacity_mw":15.0,"fuel_type":"wind","status":"operational","precision":"approximate","source":"powerplantmatching v0.9.0, 2026-10-03 · Global Energy Monitor, OpenStreetMap","source_url":"https://www.openstreetmap.org/relation/12998351","tech":"Onshore"},"geometry":{"type":"Point","coordinates":[-1.351,41.858]}},{"type":"Feature","properties":{"id":"ppm-es-5675","name":"Montes De Abella Wind Farm","capacity_mw":15.0,"fuel_type":"wind","status":"operational","precision":"approximate","source":"powerplantmatching v0.9.0, 2026-10-03 · Global Energy Monitor, OpenStreetMap","source_url":"https://www.openstreetmap.org/relation/17531943","tech":"Onshore","commissioning_year":2019},"geometry":{"type":"Point","coordinates":[-7.262,42.796]}},{"type":"Feature","properties":{"id":"ppm-es-10958","name":"Ojos Albos Wind Farm","capacity_mw":15.0,"fuel_type":"wind","status":"operational","precision":"approximate","source":"powerplantmatching v0.9.0, 2026-10-03 · Global Energy Monitor, WRI GPPD","source_url":"https://github.com/PyPSA/powerplantmatching","tech":"Onshore","commissioning_year":2000},"geometry":{"type":"Point","coordinates":[-4.5,40.71]}},{"type":"Feature","properties":{"id":"ppm-es-10966","name":"Zarza Solar","capacity_mw":15.0,"fuel_type":"solar","status":"operational","precision":"approximate","source":"powerplantmatching v0.9.0, 2026-10-03 · Global Energy Monitor, WRI GPPD","source_url":"https://github.com/PyPSA/powerplantmatching","tech":"PV","commissioning_year":2017},"geometry":{"type":"Point","coordinates":[-6.832,39.869]}},{"type":"Feature","properties":{"id":"ppm-es-12457","name":"Altos De Libia Solar Farm","capacity_mw":15.0,"fuel_type":"solar","status":"operational","precision":"approximate","source":"powerplantmatching v0.9.0, 2026-10-03 · Global Energy Monitor","source_url":"https://github.com/PyPSA/powerplantmatching","tech":"PV"},"geometry":{"type":"Point","coordinates":[-2.475,41.767]}},{"type":"Feature","properties":{"id":"ppm-es-12773","name":"Area Experimental De Barasoain Wind Farm","capacity_mw":15.0,"fuel_type":"wind","status":"operational","precision":"approximate","source":"powerplantmatching v0.9.0, 2026-10-03 · Global Energy Monitor","source_url":"https://github.com/PyPSA/powerplantmatching","tech":"Onshore","commissioning_year":2013},"geometry":{"type":"Point","coordinates":[-1.674,42.606]}},{"type":"Feature","properties":{"id":"ppm-es-12983","name":"Aznalcollar Solar","capacity_mw":15.0,"fuel_type":"solar","status":"operational","precision":"approximate","source":"powerplantmatching v0.9.0, 2026-10-03 · Global Energy Monitor","source_url":"https://github.com/PyPSA/powerplantmatching","tech":"PV","commissioning_year":2008},"geometry":{"type":"Point","coordinates":[-6.231,37.498]}},{"type":"Feature","properties":{"id":"ppm-es-14237","name":"Cantiruela Wind Farm","capacity_mw":15.0,"fuel_type":"wind","status":"operational","precision":"approximate","source":"powerplantmatching v0.9.0, 2026-10-03 · Global Energy Monitor","source_url":"https://github.com/PyPSA/powerplantmatching","tech":"Onshore","commissioning_year":2008},"geometry":{"type":"Point","coordinates":[-3.75,42.72]}},{"type":"Feature","properties":{"id":"ppm-es-20015","name":"Los Verdinales Solar","capacity_mw":15.0,"fuel_type":"solar","status":"operational","precision":"approximate","source":"powerplantmatching v0.9.0, 2026-10-03 · Global Energy Monitor","source_url":"https://github.com/PyPSA/powerplantmatching","tech":"PV","commissioning_year":2020},"geometry":{"type":"Point","coordinates":[-4.631,41.542]}},{"type":"Feature","properties":{"id":"ppm-es-20543","name":"Miajadas","capacity_mw":15.0,"fuel_type":"biomass","status":"operational","precision":"approximate","source":"powerplantmatching v0.9.0, 2026-10-03 · Global Energy Monitor","source_url":"https://github.com/PyPSA/powerplantmatching","commissioning_year":2010},"geometry":{"type":"Point","coordinates":[-5.946,39.119]}},{"type":"Feature","properties":{"id":"ppm-es-21046","name":"Nava De Campana Solar","capacity_mw":15.0,"fuel_type":"solar","status":"operational","precision":"approximate","source":"powerplantmatching v0.9.0, 2026-10-03 · Global Energy Monitor","source_url":"https://github.com/PyPSA/powerplantmatching","tech":"PV","commissioning_year":2008},"geometry":{"type":"Point","coordinates":[-1.647,38.47]}},{"type":"Feature","properties":{"id":"ppm-es-23869","name":"Sierra Selva Acciona Energia Navarra Wind Farm","capacity_mw":15.0,"fuel_type":"wind","status":"operational","precision":"approximate","source":"powerplantmatching v0.9.0, 2026-10-03 · Global Energy Monitor","source_url":"https://github.com/PyPSA/powerplantmatching","tech":"Onshore","commissioning_year":2000},"geometry":{"type":"Point","coordinates":[-1.104,42.441]}},{"type":"Feature","properties":{"id":"ppm-es-12544","name":"Andalusia Solar Cii","capacity_mw":14.9,"fuel_type":"solar","status":"operational","precision":"approximate","source":"powerplantmatching v0.9.0, 2026-10-03 · Global Energy Monitor","source_url":"https://github.com/PyPSA/powerplantmatching","tech":"PV","commissioning_year":2021},"geometry":{"type":"Point","coordinates":[-4.725,37.39]}},{"type":"Feature","properties":{"id":"ppm-es-14397","name":"Castile La Mancha Solar Ccclxxxviii","capacity_mw":14.9,"fuel_type":"solar","status":"operational","precision":"approximate","source":"powerplantmatching v0.9.0, 2026-10-03 · Global Energy Monitor","source_url":"https://github.com/PyPSA/powerplantmatching","tech":"PV","commissioning_year":2023},"geometry":{"type":"Point","coordinates":[-3.289,40.638]}},{"type":"Feature","properties":{"id":"ppm-es-10940","name":"Rota Solar","capacity_mw":14.8,"fuel_type":"solar","status":"operational","precision":"approximate","source":"powerplantmatching v0.9.0, 2026-10-03 · Global Energy Monitor, WRI GPPD","source_url":"https://github.com/PyPSA/powerplantmatching","tech":"PV","commissioning_year":2023},"geometry":{"type":"Point","coordinates":[-6.284,36.694]}},{"type":"Feature","properties":{"id":"ppm-es-10961","name":"Villar De Canas Solar","capacity_mw":14.8,"fuel_type":"solar","status":"operational","precision":"approximate","source":"powerplantmatching v0.9.0, 2026-10-03 · Global Energy Monitor, WRI GPPD","source_url":"https://github.com/PyPSA/powerplantmatching","tech":"PV","commissioning_year":2017},"geometry":{"type":"Point","coordinates":[-2.569,39.834]}},{"type":"Feature","properties":{"id":"ppm-es-14541","name":"Castile La Mancha Solar Cxlvi","capacity_mw":14.8,"fuel_type":"solar","status":"operational","precision":"approximate","source":"powerplantmatching v0.9.0, 2026-10-03 · Global Energy Monitor","source_url":"https://github.com/PyPSA/powerplantmatching","tech":"PV","commissioning_year":2023},"geometry":{"type":"Point","coordinates":[-1.736,38.835]}},{"type":"Feature","properties":{"id":"ppm-es-10983","name":"Valdelaguna Solar","capacity_mw":14.7,"fuel_type":"solar","status":"operational","precision":"approximate","source":"powerplantmatching v0.9.0, 2026-10-03 · Global Energy Monitor, WRI GPPD","source_url":"https://github.com/PyPSA/powerplantmatching","tech":"PV","commissioning_year":2017},"geometry":{"type":"Point","coordinates":[-2.434,36.955]}},{"type":"Feature","properties":{"id":"ppm-es-10770","name":"Alconera Solar","capacity_mw":14.6,"fuel_type":"solar","status":"operational","precision":"approximate","source":"powerplantmatching v0.9.0, 2026-10-03 · Global Energy Monitor, WRI GPPD","source_url":"https://github.com/PyPSA/powerplantmatching","tech":"PV","commissioning_year":2008},"geometry":{"type":"Point","coordinates":[-6.457,38.371]}},{"type":"Feature","properties":{"id":"ppm-es-10912","name":"Lobosillo Solar","capacity_mw":14.6,"fuel_type":"solar","status":"operational","precision":"approximate","source":"powerplantmatching v0.9.0, 2026-10-03 · Global Energy Monitor, WRI GPPD","source_url":"https://github.com/PyPSA/powerplantmatching","tech":"PV","commissioning_year":2017},"geometry":{"type":"Point","coordinates":[-1.061,37.735]}},{"type":"Feature","properties":{"id":"ppm-es-14451","name":"Castile La Mancha Solar Ccliv","capacity_mw":14.6,"fuel_type":"solar","status":"operational","precision":"approximate","source":"powerplantmatching v0.9.0, 2026-10-03 · Global Energy Monitor","source_url":"https://github.com/PyPSA/powerplantmatching","tech":"PV","commissioning_year":2023},"geometry":{"type":"Point","coordinates":[-1.577,38.756]}},{"type":"Feature","properties":{"id":"ppm-es-16349","name":"El Condado Solar Xv","capacity_mw":14.6,"fuel_type":"solar","status":"operational","precision":"approximate","source":"powerplantmatching v0.9.0, 2026-10-03 · Global Energy Monitor","source_url":"https://github.com/PyPSA/powerplantmatching","tech":"PV","commissioning_year":2017},"geometry":{"type":"Point","coordinates":[-6.517,37.163]}},{"type":"Feature","properties":{"id":"ppm-es-23346","name":"Sadaba Solar","capacity_mw":14.6,"fuel_type":"solar","status":"operational","precision":"approximate","source":"powerplantmatching v0.9.0, 2026-10-03 · Global Energy Monitor","source_url":"https://github.com/PyPSA/powerplantmatching","tech":"PV","commissioning_year":2017},"geometry":{"type":"Point","coordinates":[-1.253,42.265]}},{"type":"Feature","properties":{"id":"ppm-es-11918","name":"Laspuna","capacity_mw":14.5,"fuel_type":"hydro","status":"operational","precision":"approximate","source":"powerplantmatching v0.9.0, 2026-10-03 · Open Power System Data, OpenStreetMap","source_url":"https://www.openstreetmap.org/way/844074076","tech":"Reservoir","commissioning_year":1965},"geometry":{"type":"Point","coordinates":[0.149,42.505]}},{"type":"Feature","properties":{"id":"ppm-es-12552","name":"Andalusia Solar Clvii","capacity_mw":14.5,"fuel_type":"solar","status":"operational","precision":"approximate","source":"powerplantmatching v0.9.0, 2026-10-03 · Global Energy Monitor","source_url":"https://github.com/PyPSA/powerplantmatching","tech":"PV","commissioning_year":2024},"geometry":{"type":"Point","coordinates":[-5.617,37.555]}},{"type":"Feature","properties":{"id":"ppm-es-12573","name":"Andalusia Solar Clxxxiv","capacity_mw":14.5,"fuel_type":"solar","status":"operational","precision":"approximate","source":"powerplantmatching v0.9.0, 2026-10-03 · Global Energy Monitor","source_url":"https://github.com/PyPSA/powerplantmatching","tech":"PV","commissioning_year":2017},"geometry":{"type":"Point","coordinates":[-6.278,37.302]}},{"type":"Feature","properties":{"id":"ppm-es-15386","name":"Constanti Solar Farm","capacity_mw":14.5,"fuel_type":"solar","status":"operational","precision":"approximate","source":"powerplantmatching v0.9.0, 2026-10-03 · Global Energy Monitor","source_url":"https://github.com/PyPSA/powerplantmatching","tech":"PV","commissioning_year":2023},"geometry":{"type":"Point","coordinates":[2.076,41.394]}},{"type":"Feature","properties":{"id":"ppm-es-11969","name":"Almadenes","capacity_mw":14.4,"fuel_type":"hydro","status":"operational","precision":"approximate","source":"powerplantmatching v0.9.0, 2026-10-03 · Open Power System Data, OpenStreetMap","source_url":"https://www.openstreetmap.org/relation/10749020","tech":"Run-Of-River","commissioning_year":1923},"geometry":{"type":"Point","coordinates":[-1.559,38.237]}},{"type":"Feature","properties":{"id":"ppm-es-10859","name":"Castile La Mancha Solar Xxxvii","capacity_mw":14.3,"fuel_type":"solar","status":"operational","precision":"approximate","source":"powerplantmatching v0.9.0, 2026-10-03 · Global Energy Monitor, WRI GPPD","source_url":"https://github.com/PyPSA/powerplantmatching","tech":"PV","commissioning_year":2017},"geometry":{"type":"Point","coordinates":[-3.534,39.495]}},{"type":"Feature","properties":{"id":"ppm-es-14540","name":"Castile La Mancha Solar Cxliv","capacity_mw":14.3,"fuel_type":"solar","status":"operational","precision":"approximate","source":"powerplantmatching v0.9.0, 2026-10-03 · Global Energy Monitor","source_url":"https://github.com/PyPSA/powerplantmatching","tech":"PV","commissioning_year":2017},"geometry":{"type":"Point","coordinates":[-1.577,39.138]}},{"type":"Feature","properties":{"id":"ppm-es-15335","name":"Comarca Metropolitana De Huelva Solar Xiv","capacity_mw":14.3,"fuel_type":"solar","status":"operational","precision":"approximate","source":"powerplantmatching v0.9.0, 2026-10-03 · Global Energy Monitor","source_url":"https://github.com/PyPSA/powerplantmatching","tech":"PV","commissioning_year":2017},"geometry":{"type":"Point","coordinates":[-6.806,37.284]}},{"type":"Feature","properties":{"id":"ppm-es-14461","name":"Castile La Mancha Solar Cclxx","capacity_mw":14.2,"fuel_type":"solar","status":"operational","precision":"approximate","source":"powerplantmatching v0.9.0, 2026-10-03 · Global Energy Monitor","source_url":"https://github.com/PyPSA/powerplantmatching","tech":"PV","commissioning_year":2023},"geometry":{"type":"Point","coordinates":[-4.1,39.734]}},{"type":"Feature","properties":{"id":"ppm-es-10951","name":"Plasencia Solar","capacity_mw":14.1,"fuel_type":"solar","status":"operational","precision":"approximate","source":"powerplantmatching v0.9.0, 2026-10-03 · Global Energy Monitor, WRI GPPD","source_url":"https://github.com/PyPSA/powerplantmatching","tech":"PV","commissioning_year":2017},"geometry":{"type":"Point","coordinates":[-1.251,41.713]}},{"type":"Feature","properties":{"id":"ppm-es-12587","name":"Andalusia Solar Cxliii","capacity_mw":14.1,"fuel_type":"solar","status":"operational","precision":"approximate","source":"powerplantmatching v0.9.0, 2026-10-03 · Global Energy Monitor","source_url":"https://github.com/PyPSA/powerplantmatching","tech":"PV","commissioning_year":2017},"geometry":{"type":"Point","coordinates":[-4.746,37.389]}},{"type":"Feature","properties":{"id":"ppm-es-2558","name":"Cordal De Montouto Wind Farm","capacity_mw":14.0,"fuel_type":"wind","status":"operational","precision":"approximate","source":"powerplantmatching v0.9.0, 2026-10-03 · Global Energy Monitor, WRI GPPD, OpenStreetMap","source_url":"https://www.openstreetmap.org/relation/17507691","tech":"Onshore","commissioning_year":2001},"geometry":{"type":"Point","coordinates":[-7.93,43.239]}},{"type":"Feature","properties":{"id":"ppm-es-2562","name":"Cortijo Iruelas Wind Farm","capacity_mw":14.0,"fuel_type":"wind","status":"operational","precision":"approximate","source":"powerplantmatching v0.9.0, 2026-10-03 · Global Energy Monitor, WRI GPPD, OpenStreetMap","source_url":"https://www.openstreetmap.org/relation/13945956","tech":"Onshore","commissioning_year":2005},"geometry":{"type":"Point","coordinates":[-4.05,37.317]}},{"type":"Feature","properties":{"id":"ppm-es-2572","name":"Montejo De Bricia Wind Farm","capacity_mw":14.0,"fuel_type":"wind","status":"operational","precision":"approximate","source":"powerplantmatching v0.9.0, 2026-10-03 · Global Energy Monitor, WRI GPPD, OpenStreetMap","source_url":"https://www.openstreetmap.org/relation/9325872","tech":"Onshore","commissioning_year":2006},"geometry":{"type":"Point","coordinates":[-3.86,42.9]}},{"type":"Feature","properties":{"id":"ppm-es-2652","name":"Penas Grandes Wind Farm","capacity_mw":14.0,"fuel_type":"wind","status":"operational","precision":"approximate","source":"powerplantmatching v0.9.0, 2026-10-03 · Global Energy Monitor, WRI GPPD, OpenStreetMap","source_url":"https://www.openstreetmap.org/relation/17174396","tech":"Onshore","commissioning_year":2005},"geometry":{"type":"Point","coordinates":[-7.912,42.597]}},{"type":"Feature","properties":{"id":"ppm-es-5497","name":"El Granado Wind Farm","capacity_mw":14.0,"fuel_type":"wind","status":"operational","precision":"approximate","source":"powerplantmatching v0.9.0, 2026-10-03 · Global Energy Monitor, OpenStreetMap","source_url":"https://www.openstreetmap.org/relation/13934170","tech":"Onshore","commissioning_year":2003},"geometry":{"type":"Point","coordinates":[-2.574,41.098]}},{"type":"Feature","properties":{"id":"ppm-es-5573","name":"La Cabrera Wind Farm","capacity_mw":14.0,"fuel_type":"wind","status":"operational","precision":"approximate","source":"powerplantmatching v0.9.0, 2026-10-03 · Global Energy Monitor, OpenStreetMap","source_url":"https://www.openstreetmap.org/relation/12907257","tech":"Onshore","commissioning_year":1999},"geometry":{"type":"Point","coordinates":[-0.79,39.42]}},{"type":"Feature","properties":{"id":"ppm-es-5614","name":"La Veleta Wind Farm","capacity_mw":14.0,"fuel_type":"wind","status":"operational","precision":"approximate","source":"powerplantmatching v0.9.0, 2026-10-03 · Global Energy Monitor, OpenStreetMap","source_url":"https://www.openstreetmap.org/relation/14205375","tech":"Onshore","commissioning_year":2006},"geometry":{"type":"Point","coordinates":[-3.47,42.46]}},{"type":"Feature","properties":{"id":"ppm-es-5655","name":"Picazo Wind Farm","capacity_mw":14.0,"fuel_type":"wind","status":"operational","precision":"approximate","source":"powerplantmatching v0.9.0, 2026-10-03 · Global Energy Monitor, OpenStreetMap","source_url":"https://www.openstreetmap.org/relation/13062850","tech":"Onshore","commissioning_year":2009},"geometry":{"type":"Point","coordinates":[-1.852,41.075]}},{"type":"Feature","properties":{"id":"ppm-es-5696","name":"Rancho Viejo Wind Farm","capacity_mw":14.0,"fuel_type":"wind","status":"operational","precision":"approximate","source":"powerplantmatching v0.9.0, 2026-10-03 · Global Energy Monitor, OpenStreetMap","source_url":"https://www.openstreetmap.org/relation/13943147","tech":"Onshore","commissioning_year":2007},"geometry":{"type":"Point","coordinates":[-5.899,36.465]}},{"type":"Feature","properties":{"id":"ppm-es-5729","name":"Sierra De Oriche Wind Farm","capacity_mw":14.0,"fuel_type":"wind","status":"operational","precision":"approximate","source":"powerplantmatching v0.9.0, 2026-10-03 · Global Energy Monitor, OpenStreetMap","source_url":"https://www.openstreetmap.org/relation/12997744","tech":"Onshore","commissioning_year":2020},"geometry":{"type":"Point","coordinates":[-1.012,40.982]}},{"type":"Feature","properties":{"id":"ppm-es-5734","name":"Sierra Pelarda Wind Farm","capacity_mw":14.0,"fuel_type":"wind","status":"operational","precision":"approximate","source":"powerplantmatching v0.9.0, 2026-10-03 · Global Energy Monitor, OpenStreetMap","source_url":"https://www.openstreetmap.org/relation/12848231","tech":"Onshore","commissioning_year":2019},"geometry":{"type":"Point","coordinates":[-1.088,40.985]}},{"type":"Feature","properties":{"id":"ppm-es-5767","name":"Virgen De La Pena De Alfajarin Wind Farm","capacity_mw":14.0,"fuel_type":"wind","status":"operational","precision":"approximate","source":"powerplantmatching v0.9.0, 2026-10-03 · Global Energy Monitor, OpenStreetMap","source_url":"https://www.openstreetmap.org/relation/12997892","tech":"Onshore","commissioning_year":2018},"geometry":{"type":"Point","coordinates":[-0.637,41.692]}},{"type":"Feature","properties":{"id":"ppm-es-10870","name":"La Solana Cr Solar","capacity_mw":14.0,"fuel_type":"solar","status":"operational","precision":"approximate","source":"powerplantmatching v0.9.0, 2026-10-03 · Global Energy Monitor, WRI GPPD","source_url":"https://github.com/PyPSA/powerplantmatching","tech":"PV","commissioning_year":2023},"geometry":{"type":"Point","coordinates":[-3.256,38.924]}},{"type":"Feature","properties":{"id":"ppm-es-14623","name":"Castile Leon Solar Cccxli","capacity_mw":14.0,"fuel_type":"solar","status":"operational","precision":"approximate","source":"powerplantmatching v0.9.0, 2026-10-03 · Global Energy Monitor","source_url":"https://github.com/PyPSA/powerplantmatching","tech":"PV","commissioning_year":2018},"geometry":{"type":"Point","coordinates":[-3.261,42.011]}},{"type":"Feature","properties":{"id":"ppm-es-16372","name":"El Tomillar Solar","capacity_mw":14.0,"fuel_type":"solar","status":"operational","precision":"approximate","source":"powerplantmatching v0.9.0, 2026-10-03 · Global Energy Monitor","source_url":"https://github.com/PyPSA/powerplantmatching","tech":"PV","commissioning_year":2023},"geometry":{"type":"Point","coordinates":[-1.772,38.97]}},{"type":"Feature","properties":{"id":"ppm-es-20512","name":"Merida Solar","capacity_mw":14.0,"fuel_type":"solar","status":"operational","precision":"approximate","source":"powerplantmatching v0.9.0, 2026-10-03 · Global Energy Monitor","source_url":"https://github.com/PyPSA/powerplantmatching","tech":"PV","commissioning_year":2024},"geometry":{"type":"Point","coordinates":[-6.33,38.848]}},{"type":"Feature","properties":{"id":"ppm-es-10964","name":"Yecla Altiplano Solar","capacity_mw":13.9,"fuel_type":"solar","status":"operational","precision":"approximate","source":"powerplantmatching v0.9.0, 2026-10-03 · Global Energy Monitor, WRI GPPD","source_url":"https://github.com/PyPSA/powerplantmatching","tech":"PV","commissioning_year":2017},"geometry":{"type":"Point","coordinates":[-1.067,38.588]}},{"type":"Feature","properties":{"id":"ppm-es-14445","name":"Castile La Mancha Solar Cccxxxvi","capacity_mw":13.9,"fuel_type":"solar","status":"operational","precision":"approximate","source":"powerplantmatching v0.9.0, 2026-10-03 · Global Energy Monitor","source_url":"https://github.com/PyPSA/powerplantmatching","tech":"PV","commissioning_year":2017},"geometry":{"type":"Point","coordinates":[-1.714,39.439]}},{"type":"Feature","properties":{"id":"ppm-es-10942","name":"Salamanca Es Solar","capacity_mw":13.8,"fuel_type":"solar","status":"operational","precision":"approximate","source":"powerplantmatching v0.9.0, 2026-10-03 · Global Energy Monitor, WRI GPPD","source_url":"https://github.com/PyPSA/powerplantmatching","tech":"PV","commissioning_year":2007},"geometry":{"type":"Point","coordinates":[-5.85,41.028]}},{"type":"Feature","properties":{"id":"ppm-es-14568","name":"Castile La Mancha Solar Lxv","capacity_mw":13.8,"fuel_type":"solar","status":"operational","precision":"approximate","source":"powerplantmatching v0.9.0, 2026-10-03 · Global Energy Monitor","source_url":"https://github.com/PyPSA/powerplantmatching","tech":"PV","commissioning_year":2023},"geometry":{"type":"Point","coordinates":[-2.062,38.888]}},{"type":"Feature","properties":{"id":"ppm-es-15302","name":"Colmenar De Oreja Solar","capacity_mw":13.8,"fuel_type":"solar","status":"operational","precision":"approximate","source":"powerplantmatching v0.9.0, 2026-10-03 · Global Energy Monitor","source_url":"https://github.com/PyPSA/powerplantmatching","tech":"PV","commissioning_year":2023},"geometry":{"type":"Point","coordinates":[-3.546,40.092]}},{"type":"Feature","properties":{"id":"ppm-es-16633","name":"Extremadura Solar Lix","capacity_mw":13.8,"fuel_type":"solar","status":"operational","precision":"approximate","source":"powerplantmatching v0.9.0, 2026-10-03 · Global Energy Monitor","source_url":"https://github.com/PyPSA/powerplantmatching","tech":"PV","commissioning_year":2023},"geometry":{"type":"Point","coordinates":[-5.377,40.003]}},{"type":"Feature","properties":{"id":"ppm-es-21786","name":"Palma De Mallorca Solar","capacity_mw":13.8,"fuel_type":"solar","status":"operational","precision":"approximate","source":"powerplantmatching v0.9.0, 2026-10-03 · Global Energy Monitor","source_url":"https://github.com/PyPSA/powerplantmatching","tech":"PV","commissioning_year":2022},"geometry":{"type":"Point","coordinates":[2.673,39.635]}},{"type":"Feature","properties":{"id":"ppm-es-23871","name":"Sierra Suroeste Solar","capacity_mw":13.8,"fuel_type":"solar","status":"operational","precision":"approximate","source":"powerplantmatching v0.9.0, 2026-10-03 · Global Energy Monitor","source_url":"https://github.com/PyPSA/powerplantmatching","tech":"PV","commissioning_year":2017},"geometry":{"type":"Point","coordinates":[-6.714,38.319]}},{"type":"Feature","properties":{"id":"ppm-es-10841","name":"Darro Epuron Solar","capacity_mw":13.7,"fuel_type":"solar","status":"operational","precision":"approximate","source":"powerplantmatching v0.9.0, 2026-10-03 · Global Energy Monitor, WRI GPPD","source_url":"https://github.com/PyPSA/powerplantmatching","tech":"PV","commissioning_year":2017},"geometry":{"type":"Point","coordinates":[-3.27,37.348]}},{"type":"Feature","properties":{"id":"ppm-es-14204","name":"Campina De Jerez Solar","capacity_mw":13.7,"fuel_type":"solar","status":"operational","precision":"approximate","source":"powerplantmatching v0.9.0, 2026-10-03 · Global Energy Monitor","source_url":"https://github.com/PyPSA/powerplantmatching","tech":"PV","commissioning_year":2023},"geometry":{"type":"Point","coordinates":[-5.846,36.582]}},{"type":"Feature","properties":{"id":"ppm-es-14386","name":"Castile La Mancha Solar Ccclxxv","capacity_mw":13.7,"fuel_type":"solar","status":"operational","precision":"approximate","source":"powerplantmatching v0.9.0, 2026-10-03 · Global Energy Monitor","source_url":"https://github.com/PyPSA/powerplantmatching","tech":"PV","commissioning_year":2017},"geometry":{"type":"Point","coordinates":[-3.738,39.91]}},{"type":"Feature","properties":{"id":"ppm-es-10955","name":"Murcia Campo De Cartagena Mar Menor Solar","capacity_mw":13.5,"fuel_type":"solar","status":"operational","precision":"approximate","source":"powerplantmatching v0.9.0, 2026-10-03 · Global Energy Monitor, WRI GPPD","source_url":"https://github.com/PyPSA/powerplantmatching","tech":"PV","commissioning_year":2017},"geometry":{"type":"Point","coordinates":[-1.066,37.807]}},{"type":"Feature","properties":{"id":"ppm-es-14224","name":"Campos Del Rio Solar","capacity_mw":13.5,"fuel_type":"solar","status":"operational","precision":"approximate","source":"powerplantmatching v0.9.0, 2026-10-03 · Global Energy Monitor","source_url":"https://github.com/PyPSA/powerplantmatching","tech":"PV","commissioning_year":2022},"geometry":{"type":"Point","coordinates":[-1.345,38.059]}},{"type":"Feature","properties":{"id":"ppm-es-14688","name":"Castile Leon Solar Cclxxxv","capacity_mw":13.5,"fuel_type":"solar","status":"operational","precision":"approximate","source":"powerplantmatching v0.9.0, 2026-10-03 · Global Energy Monitor","source_url":"https://github.com/PyPSA/powerplantmatching","tech":"PV","commissioning_year":2017},"geometry":{"type":"Point","coordinates":[-4.982,40.919]}},{"type":"Feature","properties":{"id":"ppm-es-20625","name":"Minaya Solar","capacity_mw":13.5,"fuel_type":"solar","status":"operational","precision":"approximate","source":"powerplantmatching v0.9.0, 2026-10-03 · Global Energy Monitor","source_url":"https://github.com/PyPSA/powerplantmatching","tech":"PV","commissioning_year":2017},"geometry":{"type":"Point","coordinates":[-2.259,39.147]}},{"type":"Feature","properties":{"id":"ppm-es-22644","name":"Prados De Luna Solar","capacity_mw":13.5,"fuel_type":"solar","status":"operational","precision":"approximate","source":"powerplantmatching v0.9.0, 2026-10-03 · Global Energy Monitor","source_url":"https://github.com/PyPSA/powerplantmatching","tech":"PV","commissioning_year":2021},"geometry":{"type":"Point","coordinates":[-3.917,40.019]}},{"type":"Feature","properties":{"id":"ppm-es-12625","name":"Andalusia Solar Xcii","capacity_mw":13.4,"fuel_type":"solar","status":"operational","precision":"approximate","source":"powerplantmatching v0.9.0, 2026-10-03 · Global Energy Monitor","source_url":"https://github.com/PyPSA/powerplantmatching","tech":"PV","commissioning_year":2022},"geometry":{"type":"Point","coordinates":[-5.891,37.261]}},{"type":"Feature","properties":{"id":"ppm-es-12422","name":"Alt Camp Solar","capacity_mw":13.3,"fuel_type":"solar","status":"operational","precision":"approximate","source":"powerplantmatching v0.9.0, 2026-10-03 · Global Energy Monitor","source_url":"https://github.com/PyPSA/powerplantmatching","tech":"PV","commissioning_year":2017},"geometry":{"type":"Point","coordinates":[1.27,41.307]}},{"type":"Feature","properties":{"id":"ppm-es-1372","name":"Toran","capacity_mw":13.2,"fuel_type":"hydro","status":"operational","precision":"approximate","source":"powerplantmatching v0.9.0, 2026-10-03 · Global Hydropower Resources, Open Power System Data, WRI GPPD, OpenStreetMap","source_url":"https://www.openstreetmap.org/way/188509399","tech":"Reservoir","commissioning_year":1963},"geometry":{"type":"Point","coordinates":[-7.83,42.231]}},{"type":"Feature","properties":{"id":"ppm-es-10833","name":"El Realengo Solar","capacity_mw":13.2,"fuel_type":"solar","status":"operational","precision":"approximate","source":"powerplantmatching v0.9.0, 2026-10-03 · Global Energy Monitor, WRI GPPD","source_url":"https://github.com/PyPSA/powerplantmatching","tech":"PV","commissioning_year":2008},"geometry":{"type":"Point","coordinates":[-0.8,38.2]}},{"type":"Feature","properties":{"id":"ppm-es-10890","name":"Fuenmayor Solar","capacity_mw":13.2,"fuel_type":"solar","status":"operational","precision":"approximate","source":"powerplantmatching v0.9.0, 2026-10-03 · Global Energy Monitor, WRI GPPD","source_url":"https://github.com/PyPSA/powerplantmatching","tech":"PV","commissioning_year":2023},"geometry":{"type":"Point","coordinates":[-2.609,42.47]}},{"type":"Feature","properties":{"id":"ppm-es-11904","name":"Pobla","capacity_mw":13.2,"fuel_type":"hydro","status":"operational","precision":"approximate","source":"powerplantmatching v0.9.0, 2026-10-03 · Open Power System Data, OpenStreetMap","source_url":"https://www.openstreetmap.org/way/300630045","tech":"Run-Of-River","commissioning_year":1920},"geometry":{"type":"Point","coordinates":[0.975,42.253]}},{"type":"Feature","properties":{"id":"ppm-es-14507","name":"Castile La Mancha Solar Ciii","capacity_mw":13.2,"fuel_type":"solar","status":"operational","precision":"approximate","source":"powerplantmatching v0.9.0, 2026-10-03 · Global Energy Monitor","source_url":"https://github.com/PyPSA/powerplantmatching","tech":"PV","commissioning_year":2023},"geometry":{"type":"Point","coordinates":[-1.476,39.108]}},{"type":"Feature","properties":{"id":"ppm-es-1381","name":"Duque","capacity_mw":13.0,"fuel_type":"hydro","status":"operational","precision":"approximate","source":"powerplantmatching v0.9.0, 2026-10-03 · JRC (European Commission), Global Hydropower Resources, Open Power System Data, WRI GPPD","source_url":"https://github.com/PyPSA/powerplantmatching","tech":"Reservoir","commissioning_year":1942},"geometry":{"type":"Point","coordinates":[-3.344,36.92]}},{"type":"Feature","properties":{"id":"ppm-es-1385","name":"Pampaneira","capacity_mw":13.0,"fuel_type":"hydro","status":"operational","precision":"approximate","source":"powerplantmatching v0.9.0, 2026-10-03 · JRC (European Commission), Global Hydropower Resources, Open Power System Data, WRI GPPD","source_url":"https://github.com/PyPSA/powerplantmatching","tech":"Reservoir","commissioning_year":1956},"geometry":{"type":"Point","coordinates":[-3.343,36.94]}},{"type":"Feature","properties":{"id":"ppm-es-2589","name":"Enix Wind Farm","capacity_mw":13.0,"fuel_type":"wind","status":"operational","precision":"approximate","source":"powerplantmatching v0.9.0, 2026-10-03 · Global Energy Monitor, WRI GPPD, OpenStreetMap","source_url":"https://www.openstreetmap.org/relation/13898981","tech":"Onshore","commissioning_year":1996},"geometry":{"type":"Point","coordinates":[-2.602,36.877]}},{"type":"Feature","properties":{"id":"ppm-es-2662","name":"Rio Almodovar Wind Farm","capacity_mw":13.0,"fuel_type":"wind","status":"operational","precision":"approximate","source":"powerplantmatching v0.9.0, 2026-10-03 · Global Energy Monitor, WRI GPPD, OpenStreetMap","source_url":"https://www.openstreetmap.org/relation/13945968","tech":"Onshore","commissioning_year":2004},"geometry":{"type":"Point","coordinates":[-5.763,36.195]}},{"type":"Feature","properties":{"id":"ppm-es-4343","name":"Nuevo Chorro","capacity_mw":13.0,"fuel_type":"hydro","status":"operational","precision":"approximate","source":"powerplantmatching v0.9.0, 2026-10-03 · JRC (European Commission), Global Hydropower Resources, Open Power System Data","source_url":"https://github.com/PyPSA/powerplantmatching","tech":"Reservoir","commissioning_year":1981},"geometry":{"type":"Point","coordinates":[-4.791,36.879]}},{"type":"Feature","properties":{"id":"ppm-es-5367","name":"Aizkibel Wind Farm","capacity_mw":13.0,"fuel_type":"wind","status":"operational","precision":"approximate","source":"powerplantmatching v0.9.0, 2026-10-03 · Global Energy Monitor, OpenStreetMap","source_url":"https://www.openstreetmap.org/relation/17678366","tech":"Onshore","commissioning_year":2002},"geometry":{"type":"Point","coordinates":[-1.695,42.72]}},{"type":"Feature","properties":{"id":"ppm-es-5444","name":"Calobres Wind Farm","capacity_mw":13.0,"fuel_type":"wind","status":"operational","precision":"approximate","source":"powerplantmatching v0.9.0, 2026-10-03 · Global Energy Monitor, OpenStreetMap","source_url":"https://www.openstreetmap.org/relation/19603574","tech":"Onshore","commissioning_year":1999},"geometry":{"type":"Point","coordinates":[0.662,40.883]}},{"type":"Feature","properties":{"id":"ppm-es-5476","name":"Ciesma De Grisel Wind Farm","capacity_mw":13.0,"fuel_type":"wind","status":"operational","precision":"approximate","source":"powerplantmatching v0.9.0, 2026-10-03 · Global Energy Monitor, OpenStreetMap","source_url":"https://www.openstreetmap.org/relation/12998714","tech":"Onshore","commissioning_year":2001},"geometry":{"type":"Point","coordinates":[-1.726,41.859]}},{"type":"Feature","properties":{"id":"ppm-es-5577","name":"Hijes Wind Farm","capacity_mw":13.0,"fuel_type":"wind","status":"operational","precision":"approximate","source":"powerplantmatching v0.9.0, 2026-10-03 · Global Energy Monitor, OpenStreetMap","source_url":"https://www.openstreetmap.org/relation/13061911","tech":"Onshore","commissioning_year":2005},"geometry":{"type":"Point","coordinates":[-3.043,41.279]}},{"type":"Feature","properties":{"id":"ppm-es-5648","name":"Pena Alta Wind Farm","capacity_mw":13.0,"fuel_type":"wind","status":"operational","precision":"approximate","source":"powerplantmatching v0.9.0, 2026-10-03 · Global Energy Monitor, OpenStreetMap","source_url":"https://www.openstreetmap.org/relation/14114237","tech":"Onshore"},"geometry":{"type":"Point","coordinates":[-3.601,42.84]}},{"type":"Feature","properties":{"id":"ppm-es-5679","name":"Morrablancar Wind Farm","capacity_mw":13.0,"fuel_type":"wind","status":"operational","precision":"approximate","source":"powerplantmatching v0.9.0, 2026-10-03 · Global Energy Monitor, OpenStreetMap","source_url":"https://www.openstreetmap.org/relation/15879810","tech":"Onshore","commissioning_year":2003},"geometry":{"type":"Point","coordinates":[-1.584,38.975]}},{"type":"Feature","properties":{"id":"ppm-es-10885","name":"Hinojos Solar","capacity_mw":13.0,"fuel_type":"solar","status":"operational","precision":"approximate","source":"powerplantmatching v0.9.0, 2026-10-03 · Global Energy Monitor, WRI GPPD","source_url":"https://github.com/PyPSA/powerplantmatching","tech":"PV","commissioning_year":2017},"geometry":{"type":"Point","coordinates":[-6.416,37.268]}},{"type":"Feature","properties":{"id":"ppm-es-12432","name":"Alten El Casar Solar Farm","capacity_mw":13.0,"fuel_type":"solar","status":"operational","precision":"approximate","source":"powerplantmatching v0.9.0, 2026-10-03 · Global Energy Monitor","source_url":"https://github.com/PyPSA/powerplantmatching","tech":"PV","commissioning_year":2019},"geometry":{"type":"Point","coordinates":[-3.43,40.703]}},{"type":"Feature","properties":{"id":"ppm-es-14650","name":"Castile Leon Solar Cccxxxv","capacity_mw":13.0,"fuel_type":"solar","status":"operational","precision":"approximate","source":"powerplantmatching v0.9.0, 2026-10-03 · Global Energy Monitor","source_url":"https://github.com/PyPSA/powerplantmatching","tech":"PV","commissioning_year":2021},"geometry":{"type":"Point","coordinates":[-3.61,42.334]}},{"type":"Feature","properties":{"id":"ppm-es-17887","name":"Huelva Comarca Metropolitana De Huelva Solar","capacity_mw":13.0,"fuel_type":"solar","status":"operational","precision":"approximate","source":"powerplantmatching v0.9.0, 2026-10-03 · Global Energy Monitor","source_url":"https://github.com/PyPSA/powerplantmatching","tech":"PV","commissioning_year":2021},"geometry":{"type":"Point","coordinates":[-6.928,37.328]}},{"type":"Feature","properties":{"id":"ppm-es-23857","name":"Sierra Aguas Wind Farm","capacity_mw":13.0,"fuel_type":"wind","status":"operational","precision":"approximate","source":"powerplantmatching v0.9.0, 2026-10-03 · Global Energy Monitor","source_url":"https://github.com/PyPSA/powerplantmatching","tech":"Onshore"},"geometry":{"type":"Point","coordinates":[-4.78,36.82]}},{"type":"Feature","properties":{"id":"ppm-es-10903","name":"Morita Solar","capacity_mw":12.9,"fuel_type":"solar","status":"operational","precision":"approximate","source":"powerplantmatching v0.9.0, 2026-10-03 · Global Energy Monitor, WRI GPPD","source_url":"https://github.com/PyPSA/powerplantmatching","tech":"PV","commissioning_year":2017},"geometry":{"type":"Point","coordinates":[-4.697,37.455]}},{"type":"Feature","properties":{"id":"ppm-es-15331","name":"Comarca Metropolitana De Huelva Solar","capacity_mw":12.9,"fuel_type":"solar","status":"operational","precision":"approximate","source":"powerplantmatching v0.9.0, 2026-10-03 · Global Energy Monitor","source_url":"https://github.com/PyPSA/powerplantmatching","tech":"PV","commissioning_year":2017},"geometry":{"type":"Point","coordinates":[-6.884,37.376]}},{"type":"Feature","properties":{"id":"ppm-es-10878","name":"La Flamenca Solar","capacity_mw":12.8,"fuel_type":"solar","status":"operational","precision":"approximate","source":"powerplantmatching v0.9.0, 2026-10-03 · Global Energy Monitor, WRI GPPD","source_url":"https://github.com/PyPSA/powerplantmatching","tech":"PV","commissioning_year":2017},"geometry":{"type":"Point","coordinates":[-7.259,37.28]}},{"type":"Feature","properties":{"id":"ppm-es-10869","name":"La Rambla Solar","capacity_mw":12.7,"fuel_type":"solar","status":"operational","precision":"approximate","source":"powerplantmatching v0.9.0, 2026-10-03 · Global Energy Monitor, WRI GPPD","source_url":"https://github.com/PyPSA/powerplantmatching","tech":"PV","commissioning_year":2017},"geometry":{"type":"Point","coordinates":[-4.768,37.605]}},{"type":"Feature","properties":{"id":"ppm-es-14563","name":"Castile La Mancha Solar Lv","capacity_mw":12.7,"fuel_type":"solar","status":"operational","precision":"approximate","source":"powerplantmatching v0.9.0, 2026-10-03 · Global Energy Monitor","source_url":"https://github.com/PyPSA/powerplantmatching","tech":"PV","commissioning_year":2017},"geometry":{"type":"Point","coordinates":[-2.397,39.424]}},{"type":"Feature","properties":{"id":"ppm-es-5395","name":"Biniatria Solar Farm","capacity_mw":12.6,"fuel_type":"solar","status":"operational","precision":"approximate","source":"powerplantmatching v0.9.0, 2026-10-03 · Global Energy Monitor, OpenStreetMap","source_url":"https://www.openstreetmap.org/way/961896034","tech":"PV","commissioning_year":2021},"geometry":{"type":"Point","coordinates":[3.082,39.809]}},{"type":"Feature","properties":{"id":"ppm-es-10783","name":"Alcaudete Solar","capacity_mw":12.6,"fuel_type":"solar","status":"operational","precision":"approximate","source":"powerplantmatching v0.9.0, 2026-10-03 · Global Energy Monitor, WRI GPPD","source_url":"https://github.com/PyPSA/powerplantmatching","tech":"PV","commissioning_year":2017},"geometry":{"type":"Point","coordinates":[-4.093,37.571]}},{"type":"Feature","properties":{"id":"ppm-es-14428","name":"Castile La Mancha Solar Cccxvii","capacity_mw":12.6,"fuel_type":"solar","status":"operational","precision":"approximate","source":"powerplantmatching v0.9.0, 2026-10-03 · Global Energy Monitor","source_url":"https://github.com/PyPSA/powerplantmatching","tech":"PV","commissioning_year":2023},"geometry":{"type":"Point","coordinates":[-3.289,39.448]}},{"type":"Feature","properties":{"id":"ppm-es-14589","name":"Castile La Mancha Solar Xxx","capacity_mw":12.6,"fuel_type":"solar","status":"operational","precision":"approximate","source":"powerplantmatching v0.9.0, 2026-10-03 · Global Energy Monitor","source_url":"https://github.com/PyPSA/powerplantmatching","tech":"PV","commissioning_year":2017},"geometry":{"type":"Point","coordinates":[-2.096,39.639]}},{"type":"Feature","properties":{"id":"ppm-es-14771","name":"Castile Leon Solar Cxlix","capacity_mw":12.6,"fuel_type":"solar","status":"operational","precision":"approximate","source":"powerplantmatching v0.9.0, 2026-10-03 · Global Energy Monitor","source_url":"https://github.com/PyPSA/powerplantmatching","tech":"PV","commissioning_year":2022},"geometry":{"type":"Point","coordinates":[-2.504,41.608]}},{"type":"Feature","properties":{"id":"ppm-es-10768","name":"Alcolea Solar","capacity_mw":12.5,"fuel_type":"solar","status":"operational","precision":"approximate","source":"powerplantmatching v0.9.0, 2026-10-03 · Global Energy Monitor, WRI GPPD","source_url":"https://github.com/PyPSA/powerplantmatching","tech":"PV","commissioning_year":2017},"geometry":{"type":"Point","coordinates":[-4.673,37.919]}},{"type":"Feature","properties":{"id":"ppm-es-14406","name":"Castile La Mancha Solar Cccxciii","capacity_mw":12.5,"fuel_type":"solar","status":"operational","precision":"approximate","source":"powerplantmatching v0.9.0, 2026-10-03 · Global Energy Monitor","source_url":"https://github.com/PyPSA/powerplantmatching","tech":"PV","commissioning_year":2023},"geometry":{"type":"Point","coordinates":[-3.512,38.518]}},{"type":"Feature","properties":{"id":"ppm-es-14521","name":"Castile La Mancha Solar Clxvii","capacity_mw":12.5,"fuel_type":"solar","status":"operational","precision":"approximate","source":"powerplantmatching v0.9.0, 2026-10-03 · Global Energy Monitor","source_url":"https://github.com/PyPSA/powerplantmatching","tech":"PV","commissioning_year":2017},"geometry":{"type":"Point","coordinates":[-5.119,39.794]}},{"type":"Feature","properties":{"id":"ppm-es-16640","name":"Extremadura Solar Lxxiv","capacity_mw":12.5,"fuel_type":"solar","status":"operational","precision":"approximate","source":"powerplantmatching v0.9.0, 2026-10-03 · Global Energy Monitor","source_url":"https://github.com/PyPSA/powerplantmatching","tech":"PV","commissioning_year":2023},"geometry":{"type":"Point","coordinates":[-5.478,40.025]}},{"type":"Feature","properties":{"id":"ppm-es-16642","name":"Extremadura Solar Lxxv","capacity_mw":12.5,"fuel_type":"solar","status":"operational","precision":"approximate","source":"powerplantmatching v0.9.0, 2026-10-03 · Global Energy Monitor","source_url":"https://github.com/PyPSA/powerplantmatching","tech":"PV","commissioning_year":2020},"geometry":{"type":"Point","coordinates":[-5.715,39.785]}},{"type":"Feature","properties":{"id":"ppm-es-14797","name":"Castile Leon Solar Lxxxi","capacity_mw":12.4,"fuel_type":"solar","status":"operational","precision":"approximate","source":"powerplantmatching v0.9.0, 2026-10-03 · Global Energy Monitor","source_url":"https://github.com/PyPSA/powerplantmatching","tech":"PV","commissioning_year":2017},"geometry":{"type":"Point","coordinates":[-4.99,41.072]}},{"type":"Feature","properties":{"id":"ppm-es-14486","name":"Castile La Mancha Solar Ccxxii","capacity_mw":12.3,"fuel_type":"solar","status":"operational","precision":"approximate","source":"powerplantmatching v0.9.0, 2026-10-03 · Global Energy Monitor","source_url":"https://github.com/PyPSA/powerplantmatching","tech":"PV","commissioning_year":2017},"geometry":{"type":"Point","coordinates":[-3.189,40.752]}},{"type":"Feature","properties":{"id":"ppm-es-14735","name":"Castile Leon Solar Clix","capacity_mw":12.3,"fuel_type":"solar","status":"operational","precision":"approximate","source":"powerplantmatching v0.9.0, 2026-10-03 · Global Energy Monitor","source_url":"https://github.com/PyPSA/powerplantmatching","tech":"PV","commissioning_year":2020},"geometry":{"type":"Point","coordinates":[-4.688,41.516]}},{"type":"Feature","properties":{"id":"ppm-es-10865","name":"La Herrera Solar","capacity_mw":12.2,"fuel_type":"solar","status":"operational","precision":"approximate","source":"powerplantmatching v0.9.0, 2026-10-03 · Global Energy Monitor, WRI GPPD","source_url":"https://github.com/PyPSA/powerplantmatching","tech":"PV","commissioning_year":2017},"geometry":{"type":"Point","coordinates":[-2.104,38.957]}},{"type":"Feature","properties":{"id":"ppm-es-10868","name":"La Quintana Solar","capacity_mw":12.2,"fuel_type":"solar","status":"operational","precision":"approximate","source":"powerplantmatching v0.9.0, 2026-10-03 · Global Energy Monitor, WRI GPPD","source_url":"https://github.com/PyPSA/powerplantmatching","tech":"PV","commissioning_year":2017},"geometry":{"type":"Point","coordinates":[-4.889,37.718]}},{"type":"Feature","properties":{"id":"ppm-es-16670","name":"Extremadura Solar Xv","capacity_mw":12.2,"fuel_type":"solar","status":"operational","precision":"approximate","source":"powerplantmatching v0.9.0, 2026-10-03 · Global Energy Monitor","source_url":"https://github.com/PyPSA/powerplantmatching","tech":"PV","commissioning_year":2017},"geometry":{"type":"Point","coordinates":[-5.212,39.049]}},{"type":"Feature","properties":{"id":"ppm-es-12331","name":"Albacete Solar Xiii","capacity_mw":12.1,"fuel_type":"solar","status":"operational","precision":"approximate","source":"powerplantmatching v0.9.0, 2026-10-03 · Global Energy Monitor","source_url":"https://github.com/PyPSA/powerplantmatching","tech":"PV","commissioning_year":2017},"geometry":{"type":"Point","coordinates":[-1.908,38.933]}},{"type":"Feature","properties":{"id":"ppm-es-2545","name":"La Manga Wind Farm","capacity_mw":12.0,"fuel_type":"wind","status":"operational","precision":"approximate","source":"powerplantmatching v0.9.0, 2026-10-03 · Global Energy Monitor, WRI GPPD, OpenStreetMap","source_url":"https://www.openstreetmap.org/relation/13945969","tech":"Onshore","commissioning_year":2004},"geometry":{"type":"Point","coordinates":[-5.597,36.015]}},{"type":"Feature","properties":{"id":"ppm-es-2660","name":"Puntaza De Remolinos Wind Farm","capacity_mw":12.0,"fuel_type":"wind","status":"operational","precision":"approximate","source":"powerplantmatching v0.9.0, 2026-10-03 · Global Energy Monitor, WRI GPPD, OpenStreetMap","source_url":"https://www.openstreetmap.org/relation/12998772","tech":"Onshore","commissioning_year":1997},"geometry":{"type":"Point","coordinates":[-1.178,41.84]}},{"type":"Feature","properties":{"id":"ppm-es-4297","name":"Termens","capacity_mw":12.0,"fuel_type":"hydro","status":"operational","precision":"approximate","source":"powerplantmatching v0.9.0, 2026-10-03 · Global Hydropower Resources, Open Power System Data, WRI GPPD","source_url":"https://github.com/PyPSA/powerplantmatching","tech":"Run-Of-River","commissioning_year":1964},"geometry":{"type":"Point","coordinates":[0.767,41.717]}},{"type":"Feature","properties":{"id":"ppm-es-5608","name":"La Risa Wind Farm","capacity_mw":12.0,"fuel_type":"wind","status":"operational","precision":"approximate","source":"powerplantmatching v0.9.0, 2026-10-03 · Global Energy Monitor, OpenStreetMap","source_url":"https://www.openstreetmap.org/relation/13945963","tech":"Onshore"},"geometry":{"type":"Point","coordinates":[-5.803,36.163]}},{"type":"Feature","properties":{"id":"ppm-es-5710","name":"Puerto Facinas Wind Farm","capacity_mw":12.0,"fuel_type":"wind","status":"operational","precision":"approximate","source":"powerplantmatching v0.9.0, 2026-10-03 · Global Energy Monitor, OpenStreetMap","source_url":"https://www.openstreetmap.org/relation/13943129","tech":"Onshore"},"geometry":{"type":"Point","coordinates":[-5.713,36.127]}},{"type":"Feature","properties":{"id":"ppm-es-5726","name":"Tablares Wind Farm","capacity_mw":12.0,"fuel_type":"wind","status":"operational","precision":"approximate","source":"powerplantmatching v0.9.0, 2026-10-03 · Global Energy Monitor, OpenStreetMap","source_url":"https://www.openstreetmap.org/relation/12991833","tech":"Onshore","commissioning_year":2018},"geometry":{"type":"Point","coordinates":[-1.369,41.656]}},{"type":"Feature","properties":{"id":"ppm-es-5754","name":"Zorraquin Wind Farm","capacity_mw":12.0,"fuel_type":"wind","status":"operational","precision":"approximate","source":"powerplantmatching v0.9.0, 2026-10-03 · Global Energy Monitor, OpenStreetMap","source_url":"https://www.openstreetmap.org/relation/9302749","tech":"Onshore","commissioning_year":2008},"geometry":{"type":"Point","coordinates":[-2.63,41.76]}},{"type":"Feature","properties":{"id":"ppm-es-7345","name":"Lerida","capacity_mw":12.0,"fuel_type":"hydro","status":"operational","precision":"approximate","source":"powerplantmatching v0.9.0, 2026-10-03 · Open Power System Data, WRI GPPD","source_url":"https://github.com/PyPSA/powerplantmatching","tech":"Run-Of-River","commissioning_year":1964},"geometry":{"type":"Point","coordinates":[0.617,41.617]}},{"type":"Feature","properties":{"id":"ppm-es-10866","name":"La Losilla Wind Farm","capacity_mw":12.0,"fuel_type":"wind","status":"operational","precision":"approximate","source":"powerplantmatching v0.9.0, 2026-10-03 · Global Energy Monitor, WRI GPPD","source_url":"https://github.com/PyPSA/powerplantmatching","tech":"Onshore","commissioning_year":2005},"geometry":{"type":"Point","coordinates":[-1.776,38.896]}},{"type":"Feature","properties":{"id":"ppm-es-12322","name":"Albacete Solar","capacity_mw":12.0,"fuel_type":"solar","status":"operational","precision":"approximate","source":"powerplantmatching v0.9.0, 2026-10-03 · Global Energy Monitor","source_url":"https://github.com/PyPSA/powerplantmatching","tech":"PV","commissioning_year":2017},"geometry":{"type":"Point","coordinates":[-2.068,39.064]}},{"type":"Feature","properties":{"id":"ppm-es-12941","name":"Avila Wind Farm","capacity_mw":12.0,"fuel_type":"wind","status":"operational","precision":"approximate","source":"powerplantmatching v0.9.0, 2026-10-03 · Global Energy Monitor","source_url":"https://github.com/PyPSA/powerplantmatching","tech":"Onshore","commissioning_year":2004},"geometry":{"type":"Point","coordinates":[-4.509,40.631]}},{"type":"Feature","properties":{"id":"ppm-es-16361","name":"El Moralejo Wind Farm","capacity_mw":12.0,"fuel_type":"wind","status":"operational","precision":"approximate","source":"powerplantmatching v0.9.0, 2026-10-03 · Global Energy Monitor","source_url":"https://github.com/PyPSA/powerplantmatching","tech":"Onshore","commissioning_year":2006},"geometry":{"type":"Point","coordinates":[-1.37,39.005]}},{"type":"Feature","properties":{"id":"ppm-es-16472","name":"Era Del Pico Wind Farm","capacity_mw":12.0,"fuel_type":"wind","status":"operational","precision":"approximate","source":"powerplantmatching v0.9.0, 2026-10-03 · Global Energy Monitor","source_url":"https://github.com/PyPSA/powerplantmatching","tech":"Onshore","commissioning_year":2006},"geometry":{"type":"Point","coordinates":[-6.468,42.581]}},{"type":"Feature","properties":{"id":"ppm-es-16608","name":"Experimental Las Balsas Sierra De Alaiz Wind Farm","capacity_mw":12.0,"fuel_type":"wind","status":"operational","precision":"approximate","source":"powerplantmatching v0.9.0, 2026-10-03 · Global Energy Monitor","source_url":"https://github.com/PyPSA/powerplantmatching","tech":"Onshore","commissioning_year":2012},"geometry":{"type":"Point","coordinates":[-1.507,42.705]}},{"type":"Feature","properties":{"id":"ppm-es-19998","name":"Los Concejiles Wind Farm","capacity_mw":12.0,"fuel_type":"wind","status":"operational","precision":"approximate","source":"powerplantmatching v0.9.0, 2026-10-03 · Global Energy Monitor","source_url":"https://github.com/PyPSA/powerplantmatching","tech":"Onshore","commissioning_year":2008},"geometry":{"type":"Point","coordinates":[-5.702,40.451]}},{"type":"Feature","properties":{"id":"ppm-es-10938","name":"Puebla De Almoradiel Solar","capacity_mw":11.8,"fuel_type":"solar","status":"operational","precision":"approximate","source":"powerplantmatching v0.9.0, 2026-10-03 · Global Energy Monitor, WRI GPPD","source_url":"https://github.com/PyPSA/powerplantmatching","tech":"PV","commissioning_year":2008},"geometry":{"type":"Point","coordinates":[-3.09,39.632]}},{"type":"Feature","properties":{"id":"ppm-es-1371","name":"El Pueyo","capacity_mw":11.7,"fuel_type":"hydro","status":"operational","precision":"approximate","source":"powerplantmatching v0.9.0, 2026-10-03 · Global Hydropower Resources, Open Power System Data, WRI GPPD, OpenStreetMap","source_url":"https://www.openstreetmap.org/way/671937065","tech":"Run-Of-River","commissioning_year":1927},"geometry":{"type":"Point","coordinates":[-0.003,42.376]}},{"type":"Feature","properties":{"id":"ppm-es-10772","name":"Alfarrasi Solar","capacity_mw":11.7,"fuel_type":"solar","status":"operational","precision":"approximate","source":"powerplantmatching v0.9.0, 2026-10-03 · Global Energy Monitor, WRI GPPD","source_url":"https://github.com/PyPSA/powerplantmatching","tech":"PV","commissioning_year":2017},"geometry":{"type":"Point","coordinates":[-0.509,38.906]}},{"type":"Feature","properties":{"id":"ppm-es-10944","name":"Olleria Garrofera Solar","capacity_mw":11.7,"fuel_type":"solar","status":"operational","precision":"approximate","source":"powerplantmatching v0.9.0, 2026-10-03 · Global Energy Monitor, WRI GPPD","source_url":"https://github.com/PyPSA/powerplantmatching","tech":"PV","commissioning_year":2017},"geometry":{"type":"Point","coordinates":[-0.511,38.928]}},{"type":"Feature","properties":{"id":"ppm-es-15598","name":"Cuenca Solar","capacity_mw":11.6,"fuel_type":"solar","status":"operational","precision":"approximate","source":"powerplantmatching v0.9.0, 2026-10-03 · Global Energy Monitor","source_url":"https://github.com/PyPSA/powerplantmatching","tech":"PV","commissioning_year":2017},"geometry":{"type":"Point","coordinates":[-2.087,40.034]}},{"type":"Feature","properties":{"id":"ppm-es-21903","name":"Partido Judicial De Loja Solar","capacity_mw":11.6,"fuel_type":"solar","status":"operational","precision":"approximate","source":"powerplantmatching v0.9.0, 2026-10-03 · Global Energy Monitor","source_url":"https://github.com/PyPSA/powerplantmatching","tech":"PV","commissioning_year":2017},"geometry":{"type":"Point","coordinates":[-3.791,37.1]}},{"type":"Feature","properties":{"id":"ppm-es-16494","name":"Erribera Ribera Solar Xiii","capacity_mw":11.5,"fuel_type":"solar","status":"operational","precision":"approximate","source":"powerplantmatching v0.9.0, 2026-10-03 · Global Energy Monitor","source_url":"https://github.com/PyPSA/powerplantmatching","tech":"PV","commissioning_year":2023},"geometry":{"type":"Point","coordinates":[-1.836,42.125]}},{"type":"Feature","properties":{"id":"ppm-es-16626","name":"Extremadura Solar Cxv","capacity_mw":11.5,"fuel_type":"solar","status":"operational","precision":"approximate","source":"powerplantmatching v0.9.0, 2026-10-03 · Global Energy Monitor","source_url":"https://github.com/PyPSA/powerplantmatching","tech":"PV","commissioning_year":2020},"geometry":{"type":"Point","coordinates":[-6.338,39.61]}},{"type":"Feature","properties":{"id":"ppm-es-2663","name":"Saelices Solar","capacity_mw":11.4,"fuel_type":"solar","status":"operational","precision":"approximate","source":"powerplantmatching v0.9.0, 2026-10-03 · Global Energy Monitor, WRI GPPD, OpenStreetMap","source_url":"https://www.openstreetmap.org/relation/20314928","tech":"PV","commissioning_year":2010},"geometry":{"type":"Point","coordinates":[-2.822,39.918]}},{"type":"Feature","properties":{"id":"ppm-es-9770","name":"Monasterio De Rodilla","capacity_mw":11.4,"fuel_type":"wind","status":"operational","precision":"approximate","source":"powerplantmatching v0.9.0, 2026-10-03 · WRI GPPD, OpenStreetMap","source_url":"https://www.openstreetmap.org/relation/14205385","tech":"Onshore","commissioning_year":2006},"geometry":{"type":"Point","coordinates":[-6.267,38.083]}},{"type":"Feature","properties":{"id":"ppm-es-10780","name":"Ager Solar","capacity_mw":11.4,"fuel_type":"solar","status":"operational","precision":"approximate","source":"powerplantmatching v0.9.0, 2026-10-03 · Global Energy Monitor, WRI GPPD","source_url":"https://github.com/PyPSA/powerplantmatching","tech":"PV","commissioning_year":2008},"geometry":{"type":"Point","coordinates":[-6.688,38.328]}},{"type":"Feature","properties":{"id":"ppm-es-10806","name":"Casatejada Solar","capacity_mw":11.4,"fuel_type":"solar","status":"operational","precision":"approximate","source":"powerplantmatching v0.9.0, 2026-10-03 · Global Energy Monitor, WRI GPPD","source_url":"https://github.com/PyPSA/powerplantmatching","tech":"PV","commissioning_year":2009},"geometry":{"type":"Point","coordinates":[-5.667,39.883]}},{"type":"Feature","properties":{"id":"ppm-es-10836","name":"Elduayen Solar Farm","capacity_mw":11.4,"fuel_type":"solar","status":"operational","precision":"approximate","source":"powerplantmatching v0.9.0, 2026-10-03 · Global Energy Monitor, WRI GPPD","source_url":"https://github.com/PyPSA/powerplantmatching","tech":"PV","commissioning_year":2008},"geometry":{"type":"Point","coordinates":[-6.219,38.912]}},{"type":"Feature","properties":{"id":"ppm-es-19249","name":"La Janda Solar","capacity_mw":11.4,"fuel_type":"solar","status":"operational","precision":"approximate","source":"powerplantmatching v0.9.0, 2026-10-03 · Global Energy Monitor","source_url":"https://github.com/PyPSA/powerplantmatching","tech":"PV","commissioning_year":2023},"geometry":{"type":"Point","coordinates":[-5.861,36.329]}},{"type":"Feature","properties":{"id":"ppm-es-10830","name":"Arbante Solar","capacity_mw":11.3,"fuel_type":"solar","status":"operational","precision":"approximate","source":"powerplantmatching v0.9.0, 2026-10-03 · Global Energy Monitor, WRI GPPD","source_url":"https://github.com/PyPSA/powerplantmatching","tech":"PV","commissioning_year":2017},"geometry":{"type":"Point","coordinates":[-2.31,42.495]}},{"type":"Feature","properties":{"id":"ppm-es-10915","name":"Losa Del Obispo Solar","capacity_mw":11.3,"fuel_type":"solar","status":"operational","precision":"approximate","source":"powerplantmatching v0.9.0, 2026-10-03 · Global Energy Monitor, WRI GPPD","source_url":"https://github.com/PyPSA/powerplantmatching","tech":"PV","commissioning_year":2017},"geometry":{"type":"Point","coordinates":[-0.851,39.687]}},{"type":"Feature","properties":{"id":"ppm-es-10959","name":"Olivares Ep Solar","capacity_mw":11.3,"fuel_type":"solar","status":"operational","precision":"approximate","source":"powerplantmatching v0.9.0, 2026-10-03 · Global Energy Monitor, WRI GPPD","source_url":"https://github.com/PyPSA/powerplantmatching","tech":"PV","commissioning_year":2019},"geometry":{"type":"Point","coordinates":[-3.802,37.818]}},{"type":"Feature","properties":{"id":"ppm-es-14203","name":"Campina Cordobesa Dos Solar Farm","capacity_mw":11.3,"fuel_type":"solar","status":"operational","precision":"approximate","source":"powerplantmatching v0.9.0, 2026-10-03 · Global Energy Monitor","source_url":"https://github.com/PyPSA/powerplantmatching","tech":"PV","commissioning_year":2022},"geometry":{"type":"Point","coordinates":[-4.766,37.392]}},{"type":"Feature","properties":{"id":"ppm-es-10867","name":"La Puente De Piedra Solar","capacity_mw":11.2,"fuel_type":"solar","status":"operational","precision":"approximate","source":"powerplantmatching v0.9.0, 2026-10-03 · Global Energy Monitor, WRI GPPD","source_url":"https://github.com/PyPSA/powerplantmatching","tech":"PV","commissioning_year":2008},"geometry":{"type":"Point","coordinates":[-2.5,41.437]}},{"type":"Feature","properties":{"id":"ppm-es-14784","name":"Castile Leon Solar Lix","capacity_mw":11.2,"fuel_type":"solar","status":"operational","precision":"approximate","source":"powerplantmatching v0.9.0, 2026-10-03 · Global Energy Monitor","source_url":"https://github.com/PyPSA/powerplantmatching","tech":"PV","commissioning_year":2017},"geometry":{"type":"Point","coordinates":[-4.731,40.831]}},{"type":"Feature","properties":{"id":"ppm-es-25506","name":"Valencian Community Solar Lxxxiv","capacity_mw":11.2,"fuel_type":"solar","status":"operational","precision":"approximate","source":"powerplantmatching v0.9.0, 2026-10-03 · Global Energy Monitor","source_url":"https://github.com/PyPSA/powerplantmatching","tech":"PV","commissioning_year":2017},"geometry":{"type":"Point","coordinates":[-1.006,38.42]}},{"type":"Feature","properties":{"id":"ppm-es-10904","name":"Malagon Solar","capacity_mw":11.1,"fuel_type":"solar","status":"operational","precision":"approximate","source":"powerplantmatching v0.9.0, 2026-10-03 · Global Energy Monitor, WRI GPPD","source_url":"https://github.com/PyPSA/powerplantmatching","tech":"PV","commissioning_year":2017},"geometry":{"type":"Point","coordinates":[-4.087,39.261]}},{"type":"Feature","properties":{"id":"ppm-es-10968","name":"Valencian Community Solar","capacity_mw":11.1,"fuel_type":"solar","status":"operational","precision":"approximate","source":"powerplantmatching v0.9.0, 2026-10-03 · Global Energy Monitor, WRI GPPD","source_url":"https://github.com/PyPSA/powerplantmatching","tech":"PV","commissioning_year":2023},"geometry":{"type":"Point","coordinates":[-1.156,39.475]}},{"type":"Feature","properties":{"id":"ppm-es-14803","name":"Castile Leon Solar Xc","capacity_mw":11.1,"fuel_type":"solar","status":"operational","precision":"approximate","source":"powerplantmatching v0.9.0, 2026-10-03 · Global Energy Monitor","source_url":"https://github.com/PyPSA/powerplantmatching","tech":"PV","commissioning_year":2017},"geometry":{"type":"Point","coordinates":[-5.439,41.874]}},{"type":"Feature","properties":{"id":"ppm-es-5584","name":"Lecrin Wind Farm","capacity_mw":11.0,"fuel_type":"wind","status":"operational","precision":"approximate","source":"powerplantmatching v0.9.0, 2026-10-03 · Global Energy Monitor, OpenStreetMap","source_url":"https://www.openstreetmap.org/relation/13899185","tech":"Onshore"},"geometry":{"type":"Point","coordinates":[-3.562,36.959]}},{"type":"Feature","properties":{"id":"ppm-es-5632","name":"Los Collados Wind Farm","capacity_mw":11.0,"fuel_type":"wind","status":"operational","precision":"approximate","source":"powerplantmatching v0.9.0, 2026-10-03 · Global Energy Monitor, OpenStreetMap","source_url":"https://www.openstreetmap.org/relation/13995597","tech":"Onshore","commissioning_year":2011},"geometry":{"type":"Point","coordinates":[-4.108,42.336]}},{"type":"Feature","properties":{"id":"ppm-es-5724","name":"Somolinos Wind Farm","capacity_mw":11.0,"fuel_type":"wind","status":"operational","precision":"approximate","source":"powerplantmatching v0.9.0, 2026-10-03 · Global Energy Monitor, OpenStreetMap","source_url":"https://www.openstreetmap.org/relation/13061910","tech":"Onshore","commissioning_year":2006},"geometry":{"type":"Point","coordinates":[-3.088,41.282]}},{"type":"Feature","properties":{"id":"ppm-es-10930","name":"Seat Al Sol Solar","capacity_mw":11.0,"fuel_type":"solar","status":"operational","precision":"approximate","source":"powerplantmatching v0.9.0, 2026-10-03 · Global Energy Monitor, WRI GPPD","source_url":"https://github.com/PyPSA/powerplantmatching","tech":"PV","commissioning_year":2013},"geometry":{"type":"Point","coordinates":[1.902,41.492]}},{"type":"Feature","properties":{"id":"ppm-es-14394","name":"Castile La Mancha Solar Ccclxxxv","capacity_mw":11.0,"fuel_type":"solar","status":"operational","precision":"approximate","source":"powerplantmatching v0.9.0, 2026-10-03 · Global Energy Monitor","source_url":"https://github.com/PyPSA/powerplantmatching","tech":"PV","commissioning_year":2017},"geometry":{"type":"Point","coordinates":[-5.332,39.896]}},{"type":"Feature","properties":{"id":"ppm-es-16363","name":"El Muelle Solar Farm","capacity_mw":11.0,"fuel_type":"solar","status":"operational","precision":"approximate","source":"powerplantmatching v0.9.0, 2026-10-03 · Global Energy Monitor","source_url":"https://github.com/PyPSA/powerplantmatching","tech":"PV"},"geometry":{"type":"Point","coordinates":[-1.086,41.467]}},{"type":"Feature","properties":{"id":"ppm-es-17497","name":"Guadalajara Solar","capacity_mw":11.0,"fuel_type":"solar","status":"operational","precision":"approximate","source":"powerplantmatching v0.9.0, 2026-10-03 · Global Energy Monitor","source_url":"https://github.com/PyPSA/powerplantmatching","tech":"PV","commissioning_year":2017},"geometry":{"type":"Point","coordinates":[-3.157,40.666]}},{"type":"Feature","properties":{"id":"ppm-es-20736","name":"Molina De Segura Vega Media Del Segura Solar","capacity_mw":11.0,"fuel_type":"solar","status":"operational","precision":"approximate","source":"powerplantmatching v0.9.0, 2026-10-03 · Global Energy Monitor","source_url":"https://github.com/PyPSA/powerplantmatching","tech":"PV","commissioning_year":2018},"geometry":{"type":"Point","coordinates":[-1.167,38.103]}},{"type":"Feature","properties":{"id":"ppm-es-12594","name":"Andalusia Solar Cxxxiii","capacity_mw":10.9,"fuel_type":"solar","status":"operational","precision":"approximate","source":"powerplantmatching v0.9.0, 2026-10-03 · Global Energy Monitor","source_url":"https://github.com/PyPSA/powerplantmatching","tech":"PV","commissioning_year":2017},"geometry":{"type":"Point","coordinates":[-4.846,38.361]}},{"type":"Feature","properties":{"id":"ppm-es-13099","name":"Bajo Guadalentin Solar","capacity_mw":10.9,"fuel_type":"solar","status":"operational","precision":"approximate","source":"powerplantmatching v0.9.0, 2026-10-03 · Global Energy Monitor","source_url":"https://github.com/PyPSA/powerplantmatching","tech":"PV","commissioning_year":2024},"geometry":{"type":"Point","coordinates":[-1.431,37.778]}},{"type":"Feature","properties":{"id":"ppm-es-14730","name":"Castile Leon Solar Ci","capacity_mw":10.9,"fuel_type":"solar","status":"operational","precision":"approximate","source":"powerplantmatching v0.9.0, 2026-10-03 · Global Energy Monitor","source_url":"https://github.com/PyPSA/powerplantmatching","tech":"PV","commissioning_year":2023},"geometry":{"type":"Point","coordinates":[-5.629,40.912]}},{"type":"Feature","properties":{"id":"ppm-es-2559","name":"Corella Solar","capacity_mw":10.8,"fuel_type":"solar","status":"operational","precision":"approximate","source":"powerplantmatching v0.9.0, 2026-10-03 · Global Energy Monitor, WRI GPPD, OpenStreetMap","source_url":"https://www.openstreetmap.org/way/540217965","tech":"PV","commissioning_year":2008},"geometry":{"type":"Point","coordinates":[-1.715,42.119]}},{"type":"Feature","properties":{"id":"ppm-es-12563","name":"Andalusia Solar Clxx","capacity_mw":10.8,"fuel_type":"solar","status":"operational","precision":"approximate","source":"powerplantmatching v0.9.0, 2026-10-03 · Global Energy Monitor","source_url":"https://github.com/PyPSA/powerplantmatching","tech":"PV","commissioning_year":2017},"geometry":{"type":"Point","coordinates":[-5.446,37.312]}},{"type":"Feature","properties":{"id":"ppm-es-12545","name":"Andalusia Solar Cix","capacity_mw":10.7,"fuel_type":"solar","status":"operational","precision":"approximate","source":"powerplantmatching v0.9.0, 2026-10-03 · Global Energy Monitor","source_url":"https://github.com/PyPSA/powerplantmatching","tech":"PV","commissioning_year":2017},"geometry":{"type":"Point","coordinates":[-5.418,37.712]}},{"type":"Feature","properties":{"id":"ppm-es-16671","name":"Extremadura Solar Xvi","capacity_mw":10.7,"fuel_type":"solar","status":"operational","precision":"approximate","source":"powerplantmatching v0.9.0, 2026-10-03 · Global Energy Monitor","source_url":"https://github.com/PyPSA/powerplantmatching","tech":"PV","commissioning_year":2017},"geometry":{"type":"Point","coordinates":[-5.916,38.933]}},{"type":"Feature","properties":{"id":"ppm-es-24204","name":"Son Reus Solar Farm","capacity_mw":10.7,"fuel_type":"solar","status":"operational","precision":"approximate","source":"powerplantmatching v0.9.0, 2026-10-03 · Global Energy Monitor","source_url":"https://github.com/PyPSA/powerplantmatching","tech":"PV"},"geometry":{"type":"Point","coordinates":[2.685,39.649]}},{"type":"Feature","properties":{"id":"ppm-es-25508","name":"Valencian Community Solar Xc","capacity_mw":10.7,"fuel_type":"solar","status":"operational","precision":"approximate","source":"powerplantmatching v0.9.0, 2026-10-03 · Global Energy Monitor","source_url":"https://github.com/PyPSA/powerplantmatching","tech":"PV","commissioning_year":2017},"geometry":{"type":"Point","coordinates":[-0.415,39.316]}},{"type":"Feature","properties":{"id":"ppm-es-10823","name":"Benahadux Solar","capacity_mw":10.6,"fuel_type":"solar","status":"operational","precision":"approximate","source":"powerplantmatching v0.9.0, 2026-10-03 · Global Energy Monitor, WRI GPPD","source_url":"https://github.com/PyPSA/powerplantmatching","tech":"PV","commissioning_year":2008},"geometry":{"type":"Point","coordinates":[-2.476,36.927]}},{"type":"Feature","properties":{"id":"ppm-es-10960","name":"Villanueva De Serena Solar","capacity_mw":10.6,"fuel_type":"solar","status":"operational","precision":"approximate","source":"powerplantmatching v0.9.0, 2026-10-03 · Global Energy Monitor, WRI GPPD","source_url":"https://github.com/PyPSA/powerplantmatching","tech":"PV","commissioning_year":2017},"geometry":{"type":"Point","coordinates":[-5.771,38.963]}},{"type":"Feature","properties":{"id":"ppm-es-11917","name":"Javierrelatre","capacity_mw":10.6,"fuel_type":"hydro","status":"operational","precision":"approximate","source":"powerplantmatching v0.9.0, 2026-10-03 · Open Power System Data, OpenStreetMap","source_url":"https://www.openstreetmap.org/way/442655997","tech":"Run-Of-River","commissioning_year":1966},"geometry":{"type":"Point","coordinates":[-0.533,42.398]}},{"type":"Feature","properties":{"id":"ppm-es-14442","name":"Castile La Mancha Solar Cccxxxiii","capacity_mw":10.6,"fuel_type":"solar","status":"operational","precision":"approximate","source":"powerplantmatching v0.9.0, 2026-10-03 · Global Energy Monitor","source_url":"https://github.com/PyPSA/powerplantmatching","tech":"PV","commissioning_year":2017},"geometry":{"type":"Point","coordinates":[-2.132,39.006]}},{"type":"Feature","properties":{"id":"ppm-es-10769","name":"Alconchel Solar","capacity_mw":10.5,"fuel_type":"solar","status":"operational","precision":"approximate","source":"powerplantmatching v0.9.0, 2026-10-03 · Global Energy Monitor, WRI GPPD","source_url":"https://github.com/PyPSA/powerplantmatching","tech":"PV","commissioning_year":2017},"geometry":{"type":"Point","coordinates":[-7.059,38.523]}},{"type":"Feature","properties":{"id":"ppm-es-10802","name":"Cantillana Solar","capacity_mw":10.5,"fuel_type":"solar","status":"operational","precision":"approximate","source":"powerplantmatching v0.9.0, 2026-10-03 · Global Energy Monitor, WRI GPPD","source_url":"https://github.com/PyPSA/powerplantmatching","tech":"PV","commissioning_year":2017},"geometry":{"type":"Point","coordinates":[-5.817,37.59]}},{"type":"Feature","properties":{"id":"ppm-es-14381","name":"Castile La Mancha Solar Ccclxx","capacity_mw":10.5,"fuel_type":"solar","status":"operational","precision":"approximate","source":"powerplantmatching v0.9.0, 2026-10-03 · Global Energy Monitor","source_url":"https://github.com/PyPSA/powerplantmatching","tech":"PV","commissioning_year":2017},"geometry":{"type":"Point","coordinates":[-3.199,39.791]}},{"type":"Feature","properties":{"id":"ppm-es-14720","name":"Castile Leon Solar Ccxxiii","capacity_mw":10.5,"fuel_type":"solar","status":"operational","precision":"approximate","source":"powerplantmatching v0.9.0, 2026-10-03 · Global Energy Monitor","source_url":"https://github.com/PyPSA/powerplantmatching","tech":"PV","commissioning_year":2023},"geometry":{"type":"Point","coordinates":[-6.508,40.62]}},{"type":"Feature","properties":{"id":"ppm-es-12626","name":"Andalusia Solar Xciv","capacity_mw":10.4,"fuel_type":"solar","status":"operational","precision":"approximate","source":"powerplantmatching v0.9.0, 2026-10-03 · Global Energy Monitor","source_url":"https://github.com/PyPSA/powerplantmatching","tech":"PV","commissioning_year":2020},"geometry":{"type":"Point","coordinates":[-5.855,37.383]}},{"type":"Feature","properties":{"id":"ppm-es-14515","name":"Castile La Mancha Solar Clvii","capacity_mw":10.4,"fuel_type":"solar","status":"operational","precision":"approximate","source":"powerplantmatching v0.9.0, 2026-10-03 · Global Energy Monitor","source_url":"https://github.com/PyPSA/powerplantmatching","tech":"PV","commissioning_year":2017},"geometry":{"type":"Point","coordinates":[-2.74,39.48]}},{"type":"Feature","properties":{"id":"ppm-es-10829","name":"Isla Mayor Solar","capacity_mw":10.3,"fuel_type":"solar","status":"operational","precision":"approximate","source":"powerplantmatching v0.9.0, 2026-10-03 · Global Energy Monitor, WRI GPPD","source_url":"https://github.com/PyPSA/powerplantmatching","tech":"PV","commissioning_year":2017},"geometry":{"type":"Point","coordinates":[-6.145,37.149]}},{"type":"Feature","properties":{"id":"ppm-es-16497","name":"Erriberagoiena Ribera Alta Solar","capacity_mw":10.3,"fuel_type":"solar","status":"operational","precision":"approximate","source":"powerplantmatching v0.9.0, 2026-10-03 · Global Energy Monitor","source_url":"https://github.com/PyPSA/powerplantmatching","tech":"PV","commissioning_year":2017},"geometry":{"type":"Point","coordinates":[-1.793,42.358]}},{"type":"Feature","properties":{"id":"ppm-es-16659","name":"Extremadura Solar Xcvii","capacity_mw":10.3,"fuel_type":"solar","status":"operational","precision":"approximate","source":"powerplantmatching v0.9.0, 2026-10-03 · Global Energy Monitor","source_url":"https://github.com/PyPSA/powerplantmatching","tech":"PV","commissioning_year":2017},"geometry":{"type":"Point","coordinates":[-6.427,39.578]}},{"type":"Feature","properties":{"id":"ppm-es-14813","name":"Castile Leon Solar Xv","capacity_mw":10.2,"fuel_type":"solar","status":"operational","precision":"approximate","source":"powerplantmatching v0.9.0, 2026-10-03 · Global Energy Monitor","source_url":"https://github.com/PyPSA/powerplantmatching","tech":"PV","commissioning_year":2017},"geometry":{"type":"Point","coordinates":[-4.343,41.151]}},{"type":"Feature","properties":{"id":"ppm-es-16327","name":"El Andevalo Solar","capacity_mw":10.2,"fuel_type":"solar","status":"operational","precision":"approximate","source":"powerplantmatching v0.9.0, 2026-10-03 · Global Energy Monitor","source_url":"https://github.com/PyPSA/powerplantmatching","tech":"PV","commissioning_year":2022},"geometry":{"type":"Point","coordinates":[-7.082,37.593]}},{"type":"Feature","properties":{"id":"ppm-es-10820","name":"Bardenas Solar","capacity_mw":10.1,"fuel_type":"solar","status":"operational","precision":"approximate","source":"powerplantmatching v0.9.0, 2026-10-03 · Global Energy Monitor, WRI GPPD","source_url":"https://github.com/PyPSA/powerplantmatching","tech":"PV","commissioning_year":2008},"geometry":{"type":"Point","coordinates":[-1.666,42.271]}},{"type":"Feature","properties":{"id":"ppm-es-25558","name":"Valle Del Zalabi Comarca De Guadix Solar","capacity_mw":10.1,"fuel_type":"solar","status":"operational","precision":"approximate","source":"powerplantmatching v0.9.0, 2026-10-03 · Global Energy Monitor","source_url":"https://github.com/PyPSA/powerplantmatching","tech":"PV","commissioning_year":2017},"geometry":{"type":"Point","coordinates":[-3.076,37.243]}},{"type":"Feature","properties":{"id":"ppm-es-2624","name":"Los Alburejos Wind Farm","capacity_mw":10.0,"fuel_type":"wind","status":"operational","precision":"approximate","source":"powerplantmatching v0.9.0, 2026-10-03 · Global Energy Monitor, WRI GPPD, OpenStreetMap","source_url":"https://www.openstreetmap.org/relation/13943151","tech":"Onshore","commissioning_year":2007},"geometry":{"type":"Point","coordinates":[-5.872,36.459]}},{"type":"Feature","properties":{"id":"ppm-es-5424","name":"Carrecastro Wind Farm","capacity_mw":10.0,"fuel_type":"wind","status":"operational","precision":"approximate","source":"powerplantmatching v0.9.0, 2026-10-03 · Global Energy Monitor, OpenStreetMap","source_url":"https://www.openstreetmap.org/relation/20260659","tech":"Onshore","commissioning_year":2019},"geometry":{"type":"Point","coordinates":[-4.971,41.591]}},{"type":"Feature","properties":{"id":"ppm-es-5485","name":"Cerro De La Oliva Wind Farm","capacity_mw":10.0,"fuel_type":"wind","status":"operational","precision":"approximate","source":"powerplantmatching v0.9.0, 2026-10-03 · Global Energy Monitor, OpenStreetMap","source_url":"https://www.openstreetmap.org/relation/13089303","tech":"Onshore","commissioning_year":2006},"geometry":{"type":"Point","coordinates":[-3.906,39.751]}},{"type":"Feature","properties":{"id":"ppm-es-5661","name":"Pasada De Tejeda Wind Farm","capacity_mw":10.0,"fuel_type":"wind","status":"operational","precision":"approximate","source":"powerplantmatching v0.9.0, 2026-10-03 · Global Energy Monitor, OpenStreetMap","source_url":"https://www.openstreetmap.org/relation/13945960","tech":"Onshore","commissioning_year":2004},"geometry":{"type":"Point","coordinates":[-5.736,36.172]}},{"type":"Feature","properties":{"id":"ppm-es-5681","name":"Sancho Abarca Wind Farm","capacity_mw":10.0,"fuel_type":"wind","status":"operational","precision":"approximate","source":"powerplantmatching v0.9.0, 2026-10-03 · Global Energy Monitor, OpenStreetMap","source_url":"https://www.openstreetmap.org/relation/12998719","tech":"Onshore","commissioning_year":2010},"geometry":{"type":"Point","coordinates":[-1.315,42.031]}},{"type":"Feature","properties":{"id":"ppm-es-10234","name":"Arnoya","capacity_mw":10.0,"fuel_type":"hydro","status":"operational","precision":"approximate","source":"powerplantmatching v0.9.0, 2026-10-03 · Global Hydropower Resources, WRI GPPD","source_url":"https://github.com/PyPSA/powerplantmatching","commissioning_year":1970},"geometry":{"type":"Point","coordinates":[-8.957,42.888]}},{"type":"Feature","properties":{"id":"ppm-es-10782","name":"Albacete Casa Grande Solar","capacity_mw":10.0,"fuel_type":"solar","status":"operational","precision":"approximate","source":"powerplantmatching v0.9.0, 2026-10-03 · Global Energy Monitor, WRI GPPD","source_url":"https://github.com/PyPSA/powerplantmatching","tech":"PV","commissioning_year":2008},"geometry":{"type":"Point","coordinates":[-1.976,39.044]}},{"type":"Feature","properties":{"id":"ppm-es-10814","name":"Calzada De Calatrava Solar","capacity_mw":10.0,"fuel_type":"solar","status":"operational","precision":"approximate","source":"powerplantmatching v0.9.0, 2026-10-03 · Global Energy Monitor, WRI GPPD","source_url":"https://github.com/PyPSA/powerplantmatching","tech":"PV","commissioning_year":2008},"geometry":{"type":"Point","coordinates":[-3.72,38.707]}},{"type":"Feature","properties":{"id":"ppm-es-10839","name":"Extremasol Solar","capacity_mw":10.0,"fuel_type":"solar","status":"operational","precision":"approximate","source":"powerplantmatching v0.9.0, 2026-10-03 · Global Energy Monitor, WRI GPPD","source_url":"https://github.com/PyPSA/powerplantmatching","tech":"PV","commissioning_year":2008},"geometry":{"type":"Point","coordinates":[-6.431,38.846]}},{"type":"Feature","properties":{"id":"ppm-es-10854","name":"Cortijo Viejo Solar","capacity_mw":10.0,"fuel_type":"solar","status":"operational","precision":"approximate","source":"powerplantmatching v0.9.0, 2026-10-03 · Global Energy Monitor, WRI GPPD","source_url":"https://github.com/PyPSA/powerplantmatching","tech":"PV","commissioning_year":2008},"geometry":{"type":"Point","coordinates":[-4.584,37.641]}},{"type":"Feature","properties":{"id":"ppm-es-10862","name":"Fontiveros Solar","capacity_mw":10.0,"fuel_type":"solar","status":"operational","precision":"approximate","source":"powerplantmatching v0.9.0, 2026-10-03 · Global Energy Monitor, WRI GPPD","source_url":"https://github.com/PyPSA/powerplantmatching","tech":"PV","commissioning_year":2008},"geometry":{"type":"Point","coordinates":[-4.97,40.918]}},{"type":"Feature","properties":{"id":"ppm-es-10902","name":"Moratalla Solar","capacity_mw":10.0,"fuel_type":"solar","status":"operational","precision":"approximate","source":"powerplantmatching v0.9.0, 2026-10-03 · Global Energy Monitor, WRI GPPD","source_url":"https://github.com/PyPSA/powerplantmatching","tech":"PV","commissioning_year":2010},"geometry":{"type":"Point","coordinates":[-1.763,38.301]}},{"type":"Feature","properties":{"id":"ppm-es-10905","name":"Malpartida De Caceres Solar","capacity_mw":10.0,"fuel_type":"solar","status":"operational","precision":"approximate","source":"powerplantmatching v0.9.0, 2026-10-03 · Global Energy Monitor, WRI GPPD","source_url":"https://github.com/PyPSA/powerplantmatching","tech":"PV","commissioning_year":2008},"geometry":{"type":"Point","coordinates":[-6.51,39.467]}},{"type":"Feature","properties":{"id":"ppm-es-10914","name":"Torrealvilla Solar","capacity_mw":10.0,"fuel_type":"solar","status":"operational","precision":"approximate","source":"powerplantmatching v0.9.0, 2026-10-03 · Global Energy Monitor, WRI GPPD","source_url":"https://github.com/PyPSA/powerplantmatching","tech":"PV","commissioning_year":2015},"geometry":{"type":"Point","coordinates":[-1.723,37.766]}},{"type":"Feature","properties":{"id":"ppm-es-10972","name":"Vejer De La Frontera Solar","capacity_mw":10.0,"fuel_type":"solar","status":"operational","precision":"approximate","source":"powerplantmatching v0.9.0, 2026-10-03 · Global Energy Monitor, WRI GPPD","source_url":"https://github.com/PyPSA/powerplantmatching","tech":"PV","commissioning_year":2008},"geometry":{"type":"Point","coordinates":[-6.008,36.245]}},{"type":"Feature","properties":{"id":"ppm-es-10976","name":"Talayuela Solar","capacity_mw":10.0,"fuel_type":"solar","status":"operational","precision":"approximate","source":"powerplantmatching v0.9.0, 2026-10-03 · Global Energy Monitor, WRI GPPD","source_url":"https://github.com/PyPSA/powerplantmatching","tech":"PV","commissioning_year":2008},"geometry":{"type":"Point","coordinates":[-5.579,40.021]}},{"type":"Feature","properties":{"id":"ppm-es-10986","name":"Sierresita Solar","capacity_mw":10.0,"fuel_type":"solar","status":"operational","precision":"approximate","source":"powerplantmatching v0.9.0, 2026-10-03 · Global Energy Monitor, WRI GPPD","source_url":"https://github.com/PyPSA/powerplantmatching","tech":"PV","commissioning_year":2008},"geometry":{"type":"Point","coordinates":[-4.59,37.644]}},{"type":"Feature","properties":{"id":"ppm-es-12628","name":"Andalusia Solar Xix","capacity_mw":10.0,"fuel_type":"solar","status":"operational","precision":"approximate","source":"powerplantmatching v0.9.0, 2026-10-03 · Global Energy Monitor","source_url":"https://github.com/PyPSA/powerplantmatching","tech":"PV","commissioning_year":2017},"geometry":{"type":"Point","coordinates":[-5.172,37.543]}},{"type":"Feature","properties":{"id":"ppm-es-14195","name":"Campanario Wind Farm","capacity_mw":10.0,"fuel_type":"wind","status":"operational","precision":"approximate","source":"powerplantmatching v0.9.0, 2026-10-03 · Global Energy Monitor","source_url":"https://github.com/PyPSA/powerplantmatching","tech":"Onshore"},"geometry":{"type":"Point","coordinates":[-1.346,38.875]}},{"type":"Feature","properties":{"id":"ppm-es-14711","name":"Castile Leon Solar Ccxlix","capacity_mw":10.0,"fuel_type":"solar","status":"operational","precision":"approximate","source":"powerplantmatching v0.9.0, 2026-10-03 · Global Energy Monitor","source_url":"https://github.com/PyPSA/powerplantmatching","tech":"PV","commissioning_year":2017},"geometry":{"type":"Point","coordinates":[-5.2,41.67]}},{"type":"Feature","properties":{"id":"ppm-es-14741","name":"Castile Leon Solar Clxvi","capacity_mw":10.0,"fuel_type":"solar","status":"operational","precision":"approximate","source":"powerplantmatching v0.9.0, 2026-10-03 · Global Energy Monitor","source_url":"https://github.com/PyPSA/powerplantmatching","tech":"PV","commissioning_year":2017},"geometry":{"type":"Point","coordinates":[-5.17,40.998]}},{"type":"Feature","properties":{"id":"ppm-es-14750","name":"Castile Leon Solar Clxxviii","capacity_mw":10.0,"fuel_type":"solar","status":"operational","precision":"approximate","source":"powerplantmatching v0.9.0, 2026-10-03 · Global Energy Monitor","source_url":"https://github.com/PyPSA/powerplantmatching","tech":"PV","commissioning_year":2020},"geometry":{"type":"Point","coordinates":[-4.683,41.593]}},{"type":"Feature","properties":{"id":"ppm-es-16323","name":"El Abra Wind Farm","capacity_mw":10.0,"fuel_type":"wind","status":"operational","precision":"approximate","source":"powerplantmatching v0.9.0, 2026-10-03 · Global Energy Monitor","source_url":"https://github.com/PyPSA/powerplantmatching","tech":"Onshore","commissioning_year":2006},"geometry":{"type":"Point","coordinates":[-3.089,43.375]}},{"type":"Feature","properties":{"id":"ppm-es-16503","name":"Escalonilla Norte Solar","capacity_mw":10.0,"fuel_type":"solar","status":"operational","precision":"approximate","source":"powerplantmatching v0.9.0, 2026-10-03 · Global Energy Monitor","source_url":"https://github.com/PyPSA/powerplantmatching","tech":"PV","commissioning_year":2018},"geometry":{"type":"Point","coordinates":[-4.353,39.898]}},{"type":"Feature","properties":{"id":"ppm-es-19569","name":"Las Traperas Wind Farm","capacity_mw":10.0,"fuel_type":"wind","status":"operational","precision":"approximate","source":"powerplantmatching v0.9.0, 2026-10-03 · Global Energy Monitor","source_url":"https://github.com/PyPSA/powerplantmatching","tech":"Onshore"},"geometry":{"type":"Point","coordinates":[-4.729,41.652]}},{"type":"Feature","properties":{"id":"ppm-es-19570","name":"Las Vaguadas Solar Farm","capacity_mw":10.0,"fuel_type":"solar","status":"operational","precision":"approximate","source":"powerplantmatching v0.9.0, 2026-10-03 · Global Energy Monitor","source_url":"https://github.com/PyPSA/powerplantmatching","tech":"PV","commissioning_year":2023},"geometry":{"type":"Point","coordinates":[-6.961,38.854]}},{"type":"Feature","properties":{"id":"ppm-es-22798","name":"Puerto De Bilbao Wind Farm","capacity_mw":10.0,"fuel_type":"wind","status":"operational","precision":"approximate","source":"powerplantmatching v0.9.0, 2026-10-03 · Global Energy Monitor","source_url":"https://github.com/PyPSA/powerplantmatching","tech":"Onshore","commissioning_year":2007},"geometry":{"type":"Point","coordinates":[-3.069,43.36]}},{"type":"Feature","properties":{"id":"ppm-es-25118","name":"Torrijos Norte Solar","capacity_mw":10.0,"fuel_type":"solar","status":"operational","precision":"approximate","source":"powerplantmatching v0.9.0, 2026-10-03 · Global Energy Monitor","source_url":"https://github.com/PyPSA/powerplantmatching","tech":"PV","commissioning_year":2020},"geometry":{"type":"Point","coordinates":[-4.246,40.005]}},{"type":"Feature","properties":{"id":"ppm-es-25455","name":"Valdelanave Wind Farm","capacity_mw":10.0,"fuel_type":"wind","status":"operational","precision":"approximate","source":"powerplantmatching v0.9.0, 2026-10-03 · Global Energy Monitor","source_url":"https://github.com/PyPSA/powerplantmatching","tech":"Onshore","commissioning_year":2012},"geometry":{"type":"Point","coordinates":[-5.968,41.525]}}]}