{"type":"FeatureCollection","features":[{"type":"Feature","properties":{"id":"ppm-fr-2265","name":"Gravelines","capacity_mw":5706.0,"fuel_type":"nuclear","status":"operational","precision":"approximate","source":"powerplantmatching v0.9.0, 2026-10-03 · Global Energy Monitor, ENTSO-E, Open Power System Data, OpenStreetMap","source_url":"https://www.openstreetmap.org/relation/20240158","units":6,"tech":"Steam Turbine · 6 units","commissioning_year":1975},"geometry":{"type":"Point","coordinates":[2.133,51.014]}},{"type":"Feature","properties":{"id":"ppm-fr-2250","name":"Paluel","capacity_mw":5528.0,"fuel_type":"nuclear","status":"operational","precision":"approximate","source":"powerplantmatching v0.9.0, 2026-10-03 · Global Energy Monitor, ENTSO-E, Open Power System Data, OpenStreetMap","source_url":"https://www.openstreetmap.org/way/239350854","units":4,"tech":"Steam Turbine · 4 units","commissioning_year":1984},"geometry":{"type":"Point","coordinates":[0.635,49.858]}},{"type":"Feature","properties":{"id":"ppm-fr-2261","name":"Cattenom","capacity_mw":5448.0,"fuel_type":"nuclear","status":"operational","precision":"approximate","source":"powerplantmatching v0.9.0, 2026-10-03 · Global Energy Monitor, ENTSO-E, Open Power System Data, OpenStreetMap","source_url":"https://www.openstreetmap.org/way/24041917","units":4,"tech":"Steam Turbine · 4 units","commissioning_year":1986},"geometry":{"type":"Point","coordinates":[6.217,49.416]}},{"type":"Feature","properties":{"id":"ppm-fr-12015","name":"Flamanville","capacity_mw":4414.0,"fuel_type":"nuclear","status":"operational","precision":"approximate","source":"powerplantmatching v0.9.0, 2026-10-03 · Global Energy Monitor, ENTSO-E, Open Power System Data","source_url":"https://github.com/PyPSA/powerplantmatching","units":3,"tech":"Steam Turbine · 3 units","commissioning_year":1986},"geometry":{"type":"Point","coordinates":[-1.882,49.537]}},{"type":"Feature","properties":{"id":"ppm-fr-2262","name":"Cruas","capacity_mw":3824.0,"fuel_type":"nuclear","status":"operational","precision":"approximate","source":"powerplantmatching v0.9.0, 2026-10-03 · Global Energy Monitor, ENTSO-E, Open Power System Data, OpenStreetMap","source_url":"https://www.openstreetmap.org/way/75723545","units":4,"tech":"Steam Turbine · 4 units","commissioning_year":1983},"geometry":{"type":"Point","coordinates":[4.755,44.633]}},{"type":"Feature","properties":{"id":"ppm-fr-2245","name":"Tricastin","capacity_mw":3820.0,"fuel_type":"nuclear","status":"operational","precision":"approximate","source":"powerplantmatching v0.9.0, 2026-10-03 · Global Energy Monitor, ENTSO-E, Open Power System Data, OpenStreetMap","source_url":"https://www.openstreetmap.org/way/672758776","units":4,"tech":"Steam Turbine · 4 units","commissioning_year":1980},"geometry":{"type":"Point","coordinates":[4.731,44.331]}},{"type":"Feature","properties":{"id":"ppm-fr-1203","name":"Chinon B","capacity_mw":3816.0,"fuel_type":"nuclear","status":"operational","precision":"approximate","source":"powerplantmatching v0.9.0, 2026-10-03 · Global Energy Monitor, ENTSO-E, Open Power System Data, OpenStreetMap","source_url":"https://www.openstreetmap.org/way/235386452","units":4,"tech":"Steam Turbine · 4 units","commissioning_year":1964},"geometry":{"type":"Point","coordinates":[0.166,47.225]}},{"type":"Feature","properties":{"id":"ppm-fr-2259","name":"Blayais","capacity_mw":3804.0,"fuel_type":"nuclear","status":"operational","precision":"approximate","source":"powerplantmatching v0.9.0, 2026-10-03 · Global Energy Monitor, ENTSO-E, Open Power System Data, OpenStreetMap","source_url":"https://www.openstreetmap.org/way/235360042","units":4,"tech":"Steam Turbine · 4 units","commissioning_year":1981},"geometry":{"type":"Point","coordinates":[-0.693,45.256]}},{"type":"Feature","properties":{"id":"ppm-fr-2263","name":"Dampierre","capacity_mw":3748.0,"fuel_type":"nuclear","status":"operational","precision":"approximate","source":"powerplantmatching v0.9.0, 2026-10-03 · Global Energy Monitor, ENTSO-E, Open Power System Data, OpenStreetMap","source_url":"https://www.openstreetmap.org/way/190127671","units":4,"tech":"Steam Turbine · 4 units","commissioning_year":1980},"geometry":{"type":"Point","coordinates":[2.518,47.732]}},{"type":"Feature","properties":{"id":"ppm-fr-2260","name":"Bugey","capacity_mw":3724.0,"fuel_type":"nuclear","status":"operational","precision":"approximate","source":"powerplantmatching v0.9.0, 2026-10-03 · Global Energy Monitor, ENTSO-E, Open Power System Data, OpenStreetMap","source_url":"https://www.openstreetmap.org/way/42017156","units":4,"tech":"Steam Turbine · 4 units","commissioning_year":1979},"geometry":{"type":"Point","coordinates":[5.271,45.797]}},{"type":"Feature","properties":{"id":"ppm-fr-1205","name":"Civaux","capacity_mw":3122.0,"fuel_type":"nuclear","status":"operational","precision":"approximate","source":"powerplantmatching v0.9.0, 2026-10-03 · Global Energy Monitor, ENTSO-E, Open Power System Data, OpenStreetMap","source_url":"https://www.openstreetmap.org/way/41764784","units":2,"tech":"Steam Turbine · 2 units","commissioning_year":1997},"geometry":{"type":"Point","coordinates":[0.658,46.456]}},{"type":"Feature","properties":{"id":"ppm-fr-1204","name":"Chooz B","capacity_mw":3120.0,"fuel_type":"nuclear","status":"operational","precision":"approximate","source":"powerplantmatching v0.9.0, 2026-10-03 · Global Energy Monitor, ENTSO-E, Open Power System Data, OpenStreetMap","source_url":"https://www.openstreetmap.org/relation/20011646","units":2,"tech":"Steam Turbine · 2 units","commissioning_year":1967},"geometry":{"type":"Point","coordinates":[4.787,50.09]}},{"type":"Feature","properties":{"id":"ppm-fr-1209","name":"Penly","capacity_mw":2764.0,"fuel_type":"nuclear","status":"operational","precision":"approximate","source":"powerplantmatching v0.9.0, 2026-10-03 · Global Energy Monitor, ENTSO-E, Open Power System Data, OpenStreetMap","source_url":"https://www.openstreetmap.org/relation/19318642","units":2,"tech":"Steam Turbine · 2 units","commissioning_year":1990},"geometry":{"type":"Point","coordinates":[1.211,49.976]}},{"type":"Feature","properties":{"id":"ppm-fr-2272","name":"St Alban","capacity_mw":2762.0,"fuel_type":"nuclear","status":"operational","precision":"approximate","source":"powerplantmatching v0.9.0, 2026-10-03 · Global Energy Monitor, ENTSO-E, Open Power System Data, OpenStreetMap","source_url":"https://www.openstreetmap.org/way/50014796","units":2,"tech":"Steam Turbine · 2 units","commissioning_year":1985},"geometry":{"type":"Point","coordinates":[4.755,45.404]}},{"type":"Feature","properties":{"id":"ppm-fr-2258","name":"Belleville","capacity_mw":2726.0,"fuel_type":"nuclear","status":"operational","precision":"approximate","source":"powerplantmatching v0.9.0, 2026-10-03 · Global Energy Monitor, ENTSO-E, Open Power System Data, OpenStreetMap","source_url":"https://www.openstreetmap.org/way/64728686","units":2,"tech":"Steam Turbine · 2 units","commissioning_year":1980},"geometry":{"type":"Point","coordinates":[2.875,47.51]}},{"type":"Feature","properties":{"id":"ppm-fr-2264","name":"Golfech","capacity_mw":2726.0,"fuel_type":"nuclear","status":"operational","precision":"approximate","source":"powerplantmatching v0.9.0, 2026-10-03 · Global Energy Monitor, ENTSO-E, Open Power System Data, OpenStreetMap","source_url":"https://www.openstreetmap.org/way/42013419","units":2,"tech":"Steam Turbine · 2 units","commissioning_year":1990},"geometry":{"type":"Point","coordinates":[0.844,44.106]}},{"type":"Feature","properties":{"id":"ppm-fr-4067","name":"Nogent","capacity_mw":2726.0,"fuel_type":"nuclear","status":"operational","precision":"approximate","source":"powerplantmatching v0.9.0, 2026-10-03 · Global Energy Monitor, ENTSO-E, Open Power System Data","source_url":"https://github.com/PyPSA/powerplantmatching","units":2,"tech":"Steam Turbine · 2 units","commissioning_year":1988},"geometry":{"type":"Point","coordinates":[3.518,48.517]}},{"type":"Feature","properties":{"id":"ppm-fr-2244","name":"Saint Laurent B","capacity_mw":1912.0,"fuel_type":"nuclear","status":"operational","precision":"approximate","source":"powerplantmatching v0.9.0, 2026-10-03 · Global Energy Monitor, ENTSO-E, Open Power System Data, OpenStreetMap","source_url":"https://www.openstreetmap.org/way/42015753","units":2,"tech":"Steam Turbine · 2 units","commissioning_year":1983},"geometry":{"type":"Point","coordinates":[1.578,47.72]}},{"type":"Feature","properties":{"id":"ppm-fr-78","name":"Grand Maison","capacity_mw":1713.0,"fuel_type":"hydro","status":"operational","precision":"approximate","source":"powerplantmatching v0.9.0, 2026-10-03 · Global Energy Monitor, EESI, JRC (European Commission), ENTSO-E, Global Hydropower Resources, Open Power System Data, WRI GPPD, GEO","source_url":"https://github.com/PyPSA/powerplantmatching","tech":"Pumped Storage","commissioning_year":1970},"geometry":{"type":"Point","coordinates":[6.051,45.145]}},{"type":"Feature","properties":{"id":"ppm-fr-790","name":"Cordemais","capacity_mw":1260.0,"fuel_type":"coal","status":"operational","precision":"approximate","source":"powerplantmatching v0.9.0, 2026-10-03 · Global Energy Monitor, ENTSO-E, BEYONDCOAL, Open Power System Data, WRI GPPD","source_url":"https://github.com/PyPSA/powerplantmatching","tech":"Steam Turbine (hard coal)","commissioning_year":1983},"geometry":{"type":"Point","coordinates":[-1.882,47.277]}},{"type":"Feature","properties":{"id":"ppm-fr-16408","name":"Emile Huchet","capacity_mw":1102.0,"fuel_type":"coal","status":"operational","precision":"approximate","source":"powerplantmatching v0.9.0, 2026-10-03 · Global Energy Monitor, ENTSO-E, BEYONDCOAL, Open Power System Data, WRI GPPD, OpenStreetMap, GEO","source_url":"https://www.openstreetmap.org/relation/20141649","units":2,"tech":"Steam Turbine (lignite) · 2 units","commissioning_year":1948},"geometry":{"type":"Point","coordinates":[6.701,49.153]}},{"type":"Feature","properties":{"id":"ppm-fr-589","name":"Martigues Ponteau","capacity_mw":998.0,"fuel_type":"gas","status":"operational","precision":"approximate","source":"powerplantmatching v0.9.0, 2026-10-03 · Global Energy Monitor, ENTSO-E, Open Power System Data, WRI GPPD, OpenStreetMap, GEO","source_url":"https://www.openstreetmap.org/way/55336886","tech":"CCGT","commissioning_year":1969},"geometry":{"type":"Point","coordinates":[5.021,43.358]}},{"type":"Feature","properties":{"id":"ppm-fr-4","name":"Montezic","capacity_mw":910.0,"fuel_type":"hydro","status":"operational","precision":"approximate","source":"powerplantmatching v0.9.0, 2026-10-03 · Global Energy Monitor, EESI, JRC (European Commission), ENTSO-E, Global Hydropower Resources, Open Power System Data, WRI GPPD, OpenStreetMap, GEO","source_url":"https://www.openstreetmap.org/relation/3299662","tech":"Pumped Storage","commissioning_year":1970},"geometry":{"type":"Point","coordinates":[2.643,44.737]}},{"type":"Feature","properties":{"id":"ppm-fr-1574","name":"Emile Huchet","capacity_mw":880.0,"fuel_type":"gas","status":"operational","precision":"approximate","source":"powerplantmatching v0.9.0, 2026-10-03 · Global Energy Monitor, Open Power System Data, WRI GPPD, GEO","source_url":"https://github.com/PyPSA/powerplantmatching","tech":"CCGT","commissioning_year":2010},"geometry":{"type":"Point","coordinates":[6.701,49.153]}},{"type":"Feature","properties":{"id":"ppm-fr-8","name":"Bissorte","capacity_mw":818.0,"fuel_type":"hydro","status":"operational","precision":"approximate","source":"powerplantmatching v0.9.0, 2026-10-03 · Global Energy Monitor, EESI, JRC (European Commission), ENTSO-E, Global Hydropower Resources, Open Power System Data, WRI GPPD, OpenStreetMap, GEO","source_url":"https://www.openstreetmap.org/relation/2865507","tech":"Pumped Storage","commissioning_year":1936},"geometry":{"type":"Point","coordinates":[6.581,45.204]}},{"type":"Feature","properties":{"id":"ppm-fr-1","name":"Revin","capacity_mw":808.0,"fuel_type":"hydro","status":"operational","precision":"approximate","source":"powerplantmatching v0.9.0, 2026-10-03 · Global Energy Monitor, EESI, JRC (European Commission), ENTSO-E, Global Hydropower Resources, Open Power System Data, WRI GPPD, OpenStreetMap, GEO","source_url":"https://www.openstreetmap.org/relation/5973968","tech":"Pumped Storage","commissioning_year":1970},"geometry":{"type":"Point","coordinates":[4.617,49.928]}},{"type":"Feature","properties":{"id":"ppm-fr-768","name":"Dk Dunkerque","capacity_mw":808.0,"fuel_type":"gas","status":"operational","precision":"approximate","source":"powerplantmatching v0.9.0, 2026-10-03 · Global Energy Monitor, ENTSO-E, Open Power System Data, WRI GPPD, GEO","source_url":"https://github.com/PyPSA/powerplantmatching","tech":"CCGT","commissioning_year":2005},"geometry":{"type":"Point","coordinates":[2.325,51.048]}},{"type":"Feature","properties":{"id":"ppm-fr-439","name":"Bathie","capacity_mw":600.0,"fuel_type":"hydro","status":"operational","precision":"approximate","source":"powerplantmatching v0.9.0, 2026-10-03 · Global Energy Monitor, JRC (European Commission), ENTSO-E, Open Power System Data, WRI GPPD, GEO","source_url":"https://github.com/PyPSA/powerplantmatching","tech":"Reservoir","commissioning_year":1961},"geometry":{"type":"Point","coordinates":[6.444,45.645]}},{"type":"Feature","properties":{"id":"ppm-fr-4014","name":"Vaires","capacity_mw":600.0,"fuel_type":"oil","status":"operational","precision":"approximate","source":"powerplantmatching v0.9.0, 2026-10-03 · Global Energy Monitor, ENTSO-E, Open Power System Data","source_url":"https://github.com/PyPSA/powerplantmatching","tech":"CCGT","commissioning_year":2008},"geometry":{"type":"Point","coordinates":[2.656,48.874]}},{"type":"Feature","properties":{"id":"ppm-fr-313","name":"Bouchain","capacity_mw":585.0,"fuel_type":"gas","status":"operational","precision":"approximate","source":"powerplantmatching v0.9.0, 2026-10-03 · Global Energy Monitor, ENTSO-E, Open Power System Data, WRI GPPD, OpenStreetMap, GEO","source_url":"https://www.openstreetmap.org/way/200415379","tech":"CCGT","commissioning_year":2016},"geometry":{"type":"Point","coordinates":[3.316,50.297]}},{"type":"Feature","properties":{"id":"ppm-fr-5957","name":"Ferme Eolienne De Vent Des Iles","capacity_mw":500.0,"fuel_type":"wind","status":"operational","precision":"approximate","source":"powerplantmatching v0.9.0, 2026-10-03 · ENTSO-E, OpenStreetMap","source_url":"https://www.openstreetmap.org/relation/20345594","tech":"Offshore","commissioning_year":2006},"geometry":{"type":"Point","coordinates":[4.67,48.865]}},{"type":"Feature","properties":{"id":"ppm-fr-3626","name":"Fecamp Wind Farm","capacity_mw":498.0,"fuel_type":"wind","status":"operational","precision":"approximate","source":"powerplantmatching v0.9.0, 2026-10-03 · Global Energy Monitor, ENTSO-E, OpenStreetMap","source_url":"https://www.openstreetmap.org/way/137667557","tech":"Offshore","commissioning_year":2023},"geometry":{"type":"Point","coordinates":[0.299,49.845]}},{"type":"Feature","properties":{"id":"ppm-fr-5958","name":"Parc Eolien En Mer De La Baie De St Brieuc","capacity_mw":496.0,"fuel_type":"wind","status":"operational","precision":"approximate","source":"powerplantmatching v0.9.0, 2026-10-03 · ENTSO-E, OpenStreetMap","source_url":"https://www.openstreetmap.org/relation/18792662","tech":"Offshore","commissioning_year":2023},"geometry":{"type":"Point","coordinates":[0.234,49.897]}},{"type":"Feature","properties":{"id":"ppm-fr-6284","name":"Yeu Noirmoutier Wind Farm","capacity_mw":496.0,"fuel_type":"wind","status":"operational","precision":"approximate","source":"powerplantmatching v0.9.0, 2026-10-03 · Global Energy Monitor, OpenStreetMap","source_url":"https://www.openstreetmap.org/way/216932663","tech":"Offshore","commissioning_year":2024},"geometry":{"type":"Point","coordinates":[-2.558,46.9]}},{"type":"Feature","properties":{"id":"ppm-fr-6481","name":"Saint Brieuc Wind Farm","capacity_mw":496.0,"fuel_type":"wind","status":"operational","precision":"approximate","source":"powerplantmatching v0.9.0, 2026-10-03 · Global Energy Monitor, OpenStreetMap","source_url":"https://www.openstreetmap.org/way/1036487691","tech":"Offshore","commissioning_year":2023},"geometry":{"type":"Point","coordinates":[-2.693,48.778]}},{"type":"Feature","properties":{"id":"ppm-fr-15839","name":"Dieppe Le Treport Wind Farm","capacity_mw":496.0,"fuel_type":"wind","status":"construction","precision":"approximate","source":"powerplantmatching v0.9.0, 2026-10-03 · Global Energy Monitor","source_url":"https://github.com/PyPSA/powerplantmatching","tech":"Offshore","commissioning_year":2026},"geometry":{"type":"Point","coordinates":[1.027,50.188]}},{"type":"Feature","properties":{"id":"ppm-fr-11","name":"Cheylas","capacity_mw":485.0,"fuel_type":"hydro","status":"operational","precision":"approximate","source":"powerplantmatching v0.9.0, 2026-10-03 · Global Energy Monitor, EESI, JRC (European Commission), ENTSO-E, Global Hydropower Resources, Open Power System Data, WRI GPPD, OpenStreetMap, GEO","source_url":"https://www.openstreetmap.org/relation/3107020","tech":"Pumped Storage","commissioning_year":1970},"geometry":{"type":"Point","coordinates":[6.001,45.386]}},{"type":"Feature","properties":{"id":"ppm-fr-6471","name":"Saint Nazaire Wind Farm","capacity_mw":480.0,"fuel_type":"wind","status":"operational","precision":"approximate","source":"powerplantmatching v0.9.0, 2026-10-03 · Global Energy Monitor, OpenStreetMap","source_url":"https://www.openstreetmap.org/way/1040759009","tech":"Offshore","commissioning_year":2022},"geometry":{"type":"Point","coordinates":[-2.272,47.215]}},{"type":"Feature","properties":{"id":"ppm-fr-314","name":"Combigolfe","capacity_mw":453.0,"fuel_type":"gas","status":"operational","precision":"approximate","source":"powerplantmatching v0.9.0, 2026-10-03 · Global Energy Monitor, ENTSO-E, Open Power System Data, WRI GPPD, OpenStreetMap, GEO","source_url":"https://www.openstreetmap.org/way/430265775","tech":"CCGT","commissioning_year":2010},"geometry":{"type":"Point","coordinates":[4.868,43.407]}},{"type":"Feature","properties":{"id":"ppm-fr-574","name":"Pont Sur Sambre","capacity_mw":450.0,"fuel_type":"gas","status":"operational","precision":"approximate","source":"powerplantmatching v0.9.0, 2026-10-03 · Global Energy Monitor, ENTSO-E, Open Power System Data, WRI GPPD, OpenStreetMap, GEO","source_url":"https://www.openstreetmap.org/way/430264499","tech":"CCGT","commissioning_year":2009},"geometry":{"type":"Point","coordinates":[3.868,50.229]}},{"type":"Feature","properties":{"id":"ppm-fr-15447","name":"Courselles Sur Mer Wind Farm","capacity_mw":448.0,"fuel_type":"wind","status":"construction","precision":"approximate","source":"powerplantmatching v0.9.0, 2026-10-03 · Global Energy Monitor","source_url":"https://github.com/PyPSA/powerplantmatching","tech":"Offshore","commissioning_year":2027},"geometry":{"type":"Point","coordinates":[-0.513,49.469]}},{"type":"Feature","properties":{"id":"ppm-fr-5","name":"Pouget","capacity_mw":447.0,"fuel_type":"hydro","status":"operational","precision":"approximate","source":"powerplantmatching v0.9.0, 2026-10-03 · Global Energy Monitor, EESI, JRC (European Commission), ENTSO-E, Global Hydropower Resources, Open Power System Data, WRI GPPD, OpenStreetMap, GEO","source_url":"https://www.openstreetmap.org/relation/9733614","tech":"Pumped Storage","commissioning_year":1951},"geometry":{"type":"Point","coordinates":[2.77,44.06]}},{"type":"Feature","properties":{"id":"ppm-fr-3611","name":"Landivisiau","capacity_mw":446.0,"fuel_type":"gas","status":"operational","precision":"approximate","source":"powerplantmatching v0.9.0, 2026-10-03 · Global Energy Monitor, ENTSO-E, OpenStreetMap","source_url":"https://www.openstreetmap.org/way/592451089","tech":"CCGT","commissioning_year":2022},"geometry":{"type":"Point","coordinates":[-4.072,48.522]}},{"type":"Feature","properties":{"id":"ppm-fr-1660","name":"Montoir De Bretagne","capacity_mw":435.0,"fuel_type":"gas","status":"operational","precision":"approximate","source":"powerplantmatching v0.9.0, 2026-10-03 · Global Energy Monitor, ENTSO-E, Open Power System Data, GEO","source_url":"https://github.com/PyPSA/powerplantmatching","tech":"CCGT","commissioning_year":2010},"geometry":{"type":"Point","coordinates":[-2.137,47.307]}},{"type":"Feature","properties":{"id":"ppm-fr-1068","name":"Cycofos","capacity_mw":428.0,"fuel_type":"gas","status":"operational","precision":"approximate","source":"powerplantmatching v0.9.0, 2026-10-03 · Global Energy Monitor, ENTSO-E, Open Power System Data, OpenStreetMap, GEO","source_url":"https://www.openstreetmap.org/way/430265776","tech":"CCGT","commissioning_year":2009},"geometry":{"type":"Point","coordinates":[4.887,43.428]}},{"type":"Feature","properties":{"id":"ppm-fr-581","name":"Blenod","capacity_mw":427.0,"fuel_type":"gas","status":"operational","precision":"approximate","source":"powerplantmatching v0.9.0, 2026-10-03 · Global Energy Monitor, ENTSO-E, Open Power System Data, WRI GPPD, OpenStreetMap, GEO","source_url":"https://www.openstreetmap.org/way/146978970","tech":"CCGT","commissioning_year":2011},"geometry":{"type":"Point","coordinates":[6.08,48.869]}},{"type":"Feature","properties":{"id":"ppm-fr-23","name":"Genissiat","capacity_mw":420.0,"fuel_type":"hydro","status":"operational","precision":"approximate","source":"powerplantmatching v0.9.0, 2026-10-03 · Global Energy Monitor, JRC (European Commission), ENTSO-E, Global Hydropower Resources, Open Power System Data, WRI GPPD, OpenStreetMap, GEO","source_url":"https://www.openstreetmap.org/way/80667335","tech":"Run-Of-River","commissioning_year":1947},"geometry":{"type":"Point","coordinates":[5.813,46.053]}},{"type":"Feature","properties":{"id":"ppm-fr-578","name":"Croix De Metz Toul","capacity_mw":413.0,"fuel_type":"gas","status":"operational","precision":"approximate","source":"powerplantmatching v0.9.0, 2026-10-03 · Global Energy Monitor, ENTSO-E, Open Power System Data, WRI GPPD, OpenStreetMap, GEO","source_url":"https://www.openstreetmap.org/way/283859759","tech":"CCGT","commissioning_year":2012},"geometry":{"type":"Point","coordinates":[5.915,48.693]}},{"type":"Feature","properties":{"id":"ppm-fr-57","name":"Brommat","capacity_mw":406.0,"fuel_type":"hydro","status":"operational","precision":"approximate","source":"powerplantmatching v0.9.0, 2026-10-03 · Global Energy Monitor, JRC (European Commission), ENTSO-E, Global Hydropower Resources, Open Power System Data, WRI GPPD, OpenStreetMap, GEO","source_url":"https://www.openstreetmap.org/relation/5989323","tech":"Reservoir","commissioning_year":1933},"geometry":{"type":"Point","coordinates":[2.683,44.768]}},{"type":"Feature","properties":{"id":"ppm-fr-1202","name":"Bayet Combined Cycle","capacity_mw":401.0,"fuel_type":"gas","status":"operational","precision":"approximate","source":"powerplantmatching v0.9.0, 2026-10-03 · Global Energy Monitor, Open Power System Data, OpenStreetMap, GEO","source_url":"https://www.openstreetmap.org/way/184416339","tech":"CCGT","commissioning_year":2011},"geometry":{"type":"Point","coordinates":[3.301,46.273]}},{"type":"Feature","properties":{"id":"ppm-fr-20838","name":"Montereau","capacity_mw":400.0,"fuel_type":"gas","status":"operational","precision":"approximate","source":"powerplantmatching v0.9.0, 2026-10-03 · Global Energy Monitor","source_url":"https://github.com/PyPSA/powerplantmatching","tech":"Steam Turbine","commissioning_year":2010},"geometry":{"type":"Point","coordinates":[2.851,48.38]}},{"type":"Feature","properties":{"id":"ppm-fr-10","name":"Coche","capacity_mw":384.0,"fuel_type":"hydro","status":"operational","precision":"approximate","source":"powerplantmatching v0.9.0, 2026-10-03 · Global Energy Monitor, EESI, JRC (European Commission), ENTSO-E, Global Hydropower Resources, Open Power System Data, WRI GPPD, OpenStreetMap, GEO","source_url":"https://www.openstreetmap.org/relation/3107019","tech":"Pumped Storage","commissioning_year":1970},"geometry":{"type":"Point","coordinates":[6.51,45.497]}},{"type":"Feature","properties":{"id":"ppm-fr-40","name":"Serre Poncon","capacity_mw":384.0,"fuel_type":"hydro","status":"operational","precision":"approximate","source":"powerplantmatching v0.9.0, 2026-10-03 · Global Energy Monitor, JRC (European Commission), ENTSO-E, Global Hydropower Resources, Open Power System Data, WRI GPPD, OpenStreetMap, GEO","source_url":"https://www.openstreetmap.org/relation/4581505","tech":"Reservoir","commissioning_year":1960},"geometry":{"type":"Point","coordinates":[6.27,44.471]}},{"type":"Feature","properties":{"id":"ppm-fr-46","name":"Monteynard","capacity_mw":366.0,"fuel_type":"hydro","status":"operational","precision":"approximate","source":"powerplantmatching v0.9.0, 2026-10-03 · Global Energy Monitor, JRC (European Commission), ENTSO-E, Global Hydropower Resources, Open Power System Data, WRI GPPD, OpenStreetMap, GEO","source_url":"https://www.openstreetmap.org/way/59914639","tech":"Reservoir","commissioning_year":1962},"geometry":{"type":"Point","coordinates":[5.773,44.872]}},{"type":"Feature","properties":{"id":"ppm-fr-71","name":"Villarodin","capacity_mw":364.0,"fuel_type":"hydro","status":"operational","precision":"approximate","source":"powerplantmatching v0.9.0, 2026-10-03 · Global Energy Monitor, JRC (European Commission), ENTSO-E, Global Hydropower Resources, Open Power System Data, WRI GPPD, OpenStreetMap, GEO","source_url":"https://www.openstreetmap.org/relation/5430197","tech":"Reservoir","commissioning_year":1968},"geometry":{"type":"Point","coordinates":[6.716,45.213]}},{"type":"Feature","properties":{"id":"ppm-fr-193","name":"Aigle","capacity_mw":360.0,"fuel_type":"hydro","status":"operational","precision":"approximate","source":"powerplantmatching v0.9.0, 2026-10-03 · Global Energy Monitor, JRC (European Commission), ENTSO-E, Global Hydropower Resources, Open Power System Data, OpenStreetMap, GEO","source_url":"https://www.openstreetmap.org/relation/5964248","tech":"Reservoir","commissioning_year":1945},"geometry":{"type":"Point","coordinates":[2.225,45.244]}},{"type":"Feature","properties":{"id":"ppm-fr-151","name":"Bollene","capacity_mw":348.0,"fuel_type":"hydro","status":"operational","precision":"approximate","source":"powerplantmatching v0.9.0, 2026-10-03 · Global Energy Monitor, JRC (European Commission), ENTSO-E, Global Hydropower Resources, Open Power System Data, WRI GPPD, GEO","source_url":"https://github.com/PyPSA/powerplantmatching","tech":"Run-Of-River","commissioning_year":1952},"geometry":{"type":"Point","coordinates":[4.742,44.304]}},{"type":"Feature","properties":{"id":"ppm-fr-1610","name":"Brennilis","capacity_mw":324.0,"fuel_type":"oil","status":"operational","precision":"approximate","source":"powerplantmatching v0.9.0, 2026-10-03 · Global Energy Monitor, ENTSO-E, Open Power System Data, WRI GPPD","source_url":"https://github.com/PyPSA/powerplantmatching","tech":"Steam Turbine","commissioning_year":1980},"geometry":{"type":"Point","coordinates":[-3.869,48.357]}},{"type":"Feature","properties":{"id":"ppm-fr-7461","name":"Cestas Solar Farm","capacity_mw":300.0,"fuel_type":"solar","status":"operational","precision":"approximate","source":"powerplantmatching v0.9.0, 2026-10-03 · Global Energy Monitor, OpenStreetMap","source_url":"https://www.openstreetmap.org/way/389927641","tech":"PV","commissioning_year":2015},"geometry":{"type":"Point","coordinates":[-0.808,44.726]}},{"type":"Feature","properties":{"id":"ppm-fr-45","name":"Malgovert","capacity_mw":297.0,"fuel_type":"hydro","status":"operational","precision":"approximate","source":"powerplantmatching v0.9.0, 2026-10-03 · Global Energy Monitor, JRC (European Commission), ENTSO-E, Global Hydropower Resources, Open Power System Data, WRI GPPD, OpenStreetMap, GEO","source_url":"https://www.openstreetmap.org/relation/3289876","tech":"Reservoir","commissioning_year":1952},"geometry":{"type":"Point","coordinates":[6.791,45.618]}},{"type":"Feature","properties":{"id":"ppm-fr-134","name":"Henri Poincare","capacity_mw":295.0,"fuel_type":"hydro","status":"operational","precision":"approximate","source":"powerplantmatching v0.9.0, 2026-10-03 · Global Energy Monitor, JRC (European Commission), ENTSO-E, Global Hydropower Resources, WRI GPPD, OpenStreetMap, GEO","source_url":"https://www.openstreetmap.org/relation/6014338","tech":"Run-Of-River","commissioning_year":1957},"geometry":{"type":"Point","coordinates":[4.709,44.498]}},{"type":"Feature","properties":{"id":"ppm-fr-75","name":"Chastang","capacity_mw":293.0,"fuel_type":"hydro","status":"operational","precision":"approximate","source":"powerplantmatching v0.9.0, 2026-10-03 · Global Energy Monitor, JRC (European Commission), ENTSO-E, Global Hydropower Resources, Open Power System Data, WRI GPPD, OpenStreetMap, GEO","source_url":"https://www.openstreetmap.org/relation/11191036","tech":"Run-Of-River","commissioning_year":1951},"geometry":{"type":"Point","coordinates":[2.01,45.152]}},{"type":"Feature","properties":{"id":"ppm-fr-12","name":"Vouglans","capacity_mw":285.0,"fuel_type":"hydro","status":"operational","precision":"approximate","source":"powerplantmatching v0.9.0, 2026-10-03 · Global Energy Monitor, EESI, JRC (European Commission), ENTSO-E, Global Hydropower Resources, Open Power System Data, WRI GPPD, OpenStreetMap, GEO","source_url":"https://www.openstreetmap.org/relation/6809735","tech":"Reservoir","commissioning_year":1968},"geometry":{"type":"Point","coordinates":[5.663,46.397]}},{"type":"Feature","properties":{"id":"ppm-fr-6908","name":"Montelimar Chateauneuf Du Rhone","capacity_mw":285.0,"fuel_type":"hydro","status":"operational","precision":"approximate","source":"powerplantmatching v0.9.0, 2026-10-03 · JRC (European Commission), Open Power System Data","source_url":"https://github.com/PyPSA/powerplantmatching","tech":"Run-Of-River","commissioning_year":1957},"geometry":{"type":"Point","coordinates":[4.726,44.593]}},{"type":"Feature","properties":{"id":"ppm-fr-15083","name":"Chatelard Vallorcine","capacity_mw":260.0,"fuel_type":"hydro","status":"operational","precision":"approximate","source":"powerplantmatching v0.9.0, 2026-10-03 · Global Energy Monitor","source_url":"https://github.com/PyPSA/powerplantmatching","tech":"Pumped Storage","commissioning_year":1978},"geometry":{"type":"Point","coordinates":[6.949,46.051]}},{"type":"Feature","properties":{"id":"ppm-fr-1006","name":"Vitry Arrighi","capacity_mw":250.0,"fuel_type":"oil","status":"operational","precision":"approximate","source":"powerplantmatching v0.9.0, 2026-10-03 · Global Energy Monitor, ENTSO-E, Open Power System Data, WRI GPPD, OpenStreetMap","source_url":"https://www.openstreetmap.org/way/44423959","tech":"Steam Turbine","commissioning_year":1997},"geometry":{"type":"Point","coordinates":[2.419,48.786]}},{"type":"Feature","properties":{"id":"ppm-fr-26","name":"Sisteron","capacity_mw":240.0,"fuel_type":"hydro","status":"operational","precision":"approximate","source":"powerplantmatching v0.9.0, 2026-10-03 · Global Energy Monitor, JRC (European Commission), ENTSO-E, Global Hydropower Resources, Open Power System Data, WRI GPPD, OpenStreetMap, GEO","source_url":"https://www.openstreetmap.org/relation/5977382","tech":"Reservoir","commissioning_year":1970},"geometry":{"type":"Point","coordinates":[5.919,44.209]}},{"type":"Feature","properties":{"id":"ppm-fr-539","name":"Rance Tidal Rance Tidal","capacity_mw":240.0,"fuel_type":"hydro","status":"operational","precision":"approximate","source":"powerplantmatching v0.9.0, 2026-10-03 · JRC (European Commission), ENTSO-E, Global Hydropower Resources, WRI GPPD, OpenStreetMap, GEO","source_url":"https://www.openstreetmap.org/relation/2355412","tech":"Pumped Storage","commissioning_year":1966},"geometry":{"type":"Point","coordinates":[-2.024,48.618]}},{"type":"Feature","properties":{"id":"ppm-fr-4101","name":"Amfard","capacity_mw":240.0,"fuel_type":"gas","status":"operational","precision":"approximate","source":"powerplantmatching v0.9.0, 2026-10-03 · Global Energy Monitor, ENTSO-E, Open Power System Data","source_url":"https://github.com/PyPSA/powerplantmatching","tech":"CCGT","commissioning_year":2004},"geometry":{"type":"Point","coordinates":[0.22,49.48]}},{"type":"Feature","properties":{"id":"ppm-fr-68","name":"Bort","capacity_mw":235.0,"fuel_type":"hydro","status":"operational","precision":"approximate","source":"powerplantmatching v0.9.0, 2026-10-03 · Global Energy Monitor, JRC (European Commission), ENTSO-E, Global Hydropower Resources, Open Power System Data, WRI GPPD, OpenStreetMap, GEO","source_url":"https://www.openstreetmap.org/relation/5973967","tech":"Reservoir","commissioning_year":1951},"geometry":{"type":"Point","coordinates":[2.499,45.413]}},{"type":"Feature","properties":{"id":"ppm-fr-6711","name":"Lucciana","capacity_mw":231.0,"fuel_type":"oil","status":"operational","precision":"approximate","source":"powerplantmatching v0.9.0, 2026-10-03 · Global Energy Monitor, OpenStreetMap","source_url":"https://www.openstreetmap.org/way/126482608","tech":"Steam Turbine","commissioning_year":1992},"geometry":{"type":"Point","coordinates":[9.447,42.528]}},{"type":"Feature","properties":{"id":"ppm-fr-5956","name":"Centrale Solaire Photovoltaique De Constantin","capacity_mw":230.0,"fuel_type":"solar","status":"operational","precision":"approximate","source":"powerplantmatching v0.9.0, 2026-10-03 · ENTSO-E, OpenStreetMap","source_url":"https://www.openstreetmap.org/way/310477111","tech":"PV","commissioning_year":2009},"geometry":{"type":"Point","coordinates":[5.46,44.123]}},{"type":"Feature","properties":{"id":"ppm-fr-38","name":"Logis Neuf","capacity_mw":215.0,"fuel_type":"hydro","status":"operational","precision":"approximate","source":"powerplantmatching v0.9.0, 2026-10-03 · Global Energy Monitor, JRC (European Commission), ENTSO-E, Global Hydropower Resources, Open Power System Data, WRI GPPD, OpenStreetMap, GEO","source_url":"https://www.openstreetmap.org/relation/6028669","tech":"Run-Of-River","commissioning_year":1960},"geometry":{"type":"Point","coordinates":[4.787,44.676]}},{"type":"Feature","properties":{"id":"ppm-fr-213","name":"Beaucaire","capacity_mw":210.0,"fuel_type":"hydro","status":"operational","precision":"approximate","source":"powerplantmatching v0.9.0, 2026-10-03 · Global Energy Monitor, JRC (European Commission), ENTSO-E, Global Hydropower Resources, Open Power System Data, OpenStreetMap, GEO","source_url":"https://www.openstreetmap.org/way/392308130","tech":"Run-Of-River","commissioning_year":1969},"geometry":{"type":"Point","coordinates":[4.642,43.824]}},{"type":"Feature","properties":{"id":"ppm-fr-1008","name":"Gennevilliers","capacity_mw":203.0,"fuel_type":"gas","status":"operational","precision":"approximate","source":"powerplantmatching v0.9.0, 2026-10-03 · Global Energy Monitor, ENTSO-E, Open Power System Data, WRI GPPD, OpenStreetMap","source_url":"https://www.openstreetmap.org/way/260698235","tech":"Steam Turbine","commissioning_year":1994},"geometry":{"type":"Point","coordinates":[2.261,48.937]}},{"type":"Feature","properties":{"id":"ppm-fr-15498","name":"Creil Air Base Solar Farm","capacity_mw":200.0,"fuel_type":"solar","status":"operational","precision":"approximate","source":"powerplantmatching v0.9.0, 2026-10-03 · Global Energy Monitor","source_url":"https://github.com/PyPSA/powerplantmatching","tech":"PV"},"geometry":{"type":"Point","coordinates":[2.511,49.243]}},{"type":"Feature","properties":{"id":"ppm-fr-16888","name":"Fos Sur Mer Steel","capacity_mw":195.0,"fuel_type":"gas","status":"operational","precision":"approximate","source":"powerplantmatching v0.9.0, 2026-10-03 · Global Energy Monitor","source_url":"https://github.com/PyPSA/powerplantmatching","tech":"Steam Turbine","commissioning_year":1973},"geometry":{"type":"Point","coordinates":[4.883,43.435]}},{"type":"Feature","properties":{"id":"ppm-fr-167","name":"Beauchastel","capacity_mw":192.0,"fuel_type":"hydro","status":"operational","precision":"approximate","source":"powerplantmatching v0.9.0, 2026-10-03 · Global Energy Monitor, JRC (European Commission), ENTSO-E, Global Hydropower Resources, Open Power System Data, WRI GPPD, GEO","source_url":"https://github.com/PyPSA/powerplantmatching","tech":"Run-Of-River","commissioning_year":1963},"geometry":{"type":"Point","coordinates":[4.81,44.824]}},{"type":"Feature","properties":{"id":"ppm-fr-14827","name":"Catalan Wind Farm","capacity_mw":192.0,"fuel_type":"wind","status":"operational","precision":"approximate","source":"powerplantmatching v0.9.0, 2026-10-03 · Global Energy Monitor","source_url":"https://github.com/PyPSA/powerplantmatching","tech":"Onshore","commissioning_year":2016},"geometry":{"type":"Point","coordinates":[2.776,42.722]}},{"type":"Feature","properties":{"id":"ppm-fr-32","name":"Pragneres","capacity_mw":189.0,"fuel_type":"hydro","status":"operational","precision":"approximate","source":"powerplantmatching v0.9.0, 2026-10-03 · Global Energy Monitor, JRC (European Commission), ENTSO-E, Global Hydropower Resources, Open Power System Data, WRI GPPD, OpenStreetMap, GEO","source_url":"https://www.openstreetmap.org/relation/9979775","tech":"Reservoir","commissioning_year":1953},"geometry":{"type":"Point","coordinates":[0.01,42.821]}},{"type":"Feature","properties":{"id":"ppm-fr-30","name":"Oraison","capacity_mw":188.0,"fuel_type":"hydro","status":"operational","precision":"approximate","source":"powerplantmatching v0.9.0, 2026-10-03 · Global Energy Monitor, JRC (European Commission), ENTSO-E, Global Hydropower Resources, Open Power System Data, WRI GPPD, OpenStreetMap, GEO","source_url":"https://www.openstreetmap.org/way/686732031","tech":"Reservoir","commissioning_year":1962},"geometry":{"type":"Point","coordinates":[5.925,43.921]}},{"type":"Feature","properties":{"id":"ppm-fr-1007","name":"Dirinon","capacity_mw":184.0,"fuel_type":"oil","status":"operational","precision":"approximate","source":"powerplantmatching v0.9.0, 2026-10-03 · Global Energy Monitor, ENTSO-E, Open Power System Data, WRI GPPD, OpenStreetMap","source_url":"https://www.openstreetmap.org/way/237314052","tech":"Steam Turbine","commissioning_year":1980},"geometry":{"type":"Point","coordinates":[-4.262,48.39]}},{"type":"Feature","properties":{"id":"ppm-fr-41","name":"Sarrans","capacity_mw":183.0,"fuel_type":"hydro","status":"operational","precision":"approximate","source":"powerplantmatching v0.9.0, 2026-10-03 · Global Energy Monitor, JRC (European Commission), ENTSO-E, Global Hydropower Resources, Open Power System Data, WRI GPPD, OpenStreetMap, GEO","source_url":"https://www.openstreetmap.org/relation/5989324","tech":"Reservoir","commissioning_year":1932},"geometry":{"type":"Point","coordinates":[2.74,44.828]}},{"type":"Feature","properties":{"id":"ppm-fr-164","name":"Bourg Les Valence","capacity_mw":180.0,"fuel_type":"hydro","status":"operational","precision":"approximate","source":"powerplantmatching v0.9.0, 2026-10-03 · Global Energy Monitor, JRC (European Commission), ENTSO-E, Global Hydropower Resources, Open Power System Data, WRI GPPD, GEO","source_url":"https://github.com/PyPSA/powerplantmatching","tech":"Run-Of-River","commissioning_year":1968},"geometry":{"type":"Point","coordinates":[4.872,44.961]}},{"type":"Feature","properties":{"id":"ppm-fr-63","name":"Fessenheim","capacity_mw":175.0,"fuel_type":"hydro","status":"operational","precision":"approximate","source":"powerplantmatching v0.9.0, 2026-10-03 · Global Energy Monitor, JRC (European Commission), ENTSO-E, Global Hydropower Resources, Open Power System Data, WRI GPPD, OpenStreetMap, GEO","source_url":"https://www.openstreetmap.org/way/450677158","tech":"Run-Of-River","commissioning_year":1956},"geometry":{"type":"Point","coordinates":[7.571,47.915]}},{"type":"Feature","properties":{"id":"ppm-fr-85","name":"Kembs","capacity_mw":162.0,"fuel_type":"hydro","status":"operational","precision":"approximate","source":"powerplantmatching v0.9.0, 2026-10-03 · Global Energy Monitor, JRC (European Commission), ENTSO-E, Global Hydropower Resources, Open Power System Data, WRI GPPD, OpenStreetMap, GEO","source_url":"https://www.openstreetmap.org/way/406691577","tech":"Run-Of-River","commissioning_year":1932},"geometry":{"type":"Point","coordinates":[7.518,47.655]}},{"type":"Feature","properties":{"id":"ppm-fr-799","name":"Sablons","capacity_mw":160.0,"fuel_type":"hydro","status":"operational","precision":"approximate","source":"powerplantmatching v0.9.0, 2026-10-03 · Global Energy Monitor, JRC (European Commission), ENTSO-E, Global Hydropower Resources, GEO","source_url":"https://github.com/PyPSA/powerplantmatching","tech":"Run-Of-River","commissioning_year":1970},"geometry":{"type":"Point","coordinates":[4.798,45.307]}},{"type":"Feature","properties":{"id":"ppm-fr-33","name":"Saint Chamas","capacity_mw":159.0,"fuel_type":"hydro","status":"operational","precision":"approximate","source":"powerplantmatching v0.9.0, 2026-10-03 · Global Energy Monitor, JRC (European Commission), ENTSO-E, Global Hydropower Resources, Open Power System Data, WRI GPPD, OpenStreetMap, GEO","source_url":"https://www.openstreetmap.org/relation/5952076","tech":"Reservoir","commissioning_year":1965},"geometry":{"type":"Point","coordinates":[5.074,43.529]}},{"type":"Feature","properties":{"id":"ppm-fr-109","name":"Caderousse","capacity_mw":156.0,"fuel_type":"hydro","status":"operational","precision":"approximate","source":"powerplantmatching v0.9.0, 2026-10-03 · Global Energy Monitor, JRC (European Commission), ENTSO-E, Global Hydropower Resources, Open Power System Data, WRI GPPD, GEO","source_url":"https://github.com/PyPSA/powerplantmatching","tech":"Run-Of-River","commissioning_year":1970},"geometry":{"type":"Point","coordinates":[4.723,44.096]}},{"type":"Feature","properties":{"id":"ppm-fr-154","name":"Ottmarsheim","capacity_mw":156.0,"fuel_type":"hydro","status":"operational","precision":"approximate","source":"powerplantmatching v0.9.0, 2026-10-03 · Global Energy Monitor, JRC (European Commission), ENTSO-E, Global Hydropower Resources, Open Power System Data, WRI GPPD, GEO","source_url":"https://github.com/PyPSA/powerplantmatching","tech":"Run-Of-River","commissioning_year":1952},"geometry":{"type":"Point","coordinates":[7.522,47.774]}},{"type":"Feature","properties":{"id":"ppm-fr-156","name":"Marckolsheim","capacity_mw":156.0,"fuel_type":"hydro","status":"operational","precision":"approximate","source":"powerplantmatching v0.9.0, 2026-10-03 · Global Energy Monitor, JRC (European Commission), ENTSO-E, Global Hydropower Resources, Open Power System Data, WRI GPPD, GEO","source_url":"https://github.com/PyPSA/powerplantmatching","tech":"Run-Of-River","commissioning_year":1961},"geometry":{"type":"Point","coordinates":[7.59,48.154]}},{"type":"Feature","properties":{"id":"ppm-fr-189","name":"Rhinau","capacity_mw":152.0,"fuel_type":"hydro","status":"operational","precision":"approximate","source":"powerplantmatching v0.9.0, 2026-10-03 · Global Energy Monitor, JRC (European Commission), ENTSO-E, Global Hydropower Resources, Open Power System Data, WRI GPPD, GEO","source_url":"https://github.com/PyPSA/powerplantmatching","tech":"Run-Of-River","commissioning_year":1963},"geometry":{"type":"Point","coordinates":[7.677,48.284]}},{"type":"Feature","properties":{"id":"ppm-fr-183","name":"La Saussaz","capacity_mw":150.0,"fuel_type":"hydro","status":"operational","precision":"approximate","source":"powerplantmatching v0.9.0, 2026-10-03 · Global Energy Monitor, JRC (European Commission), ENTSO-E, Global Hydropower Resources, Open Power System Data, WRI GPPD, OpenStreetMap","source_url":"https://www.openstreetmap.org/relation/3107022","tech":"Run-Of-River","commissioning_year":1970},"geometry":{"type":"Point","coordinates":[6.475,45.211]}},{"type":"Feature","properties":{"id":"ppm-fr-2271","name":"Provence","capacity_mw":150.0,"fuel_type":"biomass","status":"operational","precision":"approximate","source":"powerplantmatching v0.9.0, 2026-10-03 · Global Energy Monitor, ENTSO-E, Open Power System Data, OpenStreetMap","source_url":"https://www.openstreetmap.org/way/1070616696","tech":"PV","commissioning_year":1995},"geometry":{"type":"Point","coordinates":[5.488,43.469]}},{"type":"Feature","properties":{"id":"ppm-fr-6757","name":"Marville Pv Solar","capacity_mw":150.0,"fuel_type":"solar","status":"operational","precision":"approximate","source":"powerplantmatching v0.9.0, 2026-10-03 · Global Energy Monitor, OpenStreetMap","source_url":"https://www.openstreetmap.org/relation/13599205","tech":"PV","commissioning_year":2021},"geometry":{"type":"Point","coordinates":[5.413,49.455]}},{"type":"Feature","properties":{"id":"ppm-fr-152","name":"Strasbourg","capacity_mw":148.0,"fuel_type":"hydro","status":"operational","precision":"approximate","source":"powerplantmatching v0.9.0, 2026-10-03 · Global Energy Monitor, JRC (European Commission), ENTSO-E, Global Hydropower Resources, Open Power System Data, WRI GPPD, GEO","source_url":"https://github.com/PyPSA/powerplantmatching","tech":"Run-Of-River","commissioning_year":1969},"geometry":{"type":"Point","coordinates":[7.797,48.526]}},{"type":"Feature","properties":{"id":"ppm-fr-19259","name":"La Montagne Ardechoise Wind Farm","capacity_mw":147.5,"fuel_type":"wind","status":"operational","precision":"approximate","source":"powerplantmatching v0.9.0, 2026-10-03 · Global Energy Monitor","source_url":"https://github.com/PyPSA/powerplantmatching","tech":"Onshore","commissioning_year":2017},"geometry":{"type":"Point","coordinates":[3.998,44.668]}},{"type":"Feature","properties":{"id":"ppm-fr-37","name":"Saint Esteve","capacity_mw":146.0,"fuel_type":"hydro","status":"operational","precision":"approximate","source":"powerplantmatching v0.9.0, 2026-10-03 · Global Energy Monitor, JRC (European Commission), ENTSO-E, Global Hydropower Resources, Open Power System Data, WRI GPPD, OpenStreetMap, GEO","source_url":"https://www.openstreetmap.org/way/686360199","tech":"Reservoir","commissioning_year":1963},"geometry":{"type":"Point","coordinates":[5.385,43.692]}},{"type":"Feature","properties":{"id":"ppm-fr-67","name":"Mareges","capacity_mw":146.0,"fuel_type":"hydro","status":"operational","precision":"approximate","source":"powerplantmatching v0.9.0, 2026-10-03 · Global Energy Monitor, JRC (European Commission), ENTSO-E, Global Hydropower Resources, Open Power System Data, WRI GPPD, OpenStreetMap, GEO","source_url":"https://www.openstreetmap.org/relation/5973965","tech":"Run-Of-River","commissioning_year":1935},"geometry":{"type":"Point","coordinates":[2.365,45.392]}},{"type":"Feature","properties":{"id":"ppm-fr-17950","name":"Iffezheim","capacity_mw":146.0,"fuel_type":"hydro","status":"operational","precision":"approximate","source":"powerplantmatching v0.9.0, 2026-10-03 · Global Energy Monitor","source_url":"https://github.com/PyPSA/powerplantmatching","tech":"Run-Of-River","commissioning_year":1978},"geometry":{"type":"Point","coordinates":[8.111,48.833]}},{"type":"Feature","properties":{"id":"ppm-fr-153","name":"Vogelgrun","capacity_mw":141.0,"fuel_type":"hydro","status":"operational","precision":"approximate","source":"powerplantmatching v0.9.0, 2026-10-03 · Global Energy Monitor, JRC (European Commission), ENTSO-E, Global Hydropower Resources, Open Power System Data, WRI GPPD, GEO","source_url":"https://github.com/PyPSA/powerplantmatching","tech":"Run-Of-River","commissioning_year":1958},"geometry":{"type":"Point","coordinates":[7.573,48.02]}},{"type":"Feature","properties":{"id":"ppm-fr-177","name":"Gerstheim","capacity_mw":141.0,"fuel_type":"hydro","status":"operational","precision":"approximate","source":"powerplantmatching v0.9.0, 2026-10-03 · Global Energy Monitor, JRC (European Commission), ENTSO-E, Global Hydropower Resources, Open Power System Data, WRI GPPD, GEO","source_url":"https://github.com/PyPSA/powerplantmatching","tech":"Run-Of-River","commissioning_year":1967},"geometry":{"type":"Point","coordinates":[7.727,48.402]}},{"type":"Feature","properties":{"id":"ppm-fr-15169","name":"Choqueuse Les Benards Wind Farm","capacity_mw":141.0,"fuel_type":"wind","status":"operational","precision":"approximate","source":"powerplantmatching v0.9.0, 2026-10-03 · Global Energy Monitor","source_url":"https://github.com/PyPSA/powerplantmatching","tech":"Onshore","commissioning_year":2018},"geometry":{"type":"Point","coordinates":[2.076,49.654]}},{"type":"Feature","properties":{"id":"ppm-fr-80","name":"Curbans","capacity_mw":139.0,"fuel_type":"hydro","status":"operational","precision":"approximate","source":"powerplantmatching v0.9.0, 2026-10-03 · Global Energy Monitor, JRC (European Commission), ENTSO-E, Global Hydropower Resources, Open Power System Data, WRI GPPD, OpenStreetMap, GEO","source_url":"https://www.openstreetmap.org/relation/10508148","tech":"Reservoir","commissioning_year":1966},"geometry":{"type":"Point","coordinates":[6.062,47.915]}},{"type":"Feature","properties":{"id":"ppm-fr-1911","name":"Hourat","capacity_mw":137.2,"fuel_type":"hydro","status":"operational","precision":"approximate","source":"powerplantmatching v0.9.0, 2026-10-03 · JRC (European Commission), Global Hydropower Resources, OpenStreetMap, GEO","source_url":"https://www.openstreetmap.org/relation/10048865","tech":"Reservoir","commissioning_year":1924},"geometry":{"type":"Point","coordinates":[-0.42,43.075]}},{"type":"Feature","properties":{"id":"ppm-fr-16768","name":"Fere Champenoise Euvy Corroy Wind Farm","capacity_mw":134.5,"fuel_type":"wind","status":"operational","precision":"approximate","source":"powerplantmatching v0.9.0, 2026-10-03 · Global Energy Monitor","source_url":"https://github.com/PyPSA/powerplantmatching","tech":"Onshore","commissioning_year":2011},"geometry":{"type":"Point","coordinates":[3.995,48.722]}},{"type":"Feature","properties":{"id":"ppm-fr-6364","name":"Vazzio","capacity_mw":133.0,"fuel_type":"oil","status":"operational","precision":"approximate","source":"powerplantmatching v0.9.0, 2026-10-03 · Global Energy Monitor, OpenStreetMap","source_url":"https://www.openstreetmap.org/way/34393207","tech":"CCGT","commissioning_year":1981},"geometry":{"type":"Point","coordinates":[8.72,41.932]}},{"type":"Feature","properties":{"id":"ppm-fr-18","name":"Sainte Croix","capacity_mw":132.0,"fuel_type":"hydro","status":"operational","precision":"approximate","source":"powerplantmatching v0.9.0, 2026-10-03 · Global Energy Monitor, EESI, JRC (European Commission), ENTSO-E, Global Hydropower Resources, Open Power System Data, WRI GPPD, OpenStreetMap, GEO","source_url":"https://www.openstreetmap.org/relation/16173465","tech":"Reservoir","commissioning_year":1970},"geometry":{"type":"Point","coordinates":[6.134,43.737]}},{"type":"Feature","properties":{"id":"ppm-fr-168","name":"Montpezat","capacity_mw":132.0,"fuel_type":"hydro","status":"operational","precision":"approximate","source":"powerplantmatching v0.9.0, 2026-10-03 · Global Energy Monitor, JRC (European Commission), ENTSO-E, Global Hydropower Resources, Open Power System Data, WRI GPPD, OpenStreetMap","source_url":"https://www.openstreetmap.org/relation/7844811","tech":"Reservoir","commissioning_year":1954},"geometry":{"type":"Point","coordinates":[6.089,43.751]}},{"type":"Feature","properties":{"id":"ppm-fr-23382","name":"Saint Etienne Du Rouvray","capacity_mw":132.0,"fuel_type":"gas","status":"operational","precision":"approximate","source":"powerplantmatching v0.9.0, 2026-10-03 · Global Energy Monitor","source_url":"https://github.com/PyPSA/powerplantmatching","tech":"CCGT","commissioning_year":2000},"geometry":{"type":"Point","coordinates":[1.116,49.365]}},{"type":"Feature","properties":{"id":"ppm-fr-6457","name":"Saint Ouen Sur Seine","capacity_mw":128.0,"fuel_type":"gas","status":"operational","precision":"approximate","source":"powerplantmatching v0.9.0, 2026-10-03 · Global Energy Monitor, OpenStreetMap","source_url":"https://www.openstreetmap.org/way/270540177","tech":"Steam Turbine","commissioning_year":1991},"geometry":{"type":"Point","coordinates":[2.328,48.912]}},{"type":"Feature","properties":{"id":"ppm-fr-25862","name":"Vitry Sur Seine Cogeneration","capacity_mw":125.0,"fuel_type":"gas","status":"operational","precision":"approximate","source":"powerplantmatching v0.9.0, 2026-10-03 · Global Energy Monitor","source_url":"https://github.com/PyPSA/powerplantmatching","tech":"Steam Turbine","commissioning_year":2001},"geometry":{"type":"Point","coordinates":[2.417,48.789]}},{"type":"Feature","properties":{"id":"ppm-fr-184","name":"Randens","capacity_mw":124.0,"fuel_type":"hydro","status":"operational","precision":"approximate","source":"powerplantmatching v0.9.0, 2026-10-03 · Global Energy Monitor, JRC (European Commission), ENTSO-E, Global Hydropower Resources, Open Power System Data, WRI GPPD, OpenStreetMap","source_url":"https://www.openstreetmap.org/relation/3107021","tech":"Run-Of-River","commissioning_year":1953},"geometry":{"type":"Point","coordinates":[6.321,45.528]}},{"type":"Feature","properties":{"id":"ppm-fr-52","name":"Combe Avrieux","capacity_mw":123.0,"fuel_type":"hydro","status":"operational","precision":"approximate","source":"powerplantmatching v0.9.0, 2026-10-03 · Global Energy Monitor, JRC (European Commission), ENTSO-E, Global Hydropower Resources, Open Power System Data, WRI GPPD, OpenStreetMap, GEO","source_url":"https://www.openstreetmap.org/relation/5430196","tech":"Reservoir","commissioning_year":1950},"geometry":{"type":"Point","coordinates":[6.712,45.215]}},{"type":"Feature","properties":{"id":"ppm-fr-6395","name":"Sud Marne Wind Farm","capacity_mw":122.2,"fuel_type":"wind","status":"operational","precision":"approximate","source":"powerplantmatching v0.9.0, 2026-10-03 · Global Energy Monitor, OpenStreetMap","source_url":"https://www.openstreetmap.org/relation/15585709","tech":"Onshore","commissioning_year":2022},"geometry":{"type":"Point","coordinates":[3.968,48.676]}},{"type":"Feature","properties":{"id":"ppm-fr-23445","name":"Saint Pierre","capacity_mw":122.0,"fuel_type":"hydro","status":"operational","precision":"approximate","source":"powerplantmatching v0.9.0, 2026-10-03 · Global Energy Monitor","source_url":"https://github.com/PyPSA/powerplantmatching","tech":"Reservoir","commissioning_year":1985},"geometry":{"type":"Point","coordinates":[2.366,45.391]}},{"type":"Feature","properties":{"id":"ppm-fr-166","name":"Avignon","capacity_mw":120.0,"fuel_type":"hydro","status":"operational","precision":"approximate","source":"powerplantmatching v0.9.0, 2026-10-03 · Global Energy Monitor, JRC (European Commission), ENTSO-E, Global Hydropower Resources, Open Power System Data, WRI GPPD, GEO","source_url":"https://github.com/PyPSA/powerplantmatching","tech":"Run-Of-River","commissioning_year":1970},"geometry":{"type":"Point","coordinates":[4.819,43.976]}},{"type":"Feature","properties":{"id":"ppm-fr-275","name":"Gervans","capacity_mw":120.0,"fuel_type":"hydro","status":"operational","precision":"approximate","source":"powerplantmatching v0.9.0, 2026-10-03 · Global Energy Monitor, JRC (European Commission), ENTSO-E, Global Hydropower Resources, OpenStreetMap, GEO","source_url":"https://www.openstreetmap.org/relation/19388610","tech":"Run-Of-River","commissioning_year":1970},"geometry":{"type":"Point","coordinates":[4.821,45.109]}},{"type":"Feature","properties":{"id":"ppm-fr-162","name":"Couesque","capacity_mw":119.0,"fuel_type":"hydro","status":"operational","precision":"approximate","source":"powerplantmatching v0.9.0, 2026-10-03 · Global Energy Monitor, JRC (European Commission), ENTSO-E, Global Hydropower Resources, Open Power System Data, WRI GPPD, GEO","source_url":"https://github.com/PyPSA/powerplantmatching","tech":"Run-Of-River","commissioning_year":1950},"geometry":{"type":"Point","coordinates":[2.583,44.695]}},{"type":"Feature","properties":{"id":"ppm-fr-311","name":"Hermillon","capacity_mw":119.0,"fuel_type":"hydro","status":"operational","precision":"approximate","source":"powerplantmatching v0.9.0, 2026-10-03 · Global Energy Monitor, JRC (European Commission), ENTSO-E, Global Hydropower Resources, Open Power System Data, OpenStreetMap","source_url":"https://www.openstreetmap.org/relation/13987413","tech":"Run-Of-River","commissioning_year":1970},"geometry":{"type":"Point","coordinates":[6.362,45.285]}},{"type":"Feature","properties":{"id":"ppm-fr-188","name":"Saint Guillerme","capacity_mw":116.0,"fuel_type":"hydro","status":"operational","precision":"approximate","source":"powerplantmatching v0.9.0, 2026-10-03 · Global Energy Monitor, JRC (European Commission), ENTSO-E, Global Hydropower Resources, Open Power System Data, WRI GPPD, GEO","source_url":"https://github.com/PyPSA/powerplantmatching","tech":"Reservoir","commissioning_year":1934},"geometry":{"type":"Point","coordinates":[6.072,45.029]}},{"type":"Feature","properties":{"id":"ppm-fr-6442","name":"Toul Rosieres Solar Park","capacity_mw":115.0,"fuel_type":"solar","status":"operational","precision":"approximate","source":"powerplantmatching v0.9.0, 2026-10-03 · Global Energy Monitor, OpenStreetMap","source_url":"https://www.openstreetmap.org/relation/9980020","tech":"PV","commissioning_year":2012},"geometry":{"type":"Point","coordinates":[5.983,48.783]}},{"type":"Feature","properties":{"id":"ppm-fr-25808","name":"Village Du Richebourg Wind Farm","capacity_mw":109.2,"fuel_type":"wind","status":"operational","precision":"approximate","source":"powerplantmatching v0.9.0, 2026-10-03 · Global Energy Monitor","source_url":"https://github.com/PyPSA/powerplantmatching","tech":"Onshore"},"geometry":{"type":"Point","coordinates":[2.749,50.583]}},{"type":"Feature","properties":{"id":"ppm-fr-155","name":"Pied De Borne","capacity_mw":109.0,"fuel_type":"hydro","status":"operational","precision":"approximate","source":"powerplantmatching v0.9.0, 2026-10-03 · Global Energy Monitor, JRC (European Commission), ENTSO-E, Global Hydropower Resources, Open Power System Data, WRI GPPD, GEO","source_url":"https://github.com/PyPSA/powerplantmatching","tech":"Reservoir","commissioning_year":1965},"geometry":{"type":"Point","coordinates":[3.986,44.479]}},{"type":"Feature","properties":{"id":"ppm-fr-3316","name":"Les Mees Solar Park","capacity_mw":107.4,"fuel_type":"solar","status":"operational","precision":"approximate","source":"powerplantmatching v0.9.0, 2026-10-03 · Global Energy Monitor, WRI GPPD, OpenStreetMap","source_url":"https://www.openstreetmap.org/relation/18262457","tech":"PV","commissioning_year":2010},"geometry":{"type":"Point","coordinates":[5.977,44.029]}},{"type":"Feature","properties":{"id":"ppm-fr-12910","name":"Auguette","capacity_mw":106.4,"fuel_type":"gas","status":"operational","precision":"approximate","source":"powerplantmatching v0.9.0, 2026-10-03 · Global Energy Monitor","source_url":"https://github.com/PyPSA/powerplantmatching","tech":"Steam Turbine","commissioning_year":2000},"geometry":{"type":"Point","coordinates":[5.01,43.382]}},{"type":"Feature","properties":{"id":"ppm-fr-34","name":"Aston","capacity_mw":104.0,"fuel_type":"hydro","status":"operational","precision":"approximate","source":"powerplantmatching v0.9.0, 2026-10-03 · Global Energy Monitor, JRC (European Commission), ENTSO-E, Global Hydropower Resources, Open Power System Data, WRI GPPD, OpenStreetMap, GEO","source_url":"https://www.openstreetmap.org/relation/9578176","tech":"Run-Of-River","commissioning_year":1947},"geometry":{"type":"Point","coordinates":[1.676,42.777]}},{"type":"Feature","properties":{"id":"ppm-fr-101","name":"Passy","capacity_mw":104.0,"fuel_type":"hydro","status":"operational","precision":"approximate","source":"powerplantmatching v0.9.0, 2026-10-03 · Global Energy Monitor, JRC (European Commission), ENTSO-E, Global Hydropower Resources, Open Power System Data, WRI GPPD, OpenStreetMap","source_url":"https://www.openstreetmap.org/relation/3165990","tech":"Run-Of-River","commissioning_year":1951},"geometry":{"type":"Point","coordinates":[6.727,45.917]}},{"type":"Feature","properties":{"id":"ppm-fr-25","name":"Saint Etienne Cantales","capacity_mw":103.0,"fuel_type":"hydro","status":"operational","precision":"approximate","source":"powerplantmatching v0.9.0, 2026-10-03 · Global Energy Monitor, JRC (European Commission), ENTSO-E, Global Hydropower Resources, Open Power System Data, WRI GPPD, OpenStreetMap, GEO","source_url":"https://www.openstreetmap.org/relation/8274667","tech":"Reservoir","commissioning_year":1945},"geometry":{"type":"Point","coordinates":[2.218,44.945]}},{"type":"Feature","properties":{"id":"ppm-fr-396","name":"Saint Pierre Cognet","capacity_mw":101.0,"fuel_type":"hydro","status":"operational","precision":"approximate","source":"powerplantmatching v0.9.0, 2026-10-03 · Global Energy Monitor, JRC (European Commission), ENTSO-E, Global Hydropower Resources, Open Power System Data, WRI GPPD","source_url":"https://github.com/PyPSA/powerplantmatching","tech":"Run-Of-River","commissioning_year":1957},"geometry":{"type":"Point","coordinates":[5.773,44.873]}},{"type":"Feature","properties":{"id":"ppm-fr-2152","name":"Gambsheim","capacity_mw":100.0,"fuel_type":"hydro","status":"operational","precision":"approximate","source":"powerplantmatching v0.9.0, 2026-10-03 · Global Energy Monitor, JRC (European Commission), Global Hydropower Resources, GEO","source_url":"https://github.com/PyPSA/powerplantmatching","tech":"Run-Of-River","commissioning_year":1970},"geometry":{"type":"Point","coordinates":[7.914,48.685]}},{"type":"Feature","properties":{"id":"ppm-fr-2153","name":"Mallemort","capacity_mw":99.0,"fuel_type":"hydro","status":"operational","precision":"approximate","source":"powerplantmatching v0.9.0, 2026-10-03 · Global Energy Monitor, JRC (European Commission), Global Hydropower Resources, GEO","source_url":"https://github.com/PyPSA/powerplantmatching","tech":"Reservoir","commissioning_year":1966},"geometry":{"type":"Point","coordinates":[5.206,43.716]}},{"type":"Feature","properties":{"id":"ppm-fr-728","name":"Sainte Tulle","capacity_mw":97.0,"fuel_type":"hydro","status":"operational","precision":"approximate","source":"powerplantmatching v0.9.0, 2026-10-03 · Global Energy Monitor, JRC (European Commission), Global Hydropower Resources, WRI GPPD, GEO","source_url":"https://github.com/PyPSA/powerplantmatching","tech":"Reservoir","commissioning_year":1922},"geometry":{"type":"Point","coordinates":[5.774,43.786]}},{"type":"Feature","properties":{"id":"ppm-fr-1896","name":"Romanche Gavet","capacity_mw":97.0,"fuel_type":"hydro","status":"operational","precision":"approximate","source":"powerplantmatching v0.9.0, 2026-10-03 · Global Energy Monitor, JRC (European Commission), Global Hydropower Resources, OpenStreetMap","source_url":"https://www.openstreetmap.org/relation/3149445","tech":"Run-Of-River","commissioning_year":1970},"geometry":{"type":"Point","coordinates":[5.961,45.117]}},{"type":"Feature","properties":{"id":"ppm-fr-1128","name":"Laval De Cere","capacity_mw":96.0,"fuel_type":"hydro","status":"operational","precision":"approximate","source":"powerplantmatching v0.9.0, 2026-10-03 · Global Energy Monitor, JRC (European Commission), Global Hydropower Resources, OpenStreetMap, GEO","source_url":"https://www.openstreetmap.org/relation/8273992","tech":"Run-Of-River","commissioning_year":1967},"geometry":{"type":"Point","coordinates":[1.95,44.953]}},{"type":"Feature","properties":{"id":"ppm-fr-2202","name":"Salon","capacity_mw":96.0,"fuel_type":"hydro","status":"operational","precision":"approximate","source":"powerplantmatching v0.9.0, 2026-10-03 · Global Energy Monitor, JRC (European Commission), Global Hydropower Resources, GEO","source_url":"https://github.com/PyPSA/powerplantmatching","tech":"Reservoir","commissioning_year":1965},"geometry":{"type":"Point","coordinates":[5.115,43.633]}},{"type":"Feature","properties":{"id":"ppm-fr-12828","name":"Artigues Et Ollieres Wind Farm","capacity_mw":96.0,"fuel_type":"wind","status":"operational","precision":"approximate","source":"powerplantmatching v0.9.0, 2026-10-03 · Global Energy Monitor","source_url":"https://github.com/PyPSA/powerplantmatching","tech":"Onshore","commissioning_year":2020},"geometry":{"type":"Point","coordinates":[5.793,43.545]}},{"type":"Feature","properties":{"id":"ppm-fr-19254","name":"La Madeleine","capacity_mw":96.0,"fuel_type":"gas","status":"operational","precision":"approximate","source":"powerplantmatching v0.9.0, 2026-10-03 · Global Energy Monitor","source_url":"https://github.com/PyPSA/powerplantmatching","tech":"Steam Turbine"},"geometry":{"type":"Point","coordinates":[6.265,48.638]}},{"type":"Feature","properties":{"id":"ppm-fr-24820","name":"Tavaux Works","capacity_mw":96.0,"fuel_type":"gas","status":"operational","precision":"approximate","source":"powerplantmatching v0.9.0, 2026-10-03 · Global Energy Monitor","source_url":"https://github.com/PyPSA/powerplantmatching","tech":"CCGT","commissioning_year":2015},"geometry":{"type":"Point","coordinates":[5.409,47.055]}},{"type":"Feature","properties":{"id":"ppm-fr-119","name":"Montahut","capacity_mw":95.0,"fuel_type":"hydro","status":"operational","precision":"approximate","source":"powerplantmatching v0.9.0, 2026-10-03 · Global Energy Monitor, JRC (European Commission), ENTSO-E, Global Hydropower Resources, WRI GPPD, OpenStreetMap, GEO","source_url":"https://www.openstreetmap.org/relation/7893741","tech":"Reservoir","commissioning_year":1965},"geometry":{"type":"Point","coordinates":[2.94,43.571]}},{"type":"Feature","properties":{"id":"ppm-fr-7223","name":"Douiche Wind Farm","capacity_mw":94.5,"fuel_type":"wind","status":"operational","precision":"approximate","source":"powerplantmatching v0.9.0, 2026-10-03 · Global Energy Monitor, OpenStreetMap","source_url":"https://www.openstreetmap.org/relation/10020575","tech":"Onshore","commissioning_year":2018},"geometry":{"type":"Point","coordinates":[3.055,50.053]}},{"type":"Feature","properties":{"id":"ppm-fr-6666","name":"Orvilliers Wind Farm","capacity_mw":94.0,"fuel_type":"wind","status":"operational","precision":"approximate","source":"powerplantmatching v0.9.0, 2026-10-03 · Global Energy Monitor, OpenStreetMap","source_url":"https://www.openstreetmap.org/relation/6094965","tech":"Onshore","commissioning_year":2015},"geometry":{"type":"Point","coordinates":[3.853,48.479]}},{"type":"Feature","properties":{"id":"ppm-fr-2044","name":"Portillon Le Portillon Le Portillon Le","capacity_mw":93.8,"fuel_type":"hydro","status":"operational","precision":"approximate","source":"powerplantmatching v0.9.0, 2026-10-03 · JRC (European Commission), Global Hydropower Resources, WRI GPPD, GEO","source_url":"https://github.com/PyPSA/powerplantmatching","tech":"Reservoir","commissioning_year":1950},"geometry":{"type":"Point","coordinates":[0.553,42.733]}},{"type":"Feature","properties":{"id":"ppm-fr-449","name":"Hospitalet","capacity_mw":93.0,"fuel_type":"hydro","status":"operational","precision":"approximate","source":"powerplantmatching v0.9.0, 2026-10-03 · Global Energy Monitor, JRC (European Commission), ENTSO-E, Global Hydropower Resources, WRI GPPD, GEO","source_url":"https://github.com/PyPSA/powerplantmatching","tech":"Reservoir","commissioning_year":1960},"geometry":{"type":"Point","coordinates":[1.797,42.588]}},{"type":"Feature","properties":{"id":"ppm-fr-23096","name":"Rion Des Landes Confidentiel Solar Farm","capacity_mw":91.3,"fuel_type":"solar","status":"operational","precision":"approximate","source":"powerplantmatching v0.9.0, 2026-10-03 · Global Energy Monitor","source_url":"https://github.com/PyPSA/powerplantmatching","tech":"PV","commissioning_year":2012},"geometry":{"type":"Point","coordinates":[-0.942,43.934]}},{"type":"Feature","properties":{"id":"ppm-fr-135","name":"Belley","capacity_mw":90.0,"fuel_type":"hydro","status":"operational","precision":"approximate","source":"powerplantmatching v0.9.0, 2026-10-03 · Global Energy Monitor, JRC (European Commission), ENTSO-E, Global Hydropower Resources, WRI GPPD, OpenStreetMap, GEO","source_url":"https://www.openstreetmap.org/way/248405571","tech":"Run-Of-River","commissioning_year":1970},"geometry":{"type":"Point","coordinates":[5.699,45.725]}},{"type":"Feature","properties":{"id":"ppm-fr-138","name":"Chautagne","capacity_mw":90.0,"fuel_type":"hydro","status":"operational","precision":"approximate","source":"powerplantmatching v0.9.0, 2026-10-03 · Global Energy Monitor, JRC (European Commission), ENTSO-E, Global Hydropower Resources, WRI GPPD, OpenStreetMap, GEO","source_url":"https://www.openstreetmap.org/way/320118818","tech":"Run-Of-River","commissioning_year":1970},"geometry":{"type":"Point","coordinates":[5.811,45.879]}},{"type":"Feature","properties":{"id":"ppm-fr-6830","name":"Les Brevieres","capacity_mw":90.0,"fuel_type":"hydro","status":"operational","precision":"approximate","source":"powerplantmatching v0.9.0, 2026-10-03 · Global Energy Monitor, OpenStreetMap","source_url":"https://www.openstreetmap.org/relation/3289875","tech":"Reservoir","commissioning_year":1952},"geometry":{"type":"Point","coordinates":[6.925,45.504]}},{"type":"Feature","properties":{"id":"ppm-fr-121","name":"Orlu","capacity_mw":89.0,"fuel_type":"hydro","status":"operational","precision":"approximate","source":"powerplantmatching v0.9.0, 2026-10-03 · Global Energy Monitor, JRC (European Commission), ENTSO-E, Global Hydropower Resources, WRI GPPD, OpenStreetMap, GEO","source_url":"https://www.openstreetmap.org/way/119695846","tech":"Reservoir","commissioning_year":1958},"geometry":{"type":"Point","coordinates":[1.912,42.689]}},{"type":"Feature","properties":{"id":"ppm-fr-687","name":"Artouste","capacity_mw":88.0,"fuel_type":"hydro","status":"operational","precision":"approximate","source":"powerplantmatching v0.9.0, 2026-10-03 · JRC (European Commission), Global Hydropower Resources, WRI GPPD, OpenStreetMap, GEO","source_url":"https://www.openstreetmap.org/way/258383582","tech":"Reservoir","commissioning_year":1947},"geometry":{"type":"Point","coordinates":[-0.411,42.887]}},{"type":"Feature","properties":{"id":"ppm-fr-7670","name":"Athies Samoussy Pv Solar","capacity_mw":87.5,"fuel_type":"solar","status":"operational","precision":"approximate","source":"powerplantmatching v0.9.0, 2026-10-03 · Global Energy Monitor, OpenStreetMap","source_url":"https://www.openstreetmap.org/relation/13256104","tech":"PV","commissioning_year":2021},"geometry":{"type":"Point","coordinates":[3.7,49.588]}},{"type":"Feature","properties":{"id":"ppm-fr-15370","name":"Condat Le Lardin","capacity_mw":87.2,"fuel_type":"gas","status":"operational","precision":"approximate","source":"powerplantmatching v0.9.0, 2026-10-03 · Global Energy Monitor","source_url":"https://github.com/PyPSA/powerplantmatching","tech":"Steam Turbine","commissioning_year":2003},"geometry":{"type":"Point","coordinates":[1.23,45.127]}},{"type":"Feature","properties":{"id":"ppm-fr-6505","name":"Salles Curan Wind Farm","capacity_mw":87.0,"fuel_type":"wind","status":"operational","precision":"approximate","source":"powerplantmatching v0.9.0, 2026-10-03 · Global Energy Monitor, OpenStreetMap","source_url":"https://www.openstreetmap.org/relation/1617157","tech":"Onshore","commissioning_year":2008},"geometry":{"type":"Point","coordinates":[2.828,44.163]}},{"type":"Feature","properties":{"id":"ppm-fr-7725","name":"Aussois","capacity_mw":87.0,"fuel_type":"hydro","status":"operational","precision":"approximate","source":"powerplantmatching v0.9.0, 2026-10-03 · Global Energy Monitor, OpenStreetMap","source_url":"https://www.openstreetmap.org/relation/5430195","tech":"Reservoir","commissioning_year":1947},"geometry":{"type":"Point","coordinates":[6.724,45.252]}},{"type":"Feature","properties":{"id":"ppm-fr-6737","name":"Les Nouvions Wind Farm","capacity_mw":86.4,"fuel_type":"wind","status":"operational","precision":"approximate","source":"powerplantmatching v0.9.0, 2026-10-03 · Global Energy Monitor, OpenStreetMap","source_url":"https://www.openstreetmap.org/relation/16696970","tech":"Onshore","commissioning_year":2011},"geometry":{"type":"Point","coordinates":[3.453,49.717]}},{"type":"Feature","properties":{"id":"ppm-fr-122","name":"Pierre Benite","capacity_mw":84.0,"fuel_type":"hydro","status":"operational","precision":"approximate","source":"powerplantmatching v0.9.0, 2026-10-03 · Global Energy Monitor, JRC (European Commission), ENTSO-E, Global Hydropower Resources, WRI GPPD, OpenStreetMap, GEO","source_url":"https://www.openstreetmap.org/way/54440016","tech":"Reservoir","commissioning_year":1966},"geometry":{"type":"Point","coordinates":[4.842,45.702]}},{"type":"Feature","properties":{"id":"ppm-fr-12822","name":"Arsac Solar Farm","capacity_mw":84.0,"fuel_type":"solar","status":"operational","precision":"approximate","source":"powerplantmatching v0.9.0, 2026-10-03 · Global Energy Monitor","source_url":"https://github.com/PyPSA/powerplantmatching","tech":"PV"},"geometry":{"type":"Point","coordinates":[-0.688,44.997]}},{"type":"Feature","properties":{"id":"ppm-fr-3399","name":"Greoux Les Bains Solar Farm","capacity_mw":82.0,"fuel_type":"solar","status":"operational","precision":"approximate","source":"powerplantmatching v0.9.0, 2026-10-03 · Global Energy Monitor, WRI GPPD, OpenStreetMap","source_url":"https://www.openstreetmap.org/relation/7791743","tech":"PV","commissioning_year":2017},"geometry":{"type":"Point","coordinates":[5.822,43.776]}},{"type":"Feature","properties":{"id":"ppm-fr-11913","name":"La Bastide Puylaurent","capacity_mw":81.1,"fuel_type":"hydro","status":"operational","precision":"approximate","source":"powerplantmatching v0.9.0, 2026-10-03 · Global Hydropower Resources, GEO","source_url":"https://github.com/PyPSA/powerplantmatching","commissioning_year":1961},"geometry":{"type":"Point","coordinates":[6.448,45.645]}},{"type":"Feature","properties":{"id":"ppm-fr-17727","name":"Herbissonne Wind Farm","capacity_mw":81.0,"fuel_type":"wind","status":"operational","precision":"approximate","source":"powerplantmatching v0.9.0, 2026-10-03 · Global Energy Monitor","source_url":"https://github.com/PyPSA/powerplantmatching","tech":"Onshore","commissioning_year":2011},"geometry":{"type":"Point","coordinates":[4.143,48.61]}},{"type":"Feature","properties":{"id":"ppm-fr-19708","name":"Les Hauts De La Rigotte Wind Farm","capacity_mw":80.8,"fuel_type":"wind","status":"operational","precision":"approximate","source":"powerplantmatching v0.9.0, 2026-10-03 · Global Energy Monitor","source_url":"https://github.com/PyPSA/powerplantmatching","tech":"Onshore"},"geometry":{"type":"Point","coordinates":[5.71,47.752]}},{"type":"Feature","properties":{"id":"ppm-fr-7495","name":"Caulieres Wind Farm","capacity_mw":80.7,"fuel_type":"wind","status":"operational","precision":"approximate","source":"powerplantmatching v0.9.0, 2026-10-03 · Global Energy Monitor, OpenStreetMap","source_url":"https://www.openstreetmap.org/relation/10020573","tech":"Onshore","commissioning_year":2010},"geometry":{"type":"Point","coordinates":[1.911,49.792]}},{"type":"Feature","properties":{"id":"ppm-fr-6502","name":"Rougemont Wind Farm","capacity_mw":80.0,"fuel_type":"wind","status":"operational","precision":"approximate","source":"powerplantmatching v0.9.0, 2026-10-03 · Global Energy Monitor, OpenStreetMap","source_url":"https://www.openstreetmap.org/relation/6831092","tech":"Onshore","commissioning_year":2016},"geometry":{"type":"Point","coordinates":[6.379,47.419]}},{"type":"Feature","properties":{"id":"ppm-fr-6746","name":"Les Hauts Pays Wind Farm","capacity_mw":80.0,"fuel_type":"wind","status":"operational","precision":"approximate","source":"powerplantmatching v0.9.0, 2026-10-03 · Global Energy Monitor, OpenStreetMap","source_url":"https://www.openstreetmap.org/relation/6094966","tech":"Onshore","commissioning_year":2010},"geometry":{"type":"Point","coordinates":[5.34,48.383]}},{"type":"Feature","properties":{"id":"ppm-fr-19740","name":"Lestrem","capacity_mw":80.0,"fuel_type":"gas","status":"operational","precision":"approximate","source":"powerplantmatching v0.9.0, 2026-10-03 · Global Energy Monitor","source_url":"https://github.com/PyPSA/powerplantmatching","tech":"Steam Turbine","commissioning_year":2015},"geometry":{"type":"Point","coordinates":[3.107,49.398]}},{"type":"Feature","properties":{"id":"ppm-fr-3324","name":"Salaunes Solar Farm","capacity_mw":78.4,"fuel_type":"solar","status":"operational","precision":"approximate","source":"powerplantmatching v0.9.0, 2026-10-03 · Global Energy Monitor, WRI GPPD, OpenStreetMap","source_url":"https://www.openstreetmap.org/relation/8180176","tech":"PV","commissioning_year":2017},"geometry":{"type":"Point","coordinates":[-0.85,44.925]}},{"type":"Feature","properties":{"id":"ppm-fr-6617","name":"Niergnies Confidentiel Solar Farm","capacity_mw":78.2,"fuel_type":"solar","status":"operational","precision":"approximate","source":"powerplantmatching v0.9.0, 2026-10-03 · Global Energy Monitor, OpenStreetMap","source_url":"https://www.openstreetmap.org/way/1013913516","tech":"PV","commissioning_year":2018},"geometry":{"type":"Point","coordinates":[3.262,50.138]}},{"type":"Feature","properties":{"id":"ppm-fr-572","name":"Salignac","capacity_mw":78.0,"fuel_type":"hydro","status":"operational","precision":"approximate","source":"powerplantmatching v0.9.0, 2026-10-03 · Global Energy Monitor, JRC (European Commission), Global Hydropower Resources, WRI GPPD, OpenStreetMap, GEO","source_url":"https://www.openstreetmap.org/way/687218223","tech":"Reservoir","commissioning_year":1970},"geometry":{"type":"Point","coordinates":[5.979,44.137]}},{"type":"Feature","properties":{"id":"ppm-fr-12398","name":"Ally Mercoeur Wind Farm","capacity_mw":78.0,"fuel_type":"wind","status":"operational","precision":"approximate","source":"powerplantmatching v0.9.0, 2026-10-03 · Global Energy Monitor","source_url":"https://github.com/PyPSA/powerplantmatching","tech":"Onshore","commissioning_year":2005},"geometry":{"type":"Point","coordinates":[3.303,45.159]}},{"type":"Feature","properties":{"id":"ppm-fr-15416","name":"Cormainville Guillonville Courbehaye Wind Farm","capacity_mw":78.0,"fuel_type":"wind","status":"operational","precision":"approximate","source":"powerplantmatching v0.9.0, 2026-10-03 · Global Energy Monitor","source_url":"https://github.com/PyPSA/powerplantmatching","tech":"Onshore","commissioning_year":2006},"geometry":{"type":"Point","coordinates":[1.636,48.126]}},{"type":"Feature","properties":{"id":"ppm-fr-16447","name":"Ensinet Wind Farm","capacity_mw":78.0,"fuel_type":"wind","status":"operational","precision":"approximate","source":"powerplantmatching v0.9.0, 2026-10-03 · Global Energy Monitor","source_url":"https://github.com/PyPSA/powerplantmatching","tech":"Onshore","commissioning_year":2017},"geometry":{"type":"Point","coordinates":[3.355,50.014]}},{"type":"Feature","properties":{"id":"ppm-fr-17686","name":"Hauts Pays Wind Farm","capacity_mw":78.0,"fuel_type":"wind","status":"operational","precision":"approximate","source":"powerplantmatching v0.9.0, 2026-10-03 · Global Energy Monitor","source_url":"https://github.com/PyPSA/powerplantmatching","tech":"Onshore","commissioning_year":2010},"geometry":{"type":"Point","coordinates":[5.263,48.467]}},{"type":"Feature","properties":{"id":"ppm-fr-22557","name":"Pont De Claix","capacity_mw":78.0,"fuel_type":"gas","status":"operational","precision":"approximate","source":"powerplantmatching v0.9.0, 2026-10-03 · Global Energy Monitor","source_url":"https://github.com/PyPSA/powerplantmatching","tech":"Steam Turbine","commissioning_year":1969},"geometry":{"type":"Point","coordinates":[5.703,45.135]}},{"type":"Feature","properties":{"id":"ppm-fr-25720","name":"Vert Solar Farm","capacity_mw":77.0,"fuel_type":"solar","status":"operational","precision":"approximate","source":"powerplantmatching v0.9.0, 2026-10-03 · Global Energy Monitor","source_url":"https://github.com/PyPSA/powerplantmatching","tech":"PV","commissioning_year":2025},"geometry":{"type":"Point","coordinates":[-0.654,44.105]}},{"type":"Feature","properties":{"id":"ppm-fr-521","name":"Le Sautet","capacity_mw":76.0,"fuel_type":"hydro","status":"operational","precision":"approximate","source":"powerplantmatching v0.9.0, 2026-10-03 · Global Energy Monitor, JRC (European Commission), Global Hydropower Resources, WRI GPPD, OpenStreetMap, GEO","source_url":"https://www.openstreetmap.org/relation/16147114","tech":"Reservoir","commissioning_year":1931},"geometry":{"type":"Point","coordinates":[5.908,44.817]}},{"type":"Feature","properties":{"id":"ppm-fr-7757","name":"Aiguillettes Wind Farm","capacity_mw":75.8,"fuel_type":"wind","status":"operational","precision":"approximate","source":"powerplantmatching v0.9.0, 2026-10-03 · Global Energy Monitor, OpenStreetMap","source_url":"https://www.openstreetmap.org/relation/10780297","tech":"Onshore","commissioning_year":2006},"geometry":{"type":"Point","coordinates":[1.778,48.338]}},{"type":"Feature","properties":{"id":"ppm-fr-22574","name":"Porcieu Amblagnieu","capacity_mw":75.4,"fuel_type":"hydro","status":"operational","precision":"approximate","source":"powerplantmatching v0.9.0, 2026-10-03 · JRC (European Commission), ENTSO-E, Global Hydropower Resources, WRI GPPD, GEO, Global Energy Monitor","source_url":"https://github.com/PyPSA/powerplantmatching","units":2,"tech":"Run-Of-River · 2 units","commissioning_year":1970},"geometry":{"type":"Point","coordinates":[5.418,45.846]}},{"type":"Feature","properties":{"id":"ppm-fr-7155","name":"Germinon Wind Farm","capacity_mw":75.0,"fuel_type":"wind","status":"operational","precision":"approximate","source":"powerplantmatching v0.9.0, 2026-10-03 · Global Energy Monitor, OpenStreetMap","source_url":"https://www.openstreetmap.org/relation/3124266","tech":"Onshore","commissioning_year":2010},"geometry":{"type":"Point","coordinates":[4.181,48.883]}},{"type":"Feature","properties":{"id":"ppm-fr-6748","name":"Les Ilots Blandin Floating Solar Farm","capacity_mw":74.3,"fuel_type":"solar","status":"operational","precision":"approximate","source":"powerplantmatching v0.9.0, 2026-10-03 · Global Energy Monitor, OpenStreetMap","source_url":"https://www.openstreetmap.org/relation/18640502","tech":"PV","commissioning_year":2025},"geometry":{"type":"Point","coordinates":[4.783,48.661]}},{"type":"Feature","properties":{"id":"ppm-fr-1142","name":"Grandval","capacity_mw":74.0,"fuel_type":"hydro","status":"operational","precision":"approximate","source":"powerplantmatching v0.9.0, 2026-10-03 · Global Energy Monitor, JRC (European Commission), Global Hydropower Resources, WRI GPPD, GEO","source_url":"https://github.com/PyPSA/powerplantmatching","tech":"Reservoir","commissioning_year":1959},"geometry":{"type":"Point","coordinates":[3.075,44.922]}},{"type":"Feature","properties":{"id":"ppm-fr-6730","name":"Mont De Bezard Wind Farm","capacity_mw":73.0,"fuel_type":"wind","status":"operational","precision":"approximate","source":"powerplantmatching v0.9.0, 2026-10-03 · Global Energy Monitor, OpenStreetMap","source_url":"https://www.openstreetmap.org/relation/13953400","tech":"Onshore","commissioning_year":2007},"geometry":{"type":"Point","coordinates":[4.05,48.663]}},{"type":"Feature","properties":{"id":"ppm-fr-7376","name":"Champagne Picarde Wind Farm","capacity_mw":73.0,"fuel_type":"wind","status":"operational","precision":"approximate","source":"powerplantmatching v0.9.0, 2026-10-03 · Global Energy Monitor, OpenStreetMap","source_url":"https://www.openstreetmap.org/relation/10078038","tech":"Onshore","commissioning_year":2018},"geometry":{"type":"Point","coordinates":[3.864,49.641]}},{"type":"Feature","properties":{"id":"ppm-fr-485","name":"Eguzon","capacity_mw":72.0,"fuel_type":"hydro","status":"operational","precision":"approximate","source":"powerplantmatching v0.9.0, 2026-10-03 · Global Energy Monitor, JRC (European Commission), Global Hydropower Resources, WRI GPPD, OpenStreetMap, GEO","source_url":"https://www.openstreetmap.org/way/274583134","tech":"Reservoir","commissioning_year":1926},"geometry":{"type":"Point","coordinates":[1.613,46.455]}},{"type":"Feature","properties":{"id":"ppm-fr-535","name":"Jouques","capacity_mw":72.0,"fuel_type":"hydro","status":"operational","precision":"approximate","source":"powerplantmatching v0.9.0, 2026-10-03 · Global Energy Monitor, JRC (European Commission), Global Hydropower Resources, WRI GPPD, OpenStreetMap, GEO","source_url":"https://www.openstreetmap.org/way/423730653","tech":"Reservoir","commissioning_year":1959},"geometry":{"type":"Point","coordinates":[5.657,43.681]}},{"type":"Feature","properties":{"id":"ppm-fr-1937","name":"Orelle","capacity_mw":72.0,"fuel_type":"hydro","status":"operational","precision":"approximate","source":"powerplantmatching v0.9.0, 2026-10-03 · Global Energy Monitor, JRC (European Commission), Global Hydropower Resources, OpenStreetMap","source_url":"https://www.openstreetmap.org/relation/7759495","tech":"Run-Of-River","commissioning_year":1935},"geometry":{"type":"Point","coordinates":[6.579,45.205]}},{"type":"Feature","properties":{"id":"ppm-fr-6786","name":"Les Vignottes Wind Farm","capacity_mw":72.0,"fuel_type":"wind","status":"operational","precision":"approximate","source":"powerplantmatching v0.9.0, 2026-10-03 · Global Energy Monitor, OpenStreetMap","source_url":"https://www.openstreetmap.org/relation/7986011","tech":"Onshore","commissioning_year":2015},"geometry":{"type":"Point","coordinates":[3.713,48.587]}},{"type":"Feature","properties":{"id":"ppm-fr-448","name":"Bregnier Cordon","capacity_mw":70.0,"fuel_type":"hydro","status":"operational","precision":"approximate","source":"powerplantmatching v0.9.0, 2026-10-03 · Global Energy Monitor, JRC (European Commission), ENTSO-E, Global Hydropower Resources, WRI GPPD, GEO","source_url":"https://github.com/PyPSA/powerplantmatching","tech":"Run-Of-River","commissioning_year":1970},"geometry":{"type":"Point","coordinates":[5.605,45.654]}},{"type":"Feature","properties":{"id":"ppm-fr-7602","name":"Blueberry Solar Farm","capacity_mw":70.0,"fuel_type":"solar","status":"operational","precision":"approximate","source":"powerplantmatching v0.9.0, 2026-10-03 · Global Energy Monitor, OpenStreetMap","source_url":"https://www.openstreetmap.org/relation/13574141","tech":"PV","commissioning_year":2020},"geometry":{"type":"Point","coordinates":[1.77,46.823]}},{"type":"Feature","properties":{"id":"ppm-fr-15433","name":"Cote Belvat Wind Farm","capacity_mw":70.0,"fuel_type":"wind","status":"operational","precision":"approximate","source":"powerplantmatching v0.9.0, 2026-10-03 · Global Energy Monitor","source_url":"https://github.com/PyPSA/powerplantmatching","tech":"Onshore","commissioning_year":2018},"geometry":{"type":"Point","coordinates":[4.421,48.738]}},{"type":"Feature","properties":{"id":"ppm-fr-3360","name":"Golfech","capacity_mw":69.0,"fuel_type":"hydro","status":"operational","precision":"approximate","source":"powerplantmatching v0.9.0, 2026-10-03 · Global Energy Monitor, JRC (European Commission), Global Hydropower Resources","source_url":"https://github.com/PyPSA/powerplantmatching","tech":"Run-Of-River","commissioning_year":1970},"geometry":{"type":"Point","coordinates":[0.854,44.109]}},{"type":"Feature","properties":{"id":"ppm-fr-719","name":"Castillon","capacity_mw":68.0,"fuel_type":"hydro","status":"operational","precision":"approximate","source":"powerplantmatching v0.9.0, 2026-10-03 · Global Energy Monitor, JRC (European Commission), Global Hydropower Resources, WRI GPPD, GEO","source_url":"https://github.com/PyPSA/powerplantmatching","tech":"Reservoir","commissioning_year":1948},"geometry":{"type":"Point","coordinates":[6.538,43.878]}},{"type":"Feature","properties":{"id":"ppm-fr-7275","name":"Egrouettes Wind Farm","capacity_mw":67.2,"fuel_type":"wind","status":"operational","precision":"approximate","source":"powerplantmatching v0.9.0, 2026-10-03 · Global Energy Monitor, OpenStreetMap","source_url":"https://www.openstreetmap.org/relation/11171090","tech":"Onshore","commissioning_year":2006},"geometry":{"type":"Point","coordinates":[1.632,48.281]}},{"type":"Feature","properties":{"id":"ppm-fr-15045","name":"Champ Gourleau Wind Farm","capacity_mw":67.0,"fuel_type":"wind","status":"operational","precision":"approximate","source":"powerplantmatching v0.9.0, 2026-10-03 · Global Energy Monitor","source_url":"https://github.com/PyPSA/powerplantmatching","tech":"Onshore","commissioning_year":2016},"geometry":{"type":"Point","coordinates":[3.924,47.645]}},{"type":"Feature","properties":{"id":"ppm-fr-670","name":"Villerest","capacity_mw":66.0,"fuel_type":"hydro","status":"operational","precision":"approximate","source":"powerplantmatching v0.9.0, 2026-10-03 · Global Energy Monitor, JRC (European Commission), Global Hydropower Resources, WRI GPPD, GEO","source_url":"https://github.com/PyPSA/powerplantmatching","tech":"Run-Of-River","commissioning_year":1970},"geometry":{"type":"Point","coordinates":[4.05,45.987]}},{"type":"Feature","properties":{"id":"ppm-fr-12000","name":"Sauveterre","capacity_mw":66.0,"fuel_type":"hydro","status":"operational","precision":"approximate","source":"powerplantmatching v0.9.0, 2026-10-03 · Global Energy Monitor, ENTSO-E","source_url":"https://github.com/PyPSA/powerplantmatching","tech":"Run-Of-River","commissioning_year":1983},"geometry":{"type":"Point","coordinates":[4.828,44.014]}},{"type":"Feature","properties":{"id":"ppm-fr-23171","name":"Roman Road Wind Farm","capacity_mw":66.0,"fuel_type":"wind","status":"operational","precision":"approximate","source":"powerplantmatching v0.9.0, 2026-10-03 · Global Energy Monitor","source_url":"https://github.com/PyPSA/powerplantmatching","tech":"Onshore","commissioning_year":2013},"geometry":{"type":"Point","coordinates":[4.416,48.835]}},{"type":"Feature","properties":{"id":"ppm-fr-7172","name":"Moulins Du Lohan Wind Farm","capacity_mw":65.0,"fuel_type":"wind","status":"operational","precision":"approximate","source":"powerplantmatching v0.9.0, 2026-10-03 · Global Energy Monitor, OpenStreetMap","source_url":"https://www.openstreetmap.org/relation/15580441","tech":"Onshore","commissioning_year":2022},"geometry":{"type":"Point","coordinates":[-2.539,48.026]}},{"type":"Feature","properties":{"id":"ppm-fr-13254","name":"Basse Marche Wind Farm","capacity_mw":65.0,"fuel_type":"wind","status":"operational","precision":"approximate","source":"powerplantmatching v0.9.0, 2026-10-03 · Global Energy Monitor","source_url":"https://github.com/PyPSA/powerplantmatching","tech":"Onshore","commissioning_year":2020},"geometry":{"type":"Point","coordinates":[1.081,46.281]}},{"type":"Feature","properties":{"id":"ppm-fr-13742","name":"Bois Elie Wind Farm","capacity_mw":65.0,"fuel_type":"wind","status":"operational","precision":"approximate","source":"powerplantmatching v0.9.0, 2026-10-03 · Global Energy Monitor","source_url":"https://github.com/PyPSA/powerplantmatching","tech":"Onshore","commissioning_year":2023},"geometry":{"type":"Point","coordinates":[1.617,48.118]}},{"type":"Feature","properties":{"id":"ppm-fr-16875","name":"Foret De Lanouee Wind Farm","capacity_mw":65.0,"fuel_type":"wind","status":"operational","precision":"approximate","source":"powerplantmatching v0.9.0, 2026-10-03 · Global Energy Monitor","source_url":"https://github.com/PyPSA/powerplantmatching","tech":"Onshore","commissioning_year":2023},"geometry":{"type":"Point","coordinates":[-2.57,48.035]}},{"type":"Feature","properties":{"id":"ppm-fr-7168","name":"Fontenet Solar Farm","capacity_mw":64.8,"fuel_type":"solar","status":"operational","precision":"approximate","source":"powerplantmatching v0.9.0, 2026-10-03 · Global Energy Monitor, OpenStreetMap","source_url":"https://www.openstreetmap.org/relation/18209952","tech":"PV","commissioning_year":2014},"geometry":{"type":"Point","coordinates":[-0.458,45.899]}},{"type":"Feature","properties":{"id":"ppm-fr-6879","name":"Ivry Paris Xiii","capacity_mw":64.0,"fuel_type":"waste","status":"operational","precision":"approximate","source":"powerplantmatching v0.9.0, 2026-10-03 · Global Energy Monitor, OpenStreetMap","source_url":"https://www.openstreetmap.org/way/210977374","tech":"CCGT","commissioning_year":1969},"geometry":{"type":"Point","coordinates":[2.388,48.823]}},{"type":"Feature","properties":{"id":"ppm-fr-484","name":"Cusset","capacity_mw":63.0,"fuel_type":"hydro","status":"operational","precision":"approximate","source":"powerplantmatching v0.9.0, 2026-10-03 · Global Energy Monitor, JRC (European Commission), Global Hydropower Resources, WRI GPPD, OpenStreetMap, GEO","source_url":"https://www.openstreetmap.org/way/441711169","tech":"Run-Of-River","commissioning_year":1899},"geometry":{"type":"Point","coordinates":[4.914,45.768]}},{"type":"Feature","properties":{"id":"ppm-fr-17675","name":"Haut Chemin Wind Farm","capacity_mw":62.9,"fuel_type":"wind","status":"operational","precision":"approximate","source":"powerplantmatching v0.9.0, 2026-10-03 · Global Energy Monitor","source_url":"https://github.com/PyPSA/powerplantmatching","tech":"Onshore","commissioning_year":2014},"geometry":{"type":"Point","coordinates":[5.321,48.098]}},{"type":"Feature","properties":{"id":"ppm-fr-16958","name":"Gabardan Solar Farm","capacity_mw":61.9,"fuel_type":"solar","status":"operational","precision":"approximate","source":"powerplantmatching v0.9.0, 2026-10-03 · Global Energy Monitor","source_url":"https://github.com/PyPSA/powerplantmatching","units":2,"tech":"PV · 2 units","commissioning_year":2010},"geometry":{"type":"Point","coordinates":[-0.103,44.109]}},{"type":"Feature","properties":{"id":"ppm-fr-478","name":"Vaugris","capacity_mw":61.0,"fuel_type":"hydro","status":"operational","precision":"approximate","source":"powerplantmatching v0.9.0, 2026-10-03 · Global Energy Monitor, JRC (European Commission), ENTSO-E, Global Hydropower Resources, WRI GPPD, GEO","source_url":"https://github.com/PyPSA/powerplantmatching","tech":"Run-Of-River","commissioning_year":1970},"geometry":{"type":"Point","coordinates":[4.826,45.495]}},{"type":"Feature","properties":{"id":"ppm-fr-19332","name":"Lacq","capacity_mw":61.0,"fuel_type":"oil","status":"operational","precision":"approximate","source":"powerplantmatching v0.9.0, 2026-10-03 · Global Energy Monitor","source_url":"https://github.com/PyPSA/powerplantmatching","tech":"CCGT","commissioning_year":2010},"geometry":{"type":"Point","coordinates":[-0.644,43.407]}},{"type":"Feature","properties":{"id":"ppm-fr-571","name":"Saint Georges De Commiers","capacity_mw":60.0,"fuel_type":"hydro","status":"operational","precision":"approximate","source":"powerplantmatching v0.9.0, 2026-10-03 · Global Energy Monitor, JRC (European Commission), Global Hydropower Resources, WRI GPPD, OpenStreetMap, GEO","source_url":"https://www.openstreetmap.org/relation/11033122","tech":"Run-Of-River","commissioning_year":1964},"geometry":{"type":"Point","coordinates":[5.687,45.006]}},{"type":"Feature","properties":{"id":"ppm-fr-15104","name":"Chemin De Gres Wind Farm","capacity_mw":60.0,"fuel_type":"wind","status":"operational","precision":"approximate","source":"powerplantmatching v0.9.0, 2026-10-03 · Global Energy Monitor","source_url":"https://github.com/PyPSA/powerplantmatching","tech":"Onshore","commissioning_year":2017},"geometry":{"type":"Point","coordinates":[3.452,50.18]}},{"type":"Feature","properties":{"id":"ppm-fr-15687","name":"Dalkia","capacity_mw":59.5,"fuel_type":"biomass","status":"operational","precision":"approximate","source":"powerplantmatching v0.9.0, 2026-10-03 · Global Energy Monitor","source_url":"https://github.com/PyPSA/powerplantmatching","commissioning_year":2010},"geometry":{"type":"Point","coordinates":[-0.978,44.631]}},{"type":"Feature","properties":{"id":"ppm-fr-6883","name":"Labarde Solar","capacity_mw":59.0,"fuel_type":"solar","status":"operational","precision":"approximate","source":"powerplantmatching v0.9.0, 2026-10-03 · Global Energy Monitor, OpenStreetMap","source_url":"https://www.openstreetmap.org/way/788895597","tech":"PV","commissioning_year":2021},"geometry":{"type":"Point","coordinates":[-0.549,44.903]}},{"type":"Feature","properties":{"id":"ppm-fr-16462","name":"Epine Marie Madeleine Wind Farm","capacity_mw":58.8,"fuel_type":"wind","status":"operational","precision":"approximate","source":"powerplantmatching v0.9.0, 2026-10-03 · Global Energy Monitor","source_url":"https://github.com/PyPSA/powerplantmatching","tech":"Onshore","commissioning_year":2022},"geometry":{"type":"Point","coordinates":[3.885,45.981]}},{"type":"Feature","properties":{"id":"ppm-fr-6698","name":"Moulin Emanville Wind Farm","capacity_mw":58.0,"fuel_type":"wind","status":"operational","precision":"approximate","source":"powerplantmatching v0.9.0, 2026-10-03 · Global Energy Monitor, OpenStreetMap","source_url":"https://www.openstreetmap.org/relation/10780298","tech":"Onshore","commissioning_year":2014},"geometry":{"type":"Point","coordinates":[1.644,48.322]}},{"type":"Feature","properties":{"id":"ppm-fr-12142","name":"Adigny Wind Farm","capacity_mw":58.0,"fuel_type":"wind","status":"operational","precision":"approximate","source":"powerplantmatching v0.9.0, 2026-10-03 · Global Energy Monitor","source_url":"https://github.com/PyPSA/powerplantmatching","tech":"Onshore","commissioning_year":2014},"geometry":{"type":"Point","coordinates":[3.536,50.025]}},{"type":"Feature","properties":{"id":"ppm-fr-18044","name":"Istres Confidentiel Solar Farm","capacity_mw":57.7,"fuel_type":"solar","status":"operational","precision":"approximate","source":"powerplantmatching v0.9.0, 2026-10-03 · Global Energy Monitor","source_url":"https://github.com/PyPSA/powerplantmatching","units":2,"tech":"PV · 2 units","commissioning_year":2010},"geometry":{"type":"Point","coordinates":[4.988,43.514]}},{"type":"Feature","properties":{"id":"ppm-fr-12663","name":"Angerville Wind Farm","capacity_mw":57.0,"fuel_type":"wind","status":"operational","precision":"approximate","source":"powerplantmatching v0.9.0, 2026-10-03 · Global Energy Monitor","source_url":"https://github.com/PyPSA/powerplantmatching","tech":"Onshore","commissioning_year":2011},"geometry":{"type":"Point","coordinates":[1.996,48.332]}},{"type":"Feature","properties":{"id":"ppm-fr-14297","name":"Carriere Martin Wind Farm","capacity_mw":57.0,"fuel_type":"wind","status":"operational","precision":"approximate","source":"powerplantmatching v0.9.0, 2026-10-03 · Global Energy Monitor","source_url":"https://github.com/PyPSA/powerplantmatching","units":2,"tech":"Onshore · 2 units","commissioning_year":2009},"geometry":{"type":"Point","coordinates":[3.498,49.904]}},{"type":"Feature","properties":{"id":"ppm-fr-19325","name":"Lacaune Wind Farm","capacity_mw":57.0,"fuel_type":"wind","status":"operational","precision":"approximate","source":"powerplantmatching v0.9.0, 2026-10-03 · Global Energy Monitor","source_url":"https://github.com/PyPSA/powerplantmatching","tech":"Onshore","commissioning_year":2011},"geometry":{"type":"Point","coordinates":[2.678,43.66]}},{"type":"Feature","properties":{"id":"ppm-fr-6694","name":"Massangis Solar","capacity_mw":56.0,"fuel_type":"solar","status":"operational","precision":"approximate","source":"powerplantmatching v0.9.0, 2026-10-03 · Global Energy Monitor, OpenStreetMap","source_url":"https://www.openstreetmap.org/relation/6024147","tech":"PV","commissioning_year":2012},"geometry":{"type":"Point","coordinates":[3.966,47.634]}},{"type":"Feature","properties":{"id":"ppm-fr-16867","name":"Fontenelle Montby Wind Farm","capacity_mw":56.0,"fuel_type":"wind","status":"operational","precision":"approximate","source":"powerplantmatching v0.9.0, 2026-10-03 · Global Energy Monitor","source_url":"https://github.com/PyPSA/powerplantmatching","tech":"Onshore"},"geometry":{"type":"Point","coordinates":[6.414,47.448]}},{"type":"Feature","properties":{"id":"ppm-fr-20420","name":"Mazet","capacity_mw":56.0,"fuel_type":"hydro","status":"operational","precision":"approximate","source":"powerplantmatching v0.9.0, 2026-10-03 · Global Energy Monitor","source_url":"https://github.com/PyPSA/powerplantmatching","tech":"Reservoir","commissioning_year":1951},"geometry":{"type":"Point","coordinates":[1.803,45.801]}},{"type":"Feature","properties":{"id":"ppm-fr-515","name":"Castirla","capacity_mw":55.0,"fuel_type":"hydro","status":"operational","precision":"approximate","source":"powerplantmatching v0.9.0, 2026-10-03 · Global Energy Monitor, JRC (European Commission), Global Hydropower Resources, WRI GPPD, OpenStreetMap, GEO","source_url":"https://www.openstreetmap.org/way/130510252","tech":"Reservoir","commissioning_year":1968},"geometry":{"type":"Point","coordinates":[9.134,42.38]}},{"type":"Feature","properties":{"id":"ppm-fr-724","name":"Manosque Volx","capacity_mw":55.0,"fuel_type":"hydro","status":"operational","precision":"approximate","source":"powerplantmatching v0.9.0, 2026-10-03 · Global Energy Monitor, JRC (European Commission), Global Hydropower Resources, WRI GPPD, GEO","source_url":"https://github.com/PyPSA/powerplantmatching","tech":"Reservoir","commissioning_year":1969},"geometry":{"type":"Point","coordinates":[5.834,43.85]}},{"type":"Feature","properties":{"id":"ppm-fr-6575","name":"Rizzanese","capacity_mw":55.0,"fuel_type":"hydro","status":"operational","precision":"approximate","source":"powerplantmatching v0.9.0, 2026-10-03 · Global Energy Monitor, OpenStreetMap","source_url":"https://www.openstreetmap.org/way/369964673","tech":"Reservoir","commissioning_year":2012},"geometry":{"type":"Point","coordinates":[9.047,41.703]}},{"type":"Feature","properties":{"id":"ppm-fr-19290","name":"La Vallee Wind Farm","capacity_mw":55.0,"fuel_type":"wind","status":"operational","precision":"approximate","source":"powerplantmatching v0.9.0, 2026-10-03 · Global Energy Monitor, OpenStreetMap","source_url":"https://www.openstreetmap.org/relation/13089895","units":2,"tech":"Onshore · 2 units","commissioning_year":2010},"geometry":{"type":"Point","coordinates":[1.774,47.008]}},{"type":"Feature","properties":{"id":"ppm-fr-6837","name":"La Metairie Solar Farm","capacity_mw":55.0,"fuel_type":"solar","status":"operational","precision":"approximate","source":"powerplantmatching v0.9.0, 2026-10-03 · Global Energy Monitor, OpenStreetMap","source_url":"https://www.openstreetmap.org/relation/14351541","tech":"PV","commissioning_year":2021},"geometry":{"type":"Point","coordinates":[2.665,47.721]}},{"type":"Feature","properties":{"id":"ppm-fr-11914","name":"Auzat","capacity_mw":55.0,"fuel_type":"hydro","status":"operational","precision":"approximate","source":"powerplantmatching v0.9.0, 2026-10-03 · Global Energy Monitor, Global Hydropower Resources","source_url":"https://github.com/PyPSA/powerplantmatching","tech":"Run-Of-River","commissioning_year":1970},"geometry":{"type":"Point","coordinates":[1.478,42.762]}},{"type":"Feature","properties":{"id":"ppm-fr-6807","name":"Le Champ De Epee Wind Farm","capacity_mw":54.8,"fuel_type":"wind","status":"operational","precision":"approximate","source":"powerplantmatching v0.9.0, 2026-10-03 · Global Energy Monitor, OpenStreetMap","source_url":"https://www.openstreetmap.org/relation/14386244","tech":"Onshore","commissioning_year":2015},"geometry":{"type":"Point","coordinates":[4.179,48.627]}},{"type":"Feature","properties":{"id":"ppm-fr-15076","name":"Chasserades Wind Farm","capacity_mw":54.4,"fuel_type":"wind","status":"operational","precision":"approximate","source":"powerplantmatching v0.9.0, 2026-10-03 · Global Energy Monitor","source_url":"https://github.com/PyPSA/powerplantmatching","tech":"Onshore","commissioning_year":2019},"geometry":{"type":"Point","coordinates":[3.86,44.583]}},{"type":"Feature","properties":{"id":"ppm-fr-20491","name":"Melle Wind Farm","capacity_mw":54.3,"fuel_type":"wind","status":"operational","precision":"approximate","source":"powerplantmatching v0.9.0, 2026-10-03 · Global Energy Monitor","source_url":"https://github.com/PyPSA/powerplantmatching","tech":"Onshore"},"geometry":{"type":"Point","coordinates":[-0.148,46.231]}},{"type":"Feature","properties":{"id":"ppm-fr-726","name":"Nentilla","capacity_mw":54.0,"fuel_type":"hydro","status":"operational","precision":"approximate","source":"powerplantmatching v0.9.0, 2026-10-03 · Global Energy Monitor, JRC (European Commission), Global Hydropower Resources, WRI GPPD, GEO","source_url":"https://github.com/PyPSA/powerplantmatching","tech":"Reservoir","commissioning_year":1932},"geometry":{"type":"Point","coordinates":[2.212,42.772]}},{"type":"Feature","properties":{"id":"ppm-fr-6765","name":"Maison Dieu Wind Farm","capacity_mw":54.0,"fuel_type":"wind","status":"operational","precision":"approximate","source":"powerplantmatching v0.9.0, 2026-10-03 · Global Energy Monitor, OpenStreetMap","source_url":"https://www.openstreetmap.org/relation/15692045","tech":"Onshore","commissioning_year":2022},"geometry":{"type":"Point","coordinates":[4.359,48.724]}},{"type":"Feature","properties":{"id":"ppm-fr-19294","name":"La Voie Sacree Wind Farm","capacity_mw":54.0,"fuel_type":"wind","status":"operational","precision":"approximate","source":"powerplantmatching v0.9.0, 2026-10-03 · Global Energy Monitor","source_url":"https://github.com/PyPSA/powerplantmatching","tech":"Onshore","commissioning_year":2007},"geometry":{"type":"Point","coordinates":[5.255,48.87]}},{"type":"Feature","properties":{"id":"ppm-fr-22583","name":"Portes De La Cote Or Wind Farm","capacity_mw":54.0,"fuel_type":"wind","status":"operational","precision":"approximate","source":"powerplantmatching v0.9.0, 2026-10-03 · Global Energy Monitor","source_url":"https://github.com/PyPSA/powerplantmatching","tech":"Onshore","commissioning_year":2016},"geometry":{"type":"Point","coordinates":[4.747,47.112]}},{"type":"Feature","properties":{"id":"ppm-fr-23429","name":"Saint Martin Lalande Solar Farm","capacity_mw":54.0,"fuel_type":"solar","status":"operational","precision":"approximate","source":"powerplantmatching v0.9.0, 2026-10-03 · Global Energy Monitor","source_url":"https://github.com/PyPSA/powerplantmatching","tech":"PV","commissioning_year":2011},"geometry":{"type":"Point","coordinates":[2.012,43.307]}},{"type":"Feature","properties":{"id":"ppm-fr-13275","name":"Beaucaire Confidentiel Solar Farm","capacity_mw":53.0,"fuel_type":"solar","status":"operational","precision":"approximate","source":"powerplantmatching v0.9.0, 2026-10-03 · Global Energy Monitor","source_url":"https://github.com/PyPSA/powerplantmatching","tech":"PV","commissioning_year":2016},"geometry":{"type":"Point","coordinates":[4.632,43.803]}},{"type":"Feature","properties":{"id":"ppm-fr-17007","name":"Garein Confidentiel Solar","capacity_mw":52.2,"fuel_type":"solar","status":"operational","precision":"approximate","source":"powerplantmatching v0.9.0, 2026-10-03 · Global Energy Monitor","source_url":"https://github.com/PyPSA/powerplantmatching","units":2,"tech":"PV · 2 units","commissioning_year":2013},"geometry":{"type":"Point","coordinates":[-0.651,44.046]}},{"type":"Feature","properties":{"id":"ppm-fr-1894","name":"Luz Saint Sauveur","capacity_mw":52.0,"fuel_type":"hydro","status":"operational","precision":"approximate","source":"powerplantmatching v0.9.0, 2026-10-03 · Global Energy Monitor, JRC (European Commission), Global Hydropower Resources, OpenStreetMap","source_url":"https://www.openstreetmap.org/relation/10064293","tech":"Reservoir","commissioning_year":1950},"geometry":{"type":"Point","coordinates":[-0.013,42.87]}},{"type":"Feature","properties":{"id":"ppm-fr-6507","name":"Sambres Wind Farm","capacity_mw":52.0,"fuel_type":"wind","status":"operational","precision":"approximate","source":"powerplantmatching v0.9.0, 2026-10-03 · Global Energy Monitor, OpenStreetMap","source_url":"https://www.openstreetmap.org/relation/7992811","tech":"Onshore","commissioning_year":2015},"geometry":{"type":"Point","coordinates":[2.365,43.418]}},{"type":"Feature","properties":{"id":"ppm-fr-6811","name":"Langres Sud Wind Farm","capacity_mw":52.0,"fuel_type":"wind","status":"operational","precision":"approximate","source":"powerplantmatching v0.9.0, 2026-10-03 · Global Energy Monitor, OpenStreetMap","source_url":"https://www.openstreetmap.org/relation/7985958","tech":"Onshore","commissioning_year":2010},"geometry":{"type":"Point","coordinates":[5.173,47.722]}},{"type":"Feature","properties":{"id":"ppm-fr-6877","name":"Isseane Waste To Energy","capacity_mw":52.0,"fuel_type":"waste","status":"operational","precision":"approximate","source":"powerplantmatching v0.9.0, 2026-10-03 · Global Energy Monitor, OpenStreetMap","source_url":"https://www.openstreetmap.org/way/406924499","tech":"CCGT","commissioning_year":2006},"geometry":{"type":"Point","coordinates":[2.264,48.832]}},{"type":"Feature","properties":{"id":"ppm-fr-7217","name":"Des Hauts Pres Wind Farm","capacity_mw":52.0,"fuel_type":"wind","status":"operational","precision":"approximate","source":"powerplantmatching v0.9.0, 2026-10-03 · Global Energy Monitor, OpenStreetMap","source_url":"https://www.openstreetmap.org/relation/10110301","tech":"Onshore","commissioning_year":2019},"geometry":{"type":"Point","coordinates":[2.893,49.648]}},{"type":"Feature","properties":{"id":"ppm-fr-7428","name":"Chemin Ablis Wind Farm","capacity_mw":52.0,"fuel_type":"wind","status":"operational","precision":"approximate","source":"powerplantmatching v0.9.0, 2026-10-03 · Global Energy Monitor, OpenStreetMap","source_url":"https://www.openstreetmap.org/relation/7938724","tech":"Onshore","commissioning_year":2008},"geometry":{"type":"Point","coordinates":[1.862,48.332]}},{"type":"Feature","properties":{"id":"ppm-fr-20892","name":"Morcenx La Nouvelle Confidentiel Solar Farm","capacity_mw":52.0,"fuel_type":"solar","status":"operational","precision":"approximate","source":"powerplantmatching v0.9.0, 2026-10-03 · Global Energy Monitor","source_url":"https://github.com/PyPSA/powerplantmatching","tech":"PV","commissioning_year":2014},"geometry":{"type":"Point","coordinates":[-0.902,44.041]}},{"type":"Feature","properties":{"id":"ppm-fr-23431","name":"Saint Martin Vesubie","capacity_mw":52.0,"fuel_type":"hydro","status":"operational","precision":"approximate","source":"powerplantmatching v0.9.0, 2026-10-03 · Global Energy Monitor","source_url":"https://github.com/PyPSA/powerplantmatching","tech":"Reservoir","commissioning_year":1961},"geometry":{"type":"Point","coordinates":[7.279,44.044]}},{"type":"Feature","properties":{"id":"ppm-fr-6563","name":"Roncheres Wind Farm","capacity_mw":51.6,"fuel_type":"wind","status":"operational","precision":"approximate","source":"powerplantmatching v0.9.0, 2026-10-03 · Global Energy Monitor, OpenStreetMap","source_url":"https://www.openstreetmap.org/relation/11354420","tech":"Onshore","commissioning_year":2019},"geometry":{"type":"Point","coordinates":[3.659,49.787]}},{"type":"Feature","properties":{"id":"ppm-fr-15102","name":"Chemin Avesnes Iwuy Wind Farm","capacity_mw":51.6,"fuel_type":"wind","status":"operational","precision":"approximate","source":"powerplantmatching v0.9.0, 2026-10-03 · Global Energy Monitor","source_url":"https://github.com/PyPSA/powerplantmatching","tech":"Onshore","commissioning_year":2019},"geometry":{"type":"Point","coordinates":[3.225,50.136]}},{"type":"Feature","properties":{"id":"ppm-fr-14973","name":"Centrale Solaire Lf Solar Farm","capacity_mw":51.4,"fuel_type":"solar","status":"operational","precision":"approximate","source":"powerplantmatching v0.9.0, 2026-10-03 · Global Energy Monitor","source_url":"https://github.com/PyPSA/powerplantmatching","units":2,"tech":"PV · 2 units","commissioning_year":2017},"geometry":{"type":"Point","coordinates":[4.946,43.438]}},{"type":"Feature","properties":{"id":"ppm-fr-6873","name":"Illange Bertrange Solar Farm","capacity_mw":51.2,"fuel_type":"solar","status":"operational","precision":"approximate","source":"powerplantmatching v0.9.0, 2026-10-03 · Global Energy Monitor, OpenStreetMap","source_url":"https://www.openstreetmap.org/way/1268428478","tech":"PV","commissioning_year":2024},"geometry":{"type":"Point","coordinates":[6.181,49.329]}},{"type":"Feature","properties":{"id":"ppm-fr-2046","name":"Olette","capacity_mw":51.1,"fuel_type":"hydro","status":"operational","precision":"approximate","source":"powerplantmatching v0.9.0, 2026-10-03 · JRC (European Commission), Global Hydropower Resources, WRI GPPD, GEO, Global Energy Monitor","source_url":"https://github.com/PyPSA/powerplantmatching","units":2,"tech":"Reservoir · 2 units","commissioning_year":1910},"geometry":{"type":"Point","coordinates":[2.267,42.553]}},{"type":"Feature","properties":{"id":"ppm-fr-6603","name":"Pont Escoffier","capacity_mw":51.0,"fuel_type":"hydro","status":"operational","precision":"approximate","source":"powerplantmatching v0.9.0, 2026-10-03 · Global Energy Monitor, OpenStreetMap","source_url":"https://www.openstreetmap.org/relation/11625286","tech":"Run-Of-River","commissioning_year":1944},"geometry":{"type":"Point","coordinates":[6.069,45.004]}},{"type":"Feature","properties":{"id":"ppm-fr-12651","name":"Andon Solar Farm","capacity_mw":51.0,"fuel_type":"solar","status":"operational","precision":"approximate","source":"powerplantmatching v0.9.0, 2026-10-03 · Global Energy Monitor","source_url":"https://github.com/PyPSA/powerplantmatching","tech":"PV"},"geometry":{"type":"Point","coordinates":[6.809,43.785]}},{"type":"Feature","properties":{"id":"ppm-fr-25831","name":"Villeseque Wind Farm","capacity_mw":51.0,"fuel_type":"wind","status":"operational","precision":"approximate","source":"powerplantmatching v0.9.0, 2026-10-03 · Global Energy Monitor","source_url":"https://github.com/PyPSA/powerplantmatching","tech":"Onshore","commissioning_year":2008},"geometry":{"type":"Point","coordinates":[2.868,43.018]}},{"type":"Feature","properties":{"id":"ppm-fr-6867","name":"Joux La Ville Wind Farm","capacity_mw":50.9,"fuel_type":"wind","status":"operational","precision":"approximate","source":"powerplantmatching v0.9.0, 2026-10-03 · Global Energy Monitor, OpenStreetMap","source_url":"https://www.openstreetmap.org/relation/13781277","tech":"Onshore","commissioning_year":2016},"geometry":{"type":"Point","coordinates":[3.902,47.629]}},{"type":"Feature","properties":{"id":"ppm-fr-7209","name":"Goussaincourt Solar Farm","capacity_mw":50.6,"fuel_type":"solar","status":"operational","precision":"approximate","source":"powerplantmatching v0.9.0, 2026-10-03 · Global Energy Monitor, OpenStreetMap","source_url":"https://www.openstreetmap.org/relation/17100624","tech":"PV","commissioning_year":2021},"geometry":{"type":"Point","coordinates":[5.66,48.48]}},{"type":"Feature","properties":{"id":"ppm-fr-7253","name":"Crucey Solar","capacity_mw":50.5,"fuel_type":"solar","status":"operational","precision":"approximate","source":"powerplantmatching v0.9.0, 2026-10-03 · Global Energy Monitor, OpenStreetMap","source_url":"https://www.openstreetmap.org/relation/9976905","tech":"PV","commissioning_year":2012},"geometry":{"type":"Point","coordinates":[1.102,48.642]}},{"type":"Feature","properties":{"id":"ppm-fr-570","name":"Saint Dalmas","capacity_mw":50.0,"fuel_type":"hydro","status":"operational","precision":"approximate","source":"powerplantmatching v0.9.0, 2026-10-03 · Global Energy Monitor, JRC (European Commission), Global Hydropower Resources, WRI GPPD, OpenStreetMap, GEO","source_url":"https://www.openstreetmap.org/relation/10181050","tech":"Reservoir","commissioning_year":1917},"geometry":{"type":"Point","coordinates":[7.586,44.047]}},{"type":"Feature","properties":{"id":"ppm-fr-753","name":"Bancairon","capacity_mw":50.0,"fuel_type":"hydro","status":"operational","precision":"approximate","source":"powerplantmatching v0.9.0, 2026-10-03 · Global Energy Monitor, JRC (European Commission), Global Hydropower Resources, WRI GPPD, GEO","source_url":"https://github.com/PyPSA/powerplantmatching","tech":"Reservoir","commissioning_year":1933},"geometry":{"type":"Point","coordinates":[7.137,44.003]}},{"type":"Feature","properties":{"id":"ppm-fr-3513","name":"Pralognan","capacity_mw":50.0,"fuel_type":"hydro","status":"operational","precision":"approximate","source":"powerplantmatching v0.9.0, 2026-10-03 · Global Energy Monitor, Global Hydropower Resources, OpenStreetMap","source_url":"https://www.openstreetmap.org/way/206502175","tech":"Run-Of-River","commissioning_year":1949},"geometry":{"type":"Point","coordinates":[6.684,45.443]}},{"type":"Feature","properties":{"id":"ppm-fr-6449","name":"Saint Riquier Wind Farm","capacity_mw":50.0,"fuel_type":"wind","status":"operational","precision":"approximate","source":"powerplantmatching v0.9.0, 2026-10-03 · Global Energy Monitor, OpenStreetMap","source_url":"https://www.openstreetmap.org/relation/20428782","tech":"Onshore","commissioning_year":2011},"geometry":{"type":"Point","coordinates":[1.992,50.235]}},{"type":"Feature","properties":{"id":"ppm-fr-6590","name":"Pays De Saint Seine Wind Farm","capacity_mw":50.0,"fuel_type":"wind","status":"operational","precision":"approximate","source":"powerplantmatching v0.9.0, 2026-10-03 · Global Energy Monitor, OpenStreetMap","source_url":"https://www.openstreetmap.org/relation/7931945","tech":"Onshore","commissioning_year":2008},"geometry":{"type":"Point","coordinates":[4.74,47.426]}},{"type":"Feature","properties":{"id":"ppm-fr-17673","name":"Haulchin Solar Farm","capacity_mw":50.0,"fuel_type":"solar","status":"operational","precision":"approximate","source":"powerplantmatching v0.9.0, 2026-10-03 · Global Energy Monitor","source_url":"https://github.com/PyPSA/powerplantmatching","tech":"PV","commissioning_year":2024},"geometry":{"type":"Point","coordinates":[3.427,50.318]}},{"type":"Feature","properties":{"id":"ppm-fr-23290","name":"Ruhbogen","capacity_mw":50.0,"fuel_type":"oil","status":"operational","precision":"approximate","source":"powerplantmatching v0.9.0, 2026-10-03 · Global Energy Monitor","source_url":"https://github.com/PyPSA/powerplantmatching","tech":"Steam Turbine","commissioning_year":2020},"geometry":{"type":"Point","coordinates":[7.598,48.167]}},{"type":"Feature","properties":{"id":"ppm-fr-6458","name":"Saint Patrick Wind Farm","capacity_mw":49.5,"fuel_type":"wind","status":"operational","precision":"approximate","source":"powerplantmatching v0.9.0, 2026-10-03 · Global Energy Monitor, OpenStreetMap","source_url":"https://www.openstreetmap.org/relation/18982320","tech":"Onshore","commissioning_year":2009},"geometry":{"type":"Point","coordinates":[2.546,50.414]}},{"type":"Feature","properties":{"id":"ppm-fr-3416","name":"Louron","capacity_mw":49.3,"fuel_type":"hydro","status":"operational","precision":"approximate","source":"powerplantmatching v0.9.0, 2026-10-03 · JRC (European Commission), WRI GPPD, GEO","source_url":"https://github.com/PyPSA/powerplantmatching","tech":"Reservoir","commissioning_year":1940},"geometry":{"type":"Point","coordinates":[0.41,42.79]}},{"type":"Feature","properties":{"id":"ppm-fr-7142","name":"Hetomesnil Wind Farm","capacity_mw":49.0,"fuel_type":"wind","status":"operational","precision":"approximate","source":"powerplantmatching v0.9.0, 2026-10-03 · Global Energy Monitor, OpenStreetMap","source_url":"https://www.openstreetmap.org/relation/10763069","tech":"Onshore","commissioning_year":2006},"geometry":{"type":"Point","coordinates":[2.05,49.639]}},{"type":"Feature","properties":{"id":"ppm-fr-16450","name":"Entre Seine Et Aube Wind Farm","capacity_mw":49.0,"fuel_type":"wind","status":"operational","precision":"approximate","source":"powerplantmatching v0.9.0, 2026-10-03 · Global Energy Monitor","source_url":"https://github.com/PyPSA/powerplantmatching","tech":"Onshore","commissioning_year":2010},"geometry":{"type":"Point","coordinates":[3.971,48.504]}},{"type":"Feature","properties":{"id":"ppm-fr-6890","name":"La Prevoterie Wind Farm","capacity_mw":48.9,"fuel_type":"wind","status":"operational","precision":"approximate","source":"powerplantmatching v0.9.0, 2026-10-03 · Global Energy Monitor, OpenStreetMap","source_url":"https://www.openstreetmap.org/relation/13462675","tech":"Onshore","commissioning_year":2008},"geometry":{"type":"Point","coordinates":[4.014,48.502]}},{"type":"Feature","properties":{"id":"ppm-fr-19730","name":"Les Ulis","capacity_mw":48.7,"fuel_type":"gas","status":"operational","precision":"approximate","source":"powerplantmatching v0.9.0, 2026-10-03 · Global Energy Monitor","source_url":"https://github.com/PyPSA/powerplantmatching","tech":"Steam Turbine","commissioning_year":2001},"geometry":{"type":"Point","coordinates":[2.179,48.676]}},{"type":"Feature","properties":{"id":"ppm-fr-7527","name":"Bousses Solar Farm","capacity_mw":48.5,"fuel_type":"solar","status":"operational","precision":"approximate","source":"powerplantmatching v0.9.0, 2026-10-03 · Global Energy Monitor, OpenStreetMap","source_url":"https://www.openstreetmap.org/relation/20141711","tech":"PV","commissioning_year":2024},"geometry":{"type":"Point","coordinates":[0.073,44.153]}},{"type":"Feature","properties":{"id":"ppm-fr-573","name":"Soulom","capacity_mw":48.0,"fuel_type":"hydro","status":"operational","precision":"approximate","source":"powerplantmatching v0.9.0, 2026-10-03 · Global Energy Monitor, JRC (European Commission), Global Hydropower Resources, WRI GPPD, OpenStreetMap, GEO","source_url":"https://www.openstreetmap.org/relation/9993915","tech":"Reservoir","commissioning_year":1913},"geometry":{"type":"Point","coordinates":[-0.069,42.953]}},{"type":"Feature","properties":{"id":"ppm-fr-752","name":"Argentat","capacity_mw":48.0,"fuel_type":"hydro","status":"operational","precision":"approximate","source":"powerplantmatching v0.9.0, 2026-10-03 · Global Energy Monitor, JRC (European Commission), Global Hydropower Resources, WRI GPPD, GEO","source_url":"https://github.com/PyPSA/powerplantmatching","tech":"Reservoir","commissioning_year":1957},"geometry":{"type":"Point","coordinates":[1.954,45.104]}},{"type":"Feature","properties":{"id":"ppm-fr-6461","name":"Saint Pierre De Maille Wind Farm","capacity_mw":48.0,"fuel_type":"wind","status":"operational","precision":"approximate","source":"powerplantmatching v0.9.0, 2026-10-03 · Global Energy Monitor, OpenStreetMap","source_url":"https://www.openstreetmap.org/relation/8477289","tech":"Onshore","commissioning_year":2010},"geometry":{"type":"Point","coordinates":[0.767,46.707]}},{"type":"Feature","properties":{"id":"ppm-fr-6527","name":"Quatre Vallees Wind Farm","capacity_mw":48.0,"fuel_type":"wind","status":"operational","precision":"approximate","source":"powerplantmatching v0.9.0, 2026-10-03 · Global Energy Monitor, OpenStreetMap","source_url":"https://www.openstreetmap.org/relation/12799908","tech":"Onshore","commissioning_year":2012},"geometry":{"type":"Point","coordinates":[4.417,48.752]}},{"type":"Feature","properties":{"id":"ppm-fr-6538","name":"Saint Georges Sur Arnon Wind Farm","capacity_mw":48.0,"fuel_type":"wind","status":"operational","precision":"approximate","source":"powerplantmatching v0.9.0, 2026-10-03 · Global Energy Monitor, OpenStreetMap","source_url":"https://www.openstreetmap.org/relation/13090512","tech":"Onshore","commissioning_year":2009},"geometry":{"type":"Point","coordinates":[2.037,46.99]}},{"type":"Feature","properties":{"id":"ppm-fr-7724","name":"Aumelas Wind Farm","capacity_mw":48.0,"fuel_type":"wind","status":"operational","precision":"approximate","source":"powerplantmatching v0.9.0, 2026-10-03 · Global Energy Monitor, OpenStreetMap","source_url":"https://www.openstreetmap.org/relation/4046453","tech":"Onshore","commissioning_year":2005},"geometry":{"type":"Point","coordinates":[3.619,43.533]}},{"type":"Feature","properties":{"id":"ppm-fr-7752","name":"Ablaincourt Wind Farm","capacity_mw":48.0,"fuel_type":"wind","status":"operational","precision":"approximate","source":"powerplantmatching v0.9.0, 2026-10-03 · Global Energy Monitor, OpenStreetMap","source_url":"https://www.openstreetmap.org/relation/11354344","tech":"Onshore","commissioning_year":2009},"geometry":{"type":"Point","coordinates":[2.883,49.812]}},{"type":"Feature","properties":{"id":"ppm-fr-14340","name":"Castelnau Pegayrols Wind","capacity_mw":48.0,"fuel_type":"wind","status":"operational","precision":"approximate","source":"powerplantmatching v0.9.0, 2026-10-03 · Global Energy Monitor","source_url":"https://github.com/PyPSA/powerplantmatching","tech":"Onshore","commissioning_year":2007},"geometry":{"type":"Point","coordinates":[2.892,44.158]}},{"type":"Feature","properties":{"id":"ppm-fr-16787","name":"Fierville Wind Farm","capacity_mw":48.0,"fuel_type":"wind","status":"operational","precision":"approximate","source":"powerplantmatching v0.9.0, 2026-10-03 · Global Energy Monitor","source_url":"https://github.com/PyPSA/powerplantmatching","tech":"Onshore","commissioning_year":2009},"geometry":{"type":"Point","coordinates":[-0.157,49.083]}},{"type":"Feature","properties":{"id":"ppm-fr-17275","name":"Gonfreville Orcher","capacity_mw":48.0,"fuel_type":"oil","status":"operational","precision":"approximate","source":"powerplantmatching v0.9.0, 2026-10-03 · Global Energy Monitor","source_url":"https://github.com/PyPSA/powerplantmatching","tech":"Steam Turbine","commissioning_year":1970},"geometry":{"type":"Point","coordinates":[0.295,49.475]}},{"type":"Feature","properties":{"id":"ppm-fr-20782","name":"Mont Gimont Wind Farm","capacity_mw":48.0,"fuel_type":"wind","status":"operational","precision":"approximate","source":"powerplantmatching v0.9.0, 2026-10-03 · Global Energy Monitor","source_url":"https://github.com/PyPSA/powerplantmatching","tech":"Onshore","commissioning_year":2010},"geometry":{"type":"Point","coordinates":[4.984,48.316]}},{"type":"Feature","properties":{"id":"ppm-fr-21067","name":"Nesle","capacity_mw":48.0,"fuel_type":"gas","status":"operational","precision":"approximate","source":"powerplantmatching v0.9.0, 2026-10-03 · Global Energy Monitor","source_url":"https://github.com/PyPSA/powerplantmatching","tech":"Steam Turbine"},"geometry":{"type":"Point","coordinates":[2.902,49.769]}},{"type":"Feature","properties":{"id":"ppm-fr-15106","name":"Chene Courteau Terre Abbayes Wind Farm","capacity_mw":47.4,"fuel_type":"wind","status":"operational","precision":"approximate","source":"powerplantmatching v0.9.0, 2026-10-03 · Global Energy Monitor","source_url":"https://github.com/PyPSA/powerplantmatching","tech":"Onshore"},"geometry":{"type":"Point","coordinates":[2.465,49.814]}},{"type":"Feature","properties":{"id":"ppm-fr-17981","name":"Ilot Haubourdin","capacity_mw":47.0,"fuel_type":"gas","status":"operational","precision":"approximate","source":"powerplantmatching v0.9.0, 2026-10-03 · Global Energy Monitor","source_url":"https://github.com/PyPSA/powerplantmatching","tech":"Steam Turbine","commissioning_year":2001},"geometry":{"type":"Point","coordinates":[2.983,50.606]}},{"type":"Feature","properties":{"id":"ppm-fr-19975","name":"Longues Roies Wind Farm","capacity_mw":47.0,"fuel_type":"wind","status":"operational","precision":"approximate","source":"powerplantmatching v0.9.0, 2026-10-03 · Global Energy Monitor","source_url":"https://github.com/PyPSA/powerplantmatching","tech":"Onshore"},"geometry":{"type":"Point","coordinates":[4.367,48.776]}},{"type":"Feature","properties":{"id":"ppm-fr-25875","name":"Voie Artois Wind Farm","capacity_mw":47.0,"fuel_type":"wind","status":"operational","precision":"approximate","source":"powerplantmatching v0.9.0, 2026-10-03 · Global Energy Monitor","source_url":"https://github.com/PyPSA/powerplantmatching","tech":"Onshore","commissioning_year":2020},"geometry":{"type":"Point","coordinates":[2.999,50.159]}},{"type":"Feature","properties":{"id":"ppm-fr-7136","name":"Hauteville Wind Farm","capacity_mw":46.5,"fuel_type":"wind","status":"operational","precision":"approximate","source":"powerplantmatching v0.9.0, 2026-10-03 · Global Energy Monitor, OpenStreetMap","source_url":"https://www.openstreetmap.org/relation/7947845","tech":"Onshore","commissioning_year":2008},"geometry":{"type":"Point","coordinates":[3.529,49.896]}},{"type":"Feature","properties":{"id":"ppm-fr-6516","name":"Quintefeuilles Wind Farm","capacity_mw":46.2,"fuel_type":"wind","status":"operational","precision":"approximate","source":"powerplantmatching v0.9.0, 2026-10-03 · Global Energy Monitor, OpenStreetMap","source_url":"https://www.openstreetmap.org/relation/15970958","tech":"Onshore","commissioning_year":2022},"geometry":{"type":"Point","coordinates":[2.978,50.232]}},{"type":"Feature","properties":{"id":"ppm-fr-15604","name":"Curbans Solar","capacity_mw":46.2,"fuel_type":"solar","status":"operational","precision":"approximate","source":"powerplantmatching v0.9.0, 2026-10-03 · Global Energy Monitor","source_url":"https://github.com/PyPSA/powerplantmatching","tech":"PV","commissioning_year":2011},"geometry":{"type":"Point","coordinates":[6.036,44.416]}},{"type":"Feature","properties":{"id":"ppm-fr-21863","name":"Pargny Sur Saulx Urbasolar","capacity_mw":46.2,"fuel_type":"solar","status":"operational","precision":"approximate","source":"powerplantmatching v0.9.0, 2026-10-03 · Global Energy Monitor","source_url":"https://github.com/PyPSA/powerplantmatching","units":2,"tech":"PV · 2 units","commissioning_year":2022},"geometry":{"type":"Point","coordinates":[4.845,48.768]}},{"type":"Feature","properties":{"id":"ppm-fr-20642","name":"Miraumont Wind Farm","capacity_mw":46.1,"fuel_type":"wind","status":"operational","precision":"approximate","source":"powerplantmatching v0.9.0, 2026-10-03 · Global Energy Monitor","source_url":"https://github.com/PyPSA/powerplantmatching","tech":"Onshore"},"geometry":{"type":"Point","coordinates":[2.727,50.108]}},{"type":"Feature","properties":{"id":"ppm-fr-6579","name":"Peage De Vizille","capacity_mw":46.0,"fuel_type":"hydro","status":"operational","precision":"approximate","source":"powerplantmatching v0.9.0, 2026-10-03 · Global Energy Monitor, OpenStreetMap","source_url":"https://www.openstreetmap.org/relation/9469948","tech":"Run-Of-River","commissioning_year":1949},"geometry":{"type":"Point","coordinates":[5.779,45.057]}},{"type":"Feature","properties":{"id":"ppm-fr-16096","name":"Dombasle","capacity_mw":46.0,"fuel_type":"gas","status":"operational","precision":"approximate","source":"powerplantmatching v0.9.0, 2026-10-03 · Global Energy Monitor","source_url":"https://github.com/PyPSA/powerplantmatching","tech":"Steam Turbine","commissioning_year":2010},"geometry":{"type":"Point","coordinates":[6.334,48.628]}},{"type":"Feature","properties":{"id":"ppm-fr-16277","name":"Echalot Wind Farm","capacity_mw":46.0,"fuel_type":"wind","status":"operational","precision":"approximate","source":"powerplantmatching v0.9.0, 2026-10-03 · Global Energy Monitor","source_url":"https://github.com/PyPSA/powerplantmatching","tech":"Onshore","commissioning_year":2012},"geometry":{"type":"Point","coordinates":[4.771,47.596]}},{"type":"Feature","properties":{"id":"ppm-fr-19810","name":"Lille","capacity_mw":46.0,"fuel_type":"gas","status":"operational","precision":"approximate","source":"powerplantmatching v0.9.0, 2026-10-03 · Global Energy Monitor","source_url":"https://github.com/PyPSA/powerplantmatching","tech":"Steam Turbine","commissioning_year":2006},"geometry":{"type":"Point","coordinates":[3.007,50.624]}},{"type":"Feature","properties":{"id":"ppm-fr-21956","name":"Peage De Roussillon Sud","capacity_mw":46.0,"fuel_type":"gas","status":"operational","precision":"approximate","source":"powerplantmatching v0.9.0, 2026-10-03 · Global Energy Monitor","source_url":"https://github.com/PyPSA/powerplantmatching","tech":"Steam Turbine","commissioning_year":1999},"geometry":{"type":"Point","coordinates":[4.794,45.358]}},{"type":"Feature","properties":{"id":"ppm-fr-23376","name":"Saint Egreve","capacity_mw":46.0,"fuel_type":"hydro","status":"operational","precision":"approximate","source":"powerplantmatching v0.9.0, 2026-10-03 · Global Energy Monitor","source_url":"https://github.com/PyPSA/powerplantmatching","tech":"Run-Of-River","commissioning_year":1991},"geometry":{"type":"Point","coordinates":[5.659,45.236]}},{"type":"Feature","properties":{"id":"ppm-fr-24375","name":"Spem Pointe","capacity_mw":46.0,"fuel_type":"oil","status":"operational","precision":"approximate","source":"powerplantmatching v0.9.0, 2026-10-03 · Global Energy Monitor","source_url":"https://github.com/PyPSA/powerplantmatching","tech":"Steam Turbine","commissioning_year":2015},"geometry":{"type":"Point","coordinates":[-2.138,47.306]}},{"type":"Feature","properties":{"id":"ppm-fr-22228","name":"Pic De Brau Wind Farm","capacity_mw":45.9,"fuel_type":"wind","status":"operational","precision":"approximate","source":"powerplantmatching v0.9.0, 2026-10-03 · Global Energy Monitor","source_url":"https://github.com/PyPSA/powerplantmatching","tech":"Onshore","commissioning_year":2001},"geometry":{"type":"Point","coordinates":[2.23,43.003]}},{"type":"Feature","properties":{"id":"ppm-fr-7418","name":"Chemin Des Haguenets Wind Farm","capacity_mw":45.6,"fuel_type":"wind","status":"operational","precision":"approximate","source":"powerplantmatching v0.9.0, 2026-10-03 · Global Energy Monitor, OpenStreetMap","source_url":"https://www.openstreetmap.org/relation/14058464","tech":"Onshore","commissioning_year":2008},"geometry":{"type":"Point","coordinates":[2.312,49.439]}},{"type":"Feature","properties":{"id":"ppm-fr-7494","name":"Caudresis Wind Farm","capacity_mw":45.6,"fuel_type":"wind","status":"operational","precision":"approximate","source":"powerplantmatching v0.9.0, 2026-10-03 · Global Energy Monitor, OpenStreetMap","source_url":"https://www.openstreetmap.org/relation/11852654","tech":"Onshore","commissioning_year":2019},"geometry":{"type":"Point","coordinates":[3.399,50.15]}},{"type":"Feature","properties":{"id":"ppm-fr-3630","name":"Grandpuits Bailly Carrois Centrale Solaire Tq Solar Farm","capacity_mw":45.5,"fuel_type":"solar","status":"operational","precision":"approximate","source":"powerplantmatching v0.9.0, 2026-10-03 · Global Energy Monitor, EESI, OpenStreetMap","source_url":"https://www.openstreetmap.org/way/1124322052","tech":"PV","commissioning_year":2022},"geometry":{"type":"Point","coordinates":[2.967,48.583]}},{"type":"Feature","properties":{"id":"ppm-fr-21825","name":"Parc Artillerie Solar Farm","capacity_mw":45.2,"fuel_type":"solar","status":"operational","precision":"approximate","source":"powerplantmatching v0.9.0, 2026-10-03 · Global Energy Monitor","source_url":"https://github.com/PyPSA/powerplantmatching","tech":"PV","commissioning_year":2023},"geometry":{"type":"Point","coordinates":[4.851,43.611]}},{"type":"Feature","properties":{"id":"ppm-fr-723","name":"Lardit","capacity_mw":45.0,"fuel_type":"hydro","status":"operational","precision":"approximate","source":"powerplantmatching v0.9.0, 2026-10-03 · Global Energy Monitor, JRC (European Commission), Global Hydropower Resources, WRI GPPD, GEO","source_url":"https://github.com/PyPSA/powerplantmatching","tech":"Reservoir","commissioning_year":1947},"geometry":{"type":"Point","coordinates":[2.583,44.662]}},{"type":"Feature","properties":{"id":"ppm-fr-1141","name":"Golinhac","capacity_mw":45.0,"fuel_type":"hydro","status":"operational","precision":"approximate","source":"powerplantmatching v0.9.0, 2026-10-03 · Global Energy Monitor, JRC (European Commission), Global Hydropower Resources, WRI GPPD, GEO","source_url":"https://github.com/PyPSA/powerplantmatching","tech":"Reservoir","commissioning_year":1960},"geometry":{"type":"Point","coordinates":[2.605,44.606]}},{"type":"Feature","properties":{"id":"ppm-fr-16371","name":"El Singla Wind Farm","capacity_mw":45.0,"fuel_type":"wind","status":"operational","precision":"approximate","source":"powerplantmatching v0.9.0, 2026-10-03 · Global Energy Monitor","source_url":"https://github.com/PyPSA/powerplantmatching","tech":"Onshore","commissioning_year":2017},"geometry":{"type":"Point","coordinates":[2.445,42.809]}},{"type":"Feature","properties":{"id":"ppm-fr-24819","name":"Tavaux Works","capacity_mw":45.0,"fuel_type":"oil","status":"operational","precision":"approximate","source":"powerplantmatching v0.9.0, 2026-10-03 · Global Energy Monitor","source_url":"https://github.com/PyPSA/powerplantmatching","tech":"Steam Turbine","commissioning_year":2000},"geometry":{"type":"Point","coordinates":[5.409,47.055]}},{"type":"Feature","properties":{"id":"ppm-fr-729","name":"Saut Mortier","capacity_mw":44.0,"fuel_type":"hydro","status":"operational","precision":"approximate","source":"powerplantmatching v0.9.0, 2026-10-03 · Global Energy Monitor, JRC (European Commission), Global Hydropower Resources, WRI GPPD, GEO","source_url":"https://github.com/PyPSA/powerplantmatching","tech":"Reservoir","commissioning_year":1966},"geometry":{"type":"Point","coordinates":[5.642,46.372]}},{"type":"Feature","properties":{"id":"ppm-fr-3361","name":"Laparan","capacity_mw":44.0,"fuel_type":"hydro","status":"operational","precision":"approximate","source":"powerplantmatching v0.9.0, 2026-10-03 · Global Energy Monitor, JRC (European Commission), Global Hydropower Resources","source_url":"https://github.com/PyPSA/powerplantmatching","tech":"Reservoir","commissioning_year":1970},"geometry":{"type":"Point","coordinates":[1.665,42.705]}},{"type":"Feature","properties":{"id":"ppm-fr-6848","name":"Le Haut Des Ailes Wind Farm","capacity_mw":44.0,"fuel_type":"wind","status":"operational","precision":"approximate","source":"powerplantmatching v0.9.0, 2026-10-03 · Global Energy Monitor, OpenStreetMap","source_url":"https://www.openstreetmap.org/relation/5595382","tech":"Onshore","commissioning_year":2005},"geometry":{"type":"Point","coordinates":[6.875,48.633]}},{"type":"Feature","properties":{"id":"ppm-fr-12798","name":"Argonne Wind Farm","capacity_mw":44.0,"fuel_type":"wind","status":"operational","precision":"approximate","source":"powerplantmatching v0.9.0, 2026-10-03 · Global Energy Monitor","source_url":"https://github.com/PyPSA/powerplantmatching","tech":"Onshore","commissioning_year":2005},"geometry":{"type":"Point","coordinates":[4.808,48.965]}},{"type":"Feature","properties":{"id":"ppm-fr-12930","name":"Auxerrois Wind Farm","capacity_mw":44.0,"fuel_type":"wind","status":"operational","precision":"approximate","source":"powerplantmatching v0.9.0, 2026-10-03 · Global Energy Monitor","source_url":"https://github.com/PyPSA/powerplantmatching","tech":"Onshore","commissioning_year":2014},"geometry":{"type":"Point","coordinates":[3.719,47.777]}},{"type":"Feature","properties":{"id":"ppm-fr-15046","name":"Champblain","capacity_mw":44.0,"fuel_type":"gas","status":"operational","precision":"approximate","source":"powerplantmatching v0.9.0, 2026-10-03 · Global Energy Monitor","source_url":"https://github.com/PyPSA/powerplantmatching","tech":"Steam Turbine","commissioning_year":1999},"geometry":{"type":"Point","coordinates":[4.812,45.217]}},{"type":"Feature","properties":{"id":"ppm-fr-16507","name":"Escouloubre","capacity_mw":44.0,"fuel_type":"hydro","status":"operational","precision":"approximate","source":"powerplantmatching v0.9.0, 2026-10-03 · Global Energy Monitor","source_url":"https://github.com/PyPSA/powerplantmatching","tech":"Reservoir","commissioning_year":1971},"geometry":{"type":"Point","coordinates":[2.14,42.712]}},{"type":"Feature","properties":{"id":"ppm-fr-20783","name":"Mont Heudelan Wind Farm","capacity_mw":44.0,"fuel_type":"wind","status":"operational","precision":"approximate","source":"powerplantmatching v0.9.0, 2026-10-03 · Global Energy Monitor","source_url":"https://github.com/PyPSA/powerplantmatching","tech":"Onshore","commissioning_year":2015},"geometry":{"type":"Point","coordinates":[4.427,49.278]}},{"type":"Feature","properties":{"id":"ppm-fr-22935","name":"Ratier","capacity_mw":44.0,"fuel_type":"oil","status":"operational","precision":"approximate","source":"powerplantmatching v0.9.0, 2026-10-03 · Global Energy Monitor","source_url":"https://github.com/PyPSA/powerplantmatching","tech":"Steam Turbine","commissioning_year":1972},"geometry":{"type":"Point","coordinates":[0.229,49.479]}},{"type":"Feature","properties":{"id":"ppm-fr-23773","name":"Sethelec Arles","capacity_mw":44.0,"fuel_type":"gas","status":"operational","precision":"approximate","source":"powerplantmatching v0.9.0, 2026-10-03 · Global Energy Monitor","source_url":"https://github.com/PyPSA/powerplantmatching","tech":"Steam Turbine","commissioning_year":2002},"geometry":{"type":"Point","coordinates":[4.609,43.674]}},{"type":"Feature","properties":{"id":"ppm-fr-14271","name":"Cardiff Wind Farm","capacity_mw":43.6,"fuel_type":"wind","status":"operational","precision":"approximate","source":"powerplantmatching v0.9.0, 2026-10-03 · Global Energy Monitor","source_url":"https://github.com/PyPSA/powerplantmatching","tech":"Onshore","commissioning_year":2019},"geometry":{"type":"Point","coordinates":[2.084,47.048]}},{"type":"Feature","properties":{"id":"ppm-fr-15043","name":"Chambon Puyravault Wind Farm","capacity_mw":43.2,"fuel_type":"wind","status":"operational","precision":"approximate","source":"powerplantmatching v0.9.0, 2026-10-03 · Global Energy Monitor","source_url":"https://github.com/PyPSA/powerplantmatching","tech":"Onshore"},"geometry":{"type":"Point","coordinates":[-0.846,46.136]}},{"type":"Feature","properties":{"id":"ppm-fr-511","name":"Lugo Di Nazza","capacity_mw":43.0,"fuel_type":"hydro","status":"operational","precision":"approximate","source":"powerplantmatching v0.9.0, 2026-10-03 · Global Energy Monitor, JRC (European Commission), Global Hydropower Resources, WRI GPPD, OpenStreetMap, GEO","source_url":"https://www.openstreetmap.org/way/399142443","tech":"Reservoir","commissioning_year":1970},"geometry":{"type":"Point","coordinates":[9.316,42.091]}},{"type":"Feature","properties":{"id":"ppm-fr-3315","name":"Verneuil Charrin Pv Solar","capacity_mw":43.0,"fuel_type":"solar","status":"operational","precision":"approximate","source":"powerplantmatching v0.9.0, 2026-10-03 · Global Energy Monitor, WRI GPPD, OpenStreetMap","source_url":"https://www.openstreetmap.org/relation/10361041","tech":"PV","commissioning_year":2017},"geometry":{"type":"Point","coordinates":[3.617,46.824]}},{"type":"Feature","properties":{"id":"ppm-fr-6361","name":"Vannier Amance Wind Farm","capacity_mw":43.0,"fuel_type":"wind","status":"operational","precision":"approximate","source":"powerplantmatching v0.9.0, 2026-10-03 · Global Energy Monitor, OpenStreetMap","source_url":"https://www.openstreetmap.org/relation/14228059","tech":"Onshore","commissioning_year":2022},"geometry":{"type":"Point","coordinates":[5.649,47.78]}},{"type":"Feature","properties":{"id":"ppm-fr-10608","name":"Ychoux Parentis Pv Solar Park","capacity_mw":43.0,"fuel_type":"solar","status":"operational","precision":"approximate","source":"powerplantmatching v0.9.0, 2026-10-03 · Global Energy Monitor, WRI GPPD","source_url":"https://github.com/PyPSA/powerplantmatching","tech":"PV"},"geometry":{"type":"Point","coordinates":[-1.033,44.412]}},{"type":"Feature","properties":{"id":"ppm-fr-23176","name":"Romilly Solar Farm","capacity_mw":43.0,"fuel_type":"solar","status":"operational","precision":"approximate","source":"powerplantmatching v0.9.0, 2026-10-03 · Global Energy Monitor","source_url":"https://github.com/PyPSA/powerplantmatching","tech":"PV","commissioning_year":2023},"geometry":{"type":"Point","coordinates":[4.214,48.318]}},{"type":"Feature","properties":{"id":"ppm-fr-23386","name":"Saint Fons","capacity_mw":43.0,"fuel_type":"gas","status":"operational","precision":"approximate","source":"powerplantmatching v0.9.0, 2026-10-03 · Global Energy Monitor","source_url":"https://github.com/PyPSA/powerplantmatching","tech":"Steam Turbine","commissioning_year":1999},"geometry":{"type":"Point","coordinates":[4.841,45.686]}},{"type":"Feature","properties":{"id":"ppm-fr-23387","name":"Saint Fons","capacity_mw":43.0,"fuel_type":"oil","status":"operational","precision":"approximate","source":"powerplantmatching v0.9.0, 2026-10-03 · Global Energy Monitor","source_url":"https://github.com/PyPSA/powerplantmatching","tech":"Steam Turbine","commissioning_year":2004},"geometry":{"type":"Point","coordinates":[4.841,45.686]}},{"type":"Feature","properties":{"id":"ppm-fr-23510","name":"Sampolo","capacity_mw":43.0,"fuel_type":"hydro","status":"operational","precision":"approximate","source":"powerplantmatching v0.9.0, 2026-10-03 · Global Energy Monitor","source_url":"https://github.com/PyPSA/powerplantmatching","tech":"Reservoir","commissioning_year":1991},"geometry":{"type":"Point","coordinates":[9.285,42.095]}},{"type":"Feature","properties":{"id":"ppm-fr-25603","name":"Varengeville","capacity_mw":43.0,"fuel_type":"gas","status":"operational","precision":"approximate","source":"powerplantmatching v0.9.0, 2026-10-03 · Global Energy Monitor","source_url":"https://github.com/PyPSA/powerplantmatching","tech":"Steam Turbine","commissioning_year":1998},"geometry":{"type":"Point","coordinates":[1.002,49.903]}},{"type":"Feature","properties":{"id":"ppm-fr-6688","name":"Myosotis Wind Farm","capacity_mw":42.6,"fuel_type":"wind","status":"operational","precision":"approximate","source":"powerplantmatching v0.9.0, 2026-10-03 · Global Energy Monitor, OpenStreetMap","source_url":"https://www.openstreetmap.org/relation/15580516","tech":"Onshore","commissioning_year":2009},"geometry":{"type":"Point","coordinates":[4.274,49.568]}},{"type":"Feature","properties":{"id":"ppm-fr-7604","name":"Bois Briffaut Wind Farm","capacity_mw":42.4,"fuel_type":"wind","status":"operational","precision":"approximate","source":"powerplantmatching v0.9.0, 2026-10-03 · Global Energy Monitor, OpenStreetMap","source_url":"https://www.openstreetmap.org/relation/7943923","tech":"Onshore","commissioning_year":2015},"geometry":{"type":"Point","coordinates":[2.471,49.491]}},{"type":"Feature","properties":{"id":"ppm-fr-23472","name":"Sainte Helene Confidentiel Solar Farm","capacity_mw":42.2,"fuel_type":"solar","status":"operational","precision":"approximate","source":"powerplantmatching v0.9.0, 2026-10-03 · Global Energy Monitor","source_url":"https://github.com/PyPSA/powerplantmatching","tech":"PV","commissioning_year":2014},"geometry":{"type":"Point","coordinates":[-0.883,44.966]}},{"type":"Feature","properties":{"id":"ppm-fr-718","name":"Castelnau Lassouts","capacity_mw":42.0,"fuel_type":"hydro","status":"operational","precision":"approximate","source":"powerplantmatching v0.9.0, 2026-10-03 · Global Energy Monitor, JRC (European Commission), Global Hydropower Resources, WRI GPPD, GEO","source_url":"https://github.com/PyPSA/powerplantmatching","tech":"Reservoir","commissioning_year":1949},"geometry":{"type":"Point","coordinates":[2.874,44.505]}},{"type":"Feature","properties":{"id":"ppm-fr-1140","name":"Coiselet","capacity_mw":42.0,"fuel_type":"hydro","status":"operational","precision":"approximate","source":"powerplantmatching v0.9.0, 2026-10-03 · Global Energy Monitor, JRC (European Commission), Global Hydropower Resources, WRI GPPD, GEO","source_url":"https://github.com/PyPSA/powerplantmatching","tech":"Reservoir","commissioning_year":1970},"geometry":{"type":"Point","coordinates":[5.592,46.294]}},{"type":"Feature","properties":{"id":"ppm-fr-6390","name":"Thorenc Solar Farm","capacity_mw":42.0,"fuel_type":"solar","status":"operational","precision":"approximate","source":"powerplantmatching v0.9.0, 2026-10-03 · Global Energy Monitor, OpenStreetMap","source_url":"https://www.openstreetmap.org/relation/15722592","tech":"PV","commissioning_year":2022},"geometry":{"type":"Point","coordinates":[6.786,43.773]}},{"type":"Feature","properties":{"id":"ppm-fr-7146","name":"Haut Languedoc Wind Farm","capacity_mw":42.0,"fuel_type":"wind","status":"operational","precision":"approximate","source":"powerplantmatching v0.9.0, 2026-10-03 · Global Energy Monitor, OpenStreetMap","source_url":"https://www.openstreetmap.org/relation/10767358","tech":"Onshore","commissioning_year":2006},"geometry":{"type":"Point","coordinates":[2.885,43.657]}},{"type":"Feature","properties":{"id":"ppm-fr-7679","name":"Arguel Andainville Wind Farm","capacity_mw":42.0,"fuel_type":"wind","status":"operational","precision":"approximate","source":"powerplantmatching v0.9.0, 2026-10-03 · Global Energy Monitor, OpenStreetMap","source_url":"https://www.openstreetmap.org/relation/7943894","tech":"Onshore","commissioning_year":2016},"geometry":{"type":"Point","coordinates":[1.8,49.894]}},{"type":"Feature","properties":{"id":"ppm-fr-17678","name":"Haut Vannier Wind Farm","capacity_mw":42.0,"fuel_type":"wind","status":"operational","precision":"approximate","source":"powerplantmatching v0.9.0, 2026-10-03 · Global Energy Monitor","source_url":"https://github.com/PyPSA/powerplantmatching","tech":"Onshore","commissioning_year":2022},"geometry":{"type":"Point","coordinates":[5.386,47.465]}},{"type":"Feature","properties":{"id":"ppm-fr-19257","name":"La Meuse Wind Farm","capacity_mw":42.0,"fuel_type":"wind","status":"operational","precision":"approximate","source":"powerplantmatching v0.9.0, 2026-10-03 · Global Energy Monitor","source_url":"https://github.com/PyPSA/powerplantmatching","tech":"Onshore","commissioning_year":2007},"geometry":{"type":"Point","coordinates":[5.291,49.115]}},{"type":"Feature","properties":{"id":"ppm-fr-20155","name":"Machault Wind Farm","capacity_mw":42.0,"fuel_type":"wind","status":"operational","precision":"approximate","source":"powerplantmatching v0.9.0, 2026-10-03 · Global Energy Monitor","source_url":"https://github.com/PyPSA/powerplantmatching","tech":"Onshore","commissioning_year":2010},"geometry":{"type":"Point","coordinates":[4.534,49.356]}},{"type":"Feature","properties":{"id":"ppm-fr-20509","name":"Merens","capacity_mw":42.0,"fuel_type":"hydro","status":"operational","precision":"approximate","source":"powerplantmatching v0.9.0, 2026-10-03 · Global Energy Monitor","source_url":"https://github.com/PyPSA/powerplantmatching","tech":"Reservoir","commissioning_year":1965},"geometry":{"type":"Point","coordinates":[1.831,42.643]}},{"type":"Feature","properties":{"id":"ppm-fr-22324","name":"Pizancon","capacity_mw":42.0,"fuel_type":"hydro","status":"operational","precision":"approximate","source":"powerplantmatching v0.9.0, 2026-10-03 · Global Energy Monitor","source_url":"https://github.com/PyPSA/powerplantmatching","tech":"Reservoir","commissioning_year":1932},"geometry":{"type":"Point","coordinates":[5.087,45.04]}},{"type":"Feature","properties":{"id":"ppm-fr-22844","name":"Quatre Vents Wind Farm","capacity_mw":42.0,"fuel_type":"wind","status":"operational","precision":"approximate","source":"powerplantmatching v0.9.0, 2026-10-03 · Global Energy Monitor","source_url":"https://github.com/PyPSA/powerplantmatching","tech":"Onshore","commissioning_year":2012},"geometry":{"type":"Point","coordinates":[4.2,48.481]}},{"type":"Feature","properties":{"id":"ppm-fr-23375","name":"Saint Denis","capacity_mw":42.0,"fuel_type":"gas","status":"operational","precision":"approximate","source":"powerplantmatching v0.9.0, 2026-10-03 · Global Energy Monitor","source_url":"https://github.com/PyPSA/powerplantmatching","tech":"Steam Turbine","commissioning_year":2001},"geometry":{"type":"Point","coordinates":[2.361,48.931]}},{"type":"Feature","properties":{"id":"ppm-fr-21826","name":"Parc Eolien De Cernon Wind Farm","capacity_mw":41.9,"fuel_type":"wind","status":"operational","precision":"approximate","source":"powerplantmatching v0.9.0, 2026-10-03 · Global Energy Monitor","source_url":"https://github.com/PyPSA/powerplantmatching","tech":"Onshore"},"geometry":{"type":"Point","coordinates":[5.643,46.406]}},{"type":"Feature","properties":{"id":"ppm-fr-17259","name":"Golbey","capacity_mw":41.7,"fuel_type":"biomass","status":"operational","precision":"approximate","source":"powerplantmatching v0.9.0, 2026-10-03 · Global Energy Monitor","source_url":"https://github.com/PyPSA/powerplantmatching","commissioning_year":2007},"geometry":{"type":"Point","coordinates":[6.429,48.209]}},{"type":"Feature","properties":{"id":"ppm-fr-17820","name":"Hommelet Wind Farm","capacity_mw":41.4,"fuel_type":"wind","status":"operational","precision":"approximate","source":"powerplantmatching v0.9.0, 2026-10-03 · Global Energy Monitor","source_url":"https://github.com/PyPSA/powerplantmatching","tech":"Onshore"},"geometry":{"type":"Point","coordinates":[1.995,49.948]}},{"type":"Feature","properties":{"id":"ppm-fr-6885","name":"Lacs Medocains Solar Farm","capacity_mw":41.2,"fuel_type":"solar","status":"operational","precision":"approximate","source":"powerplantmatching v0.9.0, 2026-10-03 · Global Energy Monitor, OpenStreetMap","source_url":"https://www.openstreetmap.org/relation/10016138","tech":"PV","commissioning_year":2017},"geometry":{"type":"Point","coordinates":[-1.028,45.2]}},{"type":"Feature","properties":{"id":"ppm-fr-25900","name":"Voulpaix Haution Wind Farm","capacity_mw":41.1,"fuel_type":"wind","status":"operational","precision":"approximate","source":"powerplantmatching v0.9.0, 2026-10-03 · Global Energy Monitor","source_url":"https://github.com/PyPSA/powerplantmatching","tech":"Onshore"},"geometry":{"type":"Point","coordinates":[3.81,49.849]}},{"type":"Feature","properties":{"id":"ppm-fr-128","name":"Seyssel","capacity_mw":41.0,"fuel_type":"hydro","status":"operational","precision":"approximate","source":"powerplantmatching v0.9.0, 2026-10-03 · Global Energy Monitor, JRC (European Commission), ENTSO-E, Global Hydropower Resources, WRI GPPD, OpenStreetMap, GEO","source_url":"https://www.openstreetmap.org/way/131536935","tech":"Run-Of-River","commissioning_year":1951},"geometry":{"type":"Point","coordinates":[5.834,45.971]}},{"type":"Feature","properties":{"id":"ppm-fr-727","name":"Quinson","capacity_mw":41.0,"fuel_type":"hydro","status":"operational","precision":"approximate","source":"powerplantmatching v0.9.0, 2026-10-03 · Global Energy Monitor, JRC (European Commission), Global Hydropower Resources, WRI GPPD, GEO","source_url":"https://github.com/PyPSA/powerplantmatching","tech":"Reservoir","commissioning_year":1970},"geometry":{"type":"Point","coordinates":[6.051,43.699]}},{"type":"Feature","properties":{"id":"ppm-fr-7627","name":"Belleville","capacity_mw":41.0,"fuel_type":"hydro","status":"operational","precision":"approximate","source":"powerplantmatching v0.9.0, 2026-10-03 · Global Energy Monitor, OpenStreetMap","source_url":"https://www.openstreetmap.org/relation/3164065","tech":"Reservoir","commissioning_year":1955},"geometry":{"type":"Point","coordinates":[6.638,45.773]}},{"type":"Feature","properties":{"id":"ppm-fr-19266","name":"La Plaine Auboise Wind Farm","capacity_mw":41.0,"fuel_type":"wind","status":"operational","precision":"approximate","source":"powerplantmatching v0.9.0, 2026-10-03 · Global Energy Monitor","source_url":"https://github.com/PyPSA/powerplantmatching","tech":"Onshore","commissioning_year":2009},"geometry":{"type":"Point","coordinates":[4.046,48.425]}},{"type":"Feature","properties":{"id":"ppm-fr-19698","name":"Les Bois","capacity_mw":41.0,"fuel_type":"hydro","status":"operational","precision":"approximate","source":"powerplantmatching v0.9.0, 2026-10-03 · Global Energy Monitor","source_url":"https://github.com/PyPSA/powerplantmatching","tech":"Run-Of-River","commissioning_year":1974},"geometry":{"type":"Point","coordinates":[6.9,45.934]}},{"type":"Feature","properties":{"id":"ppm-fr-23391","name":"Saint Gaudens","capacity_mw":41.0,"fuel_type":"biomass","status":"operational","precision":"approximate","source":"powerplantmatching v0.9.0, 2026-10-03 · Global Energy Monitor","source_url":"https://github.com/PyPSA/powerplantmatching","commissioning_year":2005},"geometry":{"type":"Point","coordinates":[0.727,43.095]}},{"type":"Feature","properties":{"id":"ppm-fr-7482","name":"Centrale Photovoltaique De Aeroparc Solar Farm","capacity_mw":40.7,"fuel_type":"solar","status":"operational","precision":"approximate","source":"powerplantmatching v0.9.0, 2026-10-03 · Global Energy Monitor, OpenStreetMap","source_url":"https://www.openstreetmap.org/way/1328282271","tech":"PV","commissioning_year":2024},"geometry":{"type":"Point","coordinates":[7.017,47.665]}},{"type":"Feature","properties":{"id":"ppm-fr-6464","name":"Somme Soude Trecon Wind Farm","capacity_mw":40.5,"fuel_type":"wind","status":"operational","precision":"approximate","source":"powerplantmatching v0.9.0, 2026-10-03 · Global Energy Monitor, OpenStreetMap","source_url":"https://www.openstreetmap.org/relation/7985997","tech":"Onshore","commissioning_year":2014},"geometry":{"type":"Point","coordinates":[4.098,48.862]}},{"type":"Feature","properties":{"id":"ppm-fr-7431","name":"Chemin De Mory Wind Farm","capacity_mw":40.3,"fuel_type":"wind","status":"operational","precision":"approximate","source":"powerplantmatching v0.9.0, 2026-10-03 · Global Energy Monitor, OpenStreetMap","source_url":"https://www.openstreetmap.org/relation/13257044","tech":"Onshore","commissioning_year":2020},"geometry":{"type":"Point","coordinates":[2.869,50.163]}},{"type":"Feature","properties":{"id":"ppm-fr-6352","name":"Vents De La Moivre Wind Farm","capacity_mw":40.2,"fuel_type":"wind","status":"operational","precision":"approximate","source":"powerplantmatching v0.9.0, 2026-10-03 · Global Energy Monitor, OpenStreetMap","source_url":"https://www.openstreetmap.org/relation/17077214","tech":"Onshore","commissioning_year":2023},"geometry":{"type":"Point","coordinates":[4.543,48.843]}},{"type":"Feature","properties":{"id":"ppm-fr-19634","name":"Le Mans Confidentiel Solar Farm","capacity_mw":40.2,"fuel_type":"solar","status":"operational","precision":"approximate","source":"powerplantmatching v0.9.0, 2026-10-03 · Global Energy Monitor","source_url":"https://github.com/PyPSA/powerplantmatching","tech":"PV","commissioning_year":2021},"geometry":{"type":"Point","coordinates":[0.225,48.017]}},{"type":"Feature","properties":{"id":"ppm-fr-7203","name":"Entre Tille Et Venelle Wind Farm","capacity_mw":40.0,"fuel_type":"wind","status":"operational","precision":"approximate","source":"powerplantmatching v0.9.0, 2026-10-03 · Global Energy Monitor, OpenStreetMap","source_url":"https://www.openstreetmap.org/relation/13255636","tech":"Onshore","commissioning_year":2019},"geometry":{"type":"Point","coordinates":[5.099,47.568]}},{"type":"Feature","properties":{"id":"ppm-fr-7465","name":"Centrale Solaire De Savernat Quinssaines Solar Farm","capacity_mw":40.0,"fuel_type":"solar","status":"operational","precision":"approximate","source":"powerplantmatching v0.9.0, 2026-10-03 · Global Energy Monitor, OpenStreetMap","source_url":"https://www.openstreetmap.org/relation/18208214","tech":"PV","commissioning_year":2021},"geometry":{"type":"Point","coordinates":[2.523,46.327]}},{"type":"Feature","properties":{"id":"ppm-fr-7648","name":"Availles Thouarsis Irias Wind Farm","capacity_mw":40.0,"fuel_type":"wind","status":"operational","precision":"approximate","source":"powerplantmatching v0.9.0, 2026-10-03 · Global Energy Monitor, OpenStreetMap","source_url":"https://www.openstreetmap.org/relation/10124349","tech":"Onshore","commissioning_year":2016},"geometry":{"type":"Point","coordinates":[-0.125,46.852]}},{"type":"Feature","properties":{"id":"ppm-fr-12849","name":"Assac Wind Farm","capacity_mw":40.0,"fuel_type":"wind","status":"operational","precision":"approximate","source":"powerplantmatching v0.9.0, 2026-10-03 · Global Energy Monitor","source_url":"https://github.com/PyPSA/powerplantmatching","tech":"Onshore","commissioning_year":2011},"geometry":{"type":"Point","coordinates":[2.429,43.974]}},{"type":"Feature","properties":{"id":"ppm-fr-13283","name":"Beaumont Monteux","capacity_mw":40.0,"fuel_type":"hydro","status":"operational","precision":"approximate","source":"powerplantmatching v0.9.0, 2026-10-03 · Global Energy Monitor","source_url":"https://github.com/PyPSA/powerplantmatching","tech":"Reservoir","commissioning_year":1959},"geometry":{"type":"Point","coordinates":[4.924,45.017]}},{"type":"Feature","properties":{"id":"ppm-fr-19714","name":"Les Moulins De Boulay Wind Farm","capacity_mw":40.0,"fuel_type":"wind","status":"operational","precision":"approximate","source":"powerplantmatching v0.9.0, 2026-10-03 · Global Energy Monitor","source_url":"https://github.com/PyPSA/powerplantmatching","tech":"Onshore","commissioning_year":2007},"geometry":{"type":"Point","coordinates":[6.52,49.186]}},{"type":"Feature","properties":{"id":"ppm-fr-22549","name":"Pompogne Solar Park","capacity_mw":40.0,"fuel_type":"solar","status":"operational","precision":"approximate","source":"powerplantmatching v0.9.0, 2026-10-03 · Global Energy Monitor","source_url":"https://github.com/PyPSA/powerplantmatching","tech":"PV","commissioning_year":2013},"geometry":{"type":"Point","coordinates":[0.055,44.211]}},{"type":"Feature","properties":{"id":"ppm-fr-6764","name":"Madon Et Moselle Wind Farm","capacity_mw":39.6,"fuel_type":"wind","status":"operational","precision":"approximate","source":"powerplantmatching v0.9.0, 2026-10-03 · Global Energy Monitor, OpenStreetMap","source_url":"https://www.openstreetmap.org/relation/12567663","tech":"Onshore","commissioning_year":2021},"geometry":{"type":"Point","coordinates":[6.194,48.199]}},{"type":"Feature","properties":{"id":"ppm-fr-714","name":"Beaumont De Pertuis","capacity_mw":39.0,"fuel_type":"hydro","status":"operational","precision":"approximate","source":"powerplantmatching v0.9.0, 2026-10-03 · Global Energy Monitor, JRC (European Commission), Global Hydropower Resources, WRI GPPD, GEO","source_url":"https://github.com/PyPSA/powerplantmatching","tech":"Reservoir","commissioning_year":1969},"geometry":{"type":"Point","coordinates":[5.754,43.735]}},{"type":"Feature","properties":{"id":"ppm-fr-715","name":"Beauvoir","capacity_mw":39.0,"fuel_type":"hydro","status":"operational","precision":"approximate","source":"powerplantmatching v0.9.0, 2026-10-03 · Global Energy Monitor, JRC (European Commission), Global Hydropower Resources, WRI GPPD, GEO","source_url":"https://github.com/PyPSA/powerplantmatching","tech":"Reservoir","commissioning_year":1963},"geometry":{"type":"Point","coordinates":[5.319,45.121]}},{"type":"Feature","properties":{"id":"ppm-fr-6362","name":"Vauvillers Wind Farm","capacity_mw":39.0,"fuel_type":"wind","status":"operational","precision":"approximate","source":"powerplantmatching v0.9.0, 2026-10-03 · Global Energy Monitor, OpenStreetMap","source_url":"https://www.openstreetmap.org/relation/17075305","tech":"Onshore","commissioning_year":2006},"geometry":{"type":"Point","coordinates":[2.725,49.844]}},{"type":"Feature","properties":{"id":"ppm-fr-6380","name":"Vaite Wind Farm","capacity_mw":39.0,"fuel_type":"wind","status":"operational","precision":"approximate","source":"powerplantmatching v0.9.0, 2026-10-03 · Global Energy Monitor, OpenStreetMap","source_url":"https://www.openstreetmap.org/relation/6820595","tech":"Onshore","commissioning_year":2016},"geometry":{"type":"Point","coordinates":[6.227,47.37]}},{"type":"Feature","properties":{"id":"ppm-fr-6719","name":"Lomont Wind Farm","capacity_mw":39.0,"fuel_type":"wind","status":"operational","precision":"approximate","source":"powerplantmatching v0.9.0, 2026-10-03 · Global Energy Monitor, OpenStreetMap","source_url":"https://www.openstreetmap.org/relation/12540031","tech":"Onshore","commissioning_year":2007},"geometry":{"type":"Point","coordinates":[6.678,47.354]}},{"type":"Feature","properties":{"id":"ppm-fr-12829","name":"Artois Wind Farm","capacity_mw":39.0,"fuel_type":"wind","status":"operational","precision":"approximate","source":"powerplantmatching v0.9.0, 2026-10-03 · Global Energy Monitor","source_url":"https://github.com/PyPSA/powerplantmatching","tech":"Onshore","commissioning_year":2017},"geometry":{"type":"Point","coordinates":[2.93,50.193]}},{"type":"Feature","properties":{"id":"ppm-fr-13376","name":"Bessines Solar Farm","capacity_mw":39.0,"fuel_type":"solar","status":"operational","precision":"approximate","source":"powerplantmatching v0.9.0, 2026-10-03 · Global Energy Monitor","source_url":"https://github.com/PyPSA/powerplantmatching","tech":"PV","commissioning_year":2024},"geometry":{"type":"Point","coordinates":[1.364,46.112]}},{"type":"Feature","properties":{"id":"ppm-fr-15058","name":"Chaourse Wind Farm","capacity_mw":39.0,"fuel_type":"wind","status":"operational","precision":"approximate","source":"powerplantmatching v0.9.0, 2026-10-03 · Global Energy Monitor","source_url":"https://github.com/PyPSA/powerplantmatching","tech":"Onshore","commissioning_year":2015},"geometry":{"type":"Point","coordinates":[3.972,49.692]}},{"type":"Feature","properties":{"id":"ppm-fr-19337","name":"Lafigere","capacity_mw":39.0,"fuel_type":"hydro","status":"operational","precision":"approximate","source":"powerplantmatching v0.9.0, 2026-10-03 · Global Energy Monitor","source_url":"https://github.com/PyPSA/powerplantmatching","tech":"Reservoir","commissioning_year":1967},"geometry":{"type":"Point","coordinates":[4.038,44.447]}},{"type":"Feature","properties":{"id":"ppm-fr-19393","name":"Langeron Solar","capacity_mw":39.0,"fuel_type":"solar","status":"operational","precision":"approximate","source":"powerplantmatching v0.9.0, 2026-10-03 · Global Energy Monitor","source_url":"https://github.com/PyPSA/powerplantmatching","tech":"PV","commissioning_year":2024},"geometry":{"type":"Point","coordinates":[3.115,46.795]}},{"type":"Feature","properties":{"id":"ppm-fr-22556","name":"Pont De Camps","capacity_mw":39.0,"fuel_type":"hydro","status":"operational","precision":"approximate","source":"powerplantmatching v0.9.0, 2026-10-03 · Global Energy Monitor","source_url":"https://github.com/PyPSA/powerplantmatching","tech":"Reservoir","commissioning_year":1962},"geometry":{"type":"Point","coordinates":[-0.392,42.864]}},{"type":"Feature","properties":{"id":"ppm-fr-19713","name":"Les Monts Saint Benoit Wind Farm","capacity_mw":38.8,"fuel_type":"wind","status":"operational","precision":"approximate","source":"powerplantmatching v0.9.0, 2026-10-03 · Global Energy Monitor","source_url":"https://github.com/PyPSA/powerplantmatching","tech":"Onshore","commissioning_year":2016},"geometry":{"type":"Point","coordinates":[4.025,48.394]}},{"type":"Feature","properties":{"id":"ppm-fr-513","name":"Argentiere","capacity_mw":38.0,"fuel_type":"hydro","status":"operational","precision":"approximate","source":"powerplantmatching v0.9.0, 2026-10-03 · Global Energy Monitor, JRC (European Commission), Global Hydropower Resources, WRI GPPD, OpenStreetMap, GEO","source_url":"https://www.openstreetmap.org/relation/8864023","tech":"Reservoir","commissioning_year":1909},"geometry":{"type":"Point","coordinates":[6.561,44.79]}},{"type":"Feature","properties":{"id":"ppm-fr-6744","name":"Les Gourlus Wind Farm","capacity_mw":38.0,"fuel_type":"wind","status":"operational","precision":"approximate","source":"powerplantmatching v0.9.0, 2026-10-03 · Global Energy Monitor, OpenStreetMap","source_url":"https://www.openstreetmap.org/relation/7986024","tech":"Onshore","commissioning_year":2016},"geometry":{"type":"Point","coordinates":[4.371,48.777]}},{"type":"Feature","properties":{"id":"ppm-fr-6778","name":"Le Mont Hussard Wind Farm","capacity_mw":38.0,"fuel_type":"wind","status":"operational","precision":"approximate","source":"powerplantmatching v0.9.0, 2026-10-03 · Global Energy Monitor, OpenStreetMap","source_url":"https://www.openstreetmap.org/relation/11170089","tech":"Onshore","commissioning_year":2019},"geometry":{"type":"Point","coordinates":[3.524,49.824]}},{"type":"Feature","properties":{"id":"ppm-fr-6881","name":"La Tourette Wind Farm","capacity_mw":38.0,"fuel_type":"wind","status":"operational","precision":"approximate","source":"powerplantmatching v0.9.0, 2026-10-03 · Global Energy Monitor, OpenStreetMap","source_url":"https://www.openstreetmap.org/relation/10723653","tech":"Onshore","commissioning_year":2011},"geometry":{"type":"Point","coordinates":[-0.162,46.16]}},{"type":"Feature","properties":{"id":"ppm-fr-7726","name":"Autremencourt Wind Farm","capacity_mw":38.0,"fuel_type":"wind","status":"operational","precision":"approximate","source":"powerplantmatching v0.9.0, 2026-10-03 · Global Energy Monitor, OpenStreetMap","source_url":"https://www.openstreetmap.org/relation/10078041","tech":"Onshore","commissioning_year":2008},"geometry":{"type":"Point","coordinates":[3.817,49.702]}},{"type":"Feature","properties":{"id":"ppm-fr-13940","name":"Breteuil Wind Farm","capacity_mw":38.0,"fuel_type":"wind","status":"operational","precision":"approximate","source":"powerplantmatching v0.9.0, 2026-10-03 · Global Energy Monitor","source_url":"https://github.com/PyPSA/powerplantmatching","tech":"Onshore","commissioning_year":2006},"geometry":{"type":"Point","coordinates":[2.292,49.656]}},{"type":"Feature","properties":{"id":"ppm-fr-15003","name":"Cernon Wind Farm","capacity_mw":38.0,"fuel_type":"wind","status":"operational","precision":"approximate","source":"powerplantmatching v0.9.0, 2026-10-03 · Global Energy Monitor","source_url":"https://github.com/PyPSA/powerplantmatching","tech":"Onshore","commissioning_year":2008},"geometry":{"type":"Point","coordinates":[4.358,48.845]}},{"type":"Feature","properties":{"id":"ppm-fr-15434","name":"Coteaux Aube Wind Farm","capacity_mw":38.0,"fuel_type":"wind","status":"operational","precision":"approximate","source":"powerplantmatching v0.9.0, 2026-10-03 · Global Energy Monitor","source_url":"https://github.com/PyPSA/powerplantmatching","tech":"Onshore","commissioning_year":2019},"geometry":{"type":"Point","coordinates":[4.355,48.845]}},{"type":"Feature","properties":{"id":"ppm-fr-15819","name":"Deux Rivieres Wind Farm","capacity_mw":38.0,"fuel_type":"wind","status":"operational","precision":"approximate","source":"powerplantmatching v0.9.0, 2026-10-03 · Global Energy Monitor","source_url":"https://github.com/PyPSA/powerplantmatching","tech":"Onshore","commissioning_year":2015},"geometry":{"type":"Point","coordinates":[6.611,48.667]}},{"type":"Feature","properties":{"id":"ppm-fr-16428","name":"Energie Du Porcien Wind Farm","capacity_mw":38.0,"fuel_type":"wind","status":"operational","precision":"approximate","source":"powerplantmatching v0.9.0, 2026-10-03 · Global Energy Monitor","source_url":"https://github.com/PyPSA/powerplantmatching","tech":"Onshore","commissioning_year":2011},"geometry":{"type":"Point","coordinates":[4.14,49.524]}},{"type":"Feature","properties":{"id":"ppm-fr-16778","name":"Ferrieres","capacity_mw":38.0,"fuel_type":"hydro","status":"operational","precision":"approximate","source":"powerplantmatching v0.9.0, 2026-10-03 · Global Energy Monitor","source_url":"https://github.com/PyPSA/powerplantmatching","tech":"Reservoir","commissioning_year":1986},"geometry":{"type":"Point","coordinates":[1.618,42.936]}},{"type":"Feature","properties":{"id":"ppm-fr-19248","name":"La Haute Lys Wind Farm","capacity_mw":38.0,"fuel_type":"wind","status":"operational","precision":"approximate","source":"powerplantmatching v0.9.0, 2026-10-03 · Global Energy Monitor","source_url":"https://github.com/PyPSA/powerplantmatching","tech":"Onshore","commissioning_year":2004},"geometry":{"type":"Point","coordinates":[2.19,50.556]}},{"type":"Feature","properties":{"id":"ppm-fr-19724","name":"Les Pierrots Wind Farm","capacity_mw":38.0,"fuel_type":"wind","status":"operational","precision":"approximate","source":"powerplantmatching v0.9.0, 2026-10-03 · Global Energy Monitor","source_url":"https://github.com/PyPSA/powerplantmatching","tech":"Onshore","commissioning_year":2009},"geometry":{"type":"Point","coordinates":[2.056,46.993]}},{"type":"Feature","properties":{"id":"ppm-fr-20785","name":"Mont Origny Wind Farm","capacity_mw":38.0,"fuel_type":"wind","status":"operational","precision":"approximate","source":"powerplantmatching v0.9.0, 2026-10-03 · Global Energy Monitor","source_url":"https://github.com/PyPSA/powerplantmatching","tech":"Onshore","commissioning_year":2019},"geometry":{"type":"Point","coordinates":[3.483,49.84]}},{"type":"Feature","properties":{"id":"ppm-fr-22904","name":"Rampont Wind Farm","capacity_mw":38.0,"fuel_type":"wind","status":"operational","precision":"approximate","source":"powerplantmatching v0.9.0, 2026-10-03 · Global Energy Monitor","source_url":"https://github.com/PyPSA/powerplantmatching","tech":"Onshore","commissioning_year":2008},"geometry":{"type":"Point","coordinates":[5.243,49.082]}},{"type":"Feature","properties":{"id":"ppm-fr-6397","name":"Sud Vienne Wind Farm","capacity_mw":37.8,"fuel_type":"wind","status":"operational","precision":"approximate","source":"powerplantmatching v0.9.0, 2026-10-03 · Global Energy Monitor, OpenStreetMap","source_url":"https://www.openstreetmap.org/relation/16696543","tech":"Onshore","commissioning_year":2023},"geometry":{"type":"Point","coordinates":[0.318,46.06]}},{"type":"Feature","properties":{"id":"ppm-fr-13653","name":"Blaznay Wind Farm","capacity_mw":37.8,"fuel_type":"wind","status":"operational","precision":"approximate","source":"powerplantmatching v0.9.0, 2026-10-03 · Global Energy Monitor","source_url":"https://github.com/PyPSA/powerplantmatching","tech":"Onshore"},"geometry":{"type":"Point","coordinates":[0.254,46.183]}},{"type":"Feature","properties":{"id":"ppm-fr-23663","name":"Scv Solar","capacity_mw":37.7,"fuel_type":"solar","status":"operational","precision":"approximate","source":"powerplantmatching v0.9.0, 2026-10-03 · Global Energy Monitor","source_url":"https://github.com/PyPSA/powerplantmatching","tech":"PV","commissioning_year":2023},"geometry":{"type":"Point","coordinates":[1.968,47.832]}},{"type":"Feature","properties":{"id":"ppm-fr-569","name":"Pinet","capacity_mw":37.0,"fuel_type":"hydro","status":"operational","precision":"approximate","source":"powerplantmatching v0.9.0, 2026-10-03 · Global Energy Monitor, JRC (European Commission), Global Hydropower Resources, WRI GPPD, OpenStreetMap, GEO","source_url":"https://www.openstreetmap.org/relation/9735958","tech":"Reservoir","commissioning_year":1929},"geometry":{"type":"Point","coordinates":[2.805,44.07]}},{"type":"Feature","properties":{"id":"ppm-fr-681","name":"Saint Geniez Merle","capacity_mw":37.0,"fuel_type":"hydro","status":"operational","precision":"approximate","source":"powerplantmatching v0.9.0, 2026-10-03 · Global Energy Monitor, JRC (European Commission), Global Hydropower Resources, WRI GPPD, GEO","source_url":"https://github.com/PyPSA/powerplantmatching","tech":"Reservoir","commissioning_year":1947},"geometry":{"type":"Point","coordinates":[2.068,45.071]}},{"type":"Feature","properties":{"id":"ppm-fr-7221","name":"Diou Wind Farm","capacity_mw":37.0,"fuel_type":"wind","status":"operational","precision":"approximate","source":"powerplantmatching v0.9.0, 2026-10-03 · Global Energy Monitor, OpenStreetMap","source_url":"https://www.openstreetmap.org/relation/15971136","tech":"Onshore","commissioning_year":2015},"geometry":{"type":"Point","coordinates":[1.983,47.04]}},{"type":"Feature","properties":{"id":"ppm-fr-24763","name":"Tarascon","capacity_mw":37.0,"fuel_type":"biomass","status":"operational","precision":"approximate","source":"powerplantmatching v0.9.0, 2026-10-03 · Global Energy Monitor","source_url":"https://github.com/PyPSA/powerplantmatching","commissioning_year":1983},"geometry":{"type":"Point","coordinates":[4.653,43.78]}},{"type":"Feature","properties":{"id":"ppm-fr-7222","name":"Disneyland Paris Carport Solar Farm","capacity_mw":36.1,"fuel_type":"solar","status":"operational","precision":"approximate","source":"powerplantmatching v0.9.0, 2026-10-03 · Global Energy Monitor, OpenStreetMap","source_url":"https://www.openstreetmap.org/relation/15448431","tech":"PV","commissioning_year":2022},"geometry":{"type":"Point","coordinates":[2.787,48.875]}},{"type":"Feature","properties":{"id":"ppm-fr-6231","name":"Voie Des Pretres Wind Farm","capacity_mw":36.0,"fuel_type":"wind","status":"operational","precision":"approximate","source":"powerplantmatching v0.9.0, 2026-10-03 · Global Energy Monitor, OpenStreetMap","source_url":"https://www.openstreetmap.org/relation/10597150","tech":"Onshore","commissioning_year":2017},"geometry":{"type":"Point","coordinates":[2.912,50.214]}},{"type":"Feature","properties":{"id":"ppm-fr-6324","name":"Trois Sources Wind Farm","capacity_mw":36.0,"fuel_type":"wind","status":"operational","precision":"approximate","source":"powerplantmatching v0.9.0, 2026-10-03 · Global Energy Monitor, OpenStreetMap","source_url":"https://www.openstreetmap.org/relation/20345570","tech":"Onshore","commissioning_year":2007},"geometry":{"type":"Point","coordinates":[5.41,48.536]}},{"type":"Feature","properties":{"id":"ppm-fr-6326","name":"Tulipes Wind Farm","capacity_mw":36.0,"fuel_type":"wind","status":"operational","precision":"approximate","source":"powerplantmatching v0.9.0, 2026-10-03 · Global Energy Monitor, OpenStreetMap","source_url":"https://www.openstreetmap.org/relation/13257103","tech":"Onshore","commissioning_year":2020},"geometry":{"type":"Point","coordinates":[2.709,49.683]}},{"type":"Feature","properties":{"id":"ppm-fr-6535","name":"Puech Cambert Wind Farm","capacity_mw":36.0,"fuel_type":"wind","status":"operational","precision":"approximate","source":"powerplantmatching v0.9.0, 2026-10-03 · Global Energy Monitor, OpenStreetMap","source_url":"https://www.openstreetmap.org/relation/4037972","tech":"Onshore","commissioning_year":2006},"geometry":{"type":"Point","coordinates":[2.848,43.742]}},{"type":"Feature","properties":{"id":"ppm-fr-6585","name":"Pauvres Wind Farm","capacity_mw":36.0,"fuel_type":"wind","status":"operational","precision":"approximate","source":"powerplantmatching v0.9.0, 2026-10-03 · Global Energy Monitor, OpenStreetMap","source_url":"https://www.openstreetmap.org/relation/18085285","tech":"Onshore","commissioning_year":2014},"geometry":{"type":"Point","coordinates":[4.485,49.432]}},{"type":"Feature","properties":{"id":"ppm-fr-6760","name":"Luce Wind Farm","capacity_mw":36.0,"fuel_type":"wind","status":"operational","precision":"approximate","source":"powerplantmatching v0.9.0, 2026-10-03 · Global Energy Monitor, OpenStreetMap","source_url":"https://www.openstreetmap.org/relation/13576101","tech":"Onshore","commissioning_year":2021},"geometry":{"type":"Point","coordinates":[2.656,49.804]}},{"type":"Feature","properties":{"id":"ppm-fr-6869","name":"Joyeux Developers Wind Farm","capacity_mw":36.0,"fuel_type":"wind","status":"operational","precision":"approximate","source":"powerplantmatching v0.9.0, 2026-10-03 · Global Energy Monitor, OpenStreetMap","source_url":"https://www.openstreetmap.org/relation/20428780","tech":"Onshore","commissioning_year":2017},"geometry":{"type":"Point","coordinates":[1.835,50.404]}},{"type":"Feature","properties":{"id":"ppm-fr-7128","name":"Quesnoy Sur Airaines Wind Farm","capacity_mw":36.0,"fuel_type":"wind","status":"operational","precision":"approximate","source":"powerplantmatching v0.9.0, 2026-10-03 · Global Energy Monitor, OpenStreetMap","source_url":"https://www.openstreetmap.org/relation/10123949","tech":"Onshore","commissioning_year":2010},"geometry":{"type":"Point","coordinates":[1.989,49.946]}},{"type":"Feature","properties":{"id":"ppm-fr-7277","name":"Coulanges Wind Farm","capacity_mw":36.0,"fuel_type":"wind","status":"operational","precision":"approximate","source":"powerplantmatching v0.9.0, 2026-10-03 · Global Energy Monitor, OpenStreetMap","source_url":"https://www.openstreetmap.org/relation/10763100","tech":"Onshore","commissioning_year":2019},"geometry":{"type":"Point","coordinates":[2.09,47.15]}},{"type":"Feature","properties":{"id":"ppm-fr-7278","name":"Coulonges Enel Green Wind Farm","capacity_mw":36.0,"fuel_type":"wind","status":"operational","precision":"approximate","source":"powerplantmatching v0.9.0, 2026-10-03 · Global Energy Monitor, OpenStreetMap","source_url":"https://www.openstreetmap.org/relation/4037953","tech":"Onshore","commissioning_year":2011},"geometry":{"type":"Point","coordinates":[-0.397,46.907]}},{"type":"Feature","properties":{"id":"ppm-fr-7280","name":"Coquelicot Wind Farm","capacity_mw":36.0,"fuel_type":"wind","status":"operational","precision":"approximate","source":"powerplantmatching v0.9.0, 2026-10-03 · Global Energy Monitor, OpenStreetMap","source_url":"https://www.openstreetmap.org/relation/7943897","tech":"Onshore","commissioning_year":2016},"geometry":{"type":"Point","coordinates":[2.528,50.094]}},{"type":"Feature","properties":{"id":"ppm-fr-7309","name":"Cheniers Villers Wind Farm","capacity_mw":36.0,"fuel_type":"wind","status":"operational","precision":"approximate","source":"powerplantmatching v0.9.0, 2026-10-03 · Global Energy Monitor, OpenStreetMap","source_url":"https://www.openstreetmap.org/relation/18987904","tech":"Onshore","commissioning_year":2016},"geometry":{"type":"Point","coordinates":[4.244,48.886]}},{"type":"Feature","properties":{"id":"ppm-fr-7444","name":"Caix Wind Farm","capacity_mw":36.0,"fuel_type":"wind","status":"operational","precision":"approximate","source":"powerplantmatching v0.9.0, 2026-10-03 · Global Energy Monitor, OpenStreetMap","source_url":"https://www.openstreetmap.org/relation/16894268","tech":"Onshore","commissioning_year":2013},"geometry":{"type":"Point","coordinates":[2.632,49.804]}},{"type":"Feature","properties":{"id":"ppm-fr-22360","name":"Breteuil Esquennoy Wind Farm","capacity_mw":36.0,"fuel_type":"wind","status":"operational","precision":"approximate","source":"powerplantmatching v0.9.0, 2026-10-03 · Global Energy Monitor, OpenStreetMap","source_url":"https://www.openstreetmap.org/relation/7947855","units":2,"tech":"Onshore · 2 units","commissioning_year":2008},"geometry":{"type":"Point","coordinates":[2.286,49.645]}},{"type":"Feature","properties":{"id":"ppm-fr-7667","name":"Arville Wind Farm","capacity_mw":36.0,"fuel_type":"wind","status":"operational","precision":"approximate","source":"powerplantmatching v0.9.0, 2026-10-03 · Global Energy Monitor, OpenStreetMap","source_url":"https://www.openstreetmap.org/relation/13089773","tech":"Onshore","commissioning_year":2015},"geometry":{"type":"Point","coordinates":[2.559,48.16]}},{"type":"Feature","properties":{"id":"ppm-fr-7671","name":"Atrebatie Wind Farm","capacity_mw":36.0,"fuel_type":"wind","status":"operational","precision":"approximate","source":"powerplantmatching v0.9.0, 2026-10-03 · Global Energy Monitor, OpenStreetMap","source_url":"https://www.openstreetmap.org/relation/6094949","tech":"Onshore","commissioning_year":2013},"geometry":{"type":"Point","coordinates":[2.467,50.338]}},{"type":"Feature","properties":{"id":"ppm-fr-12391","name":"Allanche Wind Farm","capacity_mw":36.0,"fuel_type":"wind","status":"operational","precision":"approximate","source":"powerplantmatching v0.9.0, 2026-10-03 · Global Energy Monitor","source_url":"https://github.com/PyPSA/powerplantmatching","tech":"Onshore","commissioning_year":2012},"geometry":{"type":"Point","coordinates":[2.954,45.231]}},{"type":"Feature","properties":{"id":"ppm-fr-16461","name":"Epine Aux Bois Wind Farm","capacity_mw":36.0,"fuel_type":"wind","status":"operational","precision":"approximate","source":"powerplantmatching v0.9.0, 2026-10-03 · Global Energy Monitor","source_url":"https://github.com/PyPSA/powerplantmatching","tech":"Onshore","commissioning_year":2018},"geometry":{"type":"Point","coordinates":[3.453,48.893]}},{"type":"Feature","properties":{"id":"ppm-fr-16464","name":"Epine Wind Farm","capacity_mw":36.0,"fuel_type":"wind","status":"operational","precision":"approximate","source":"powerplantmatching v0.9.0, 2026-10-03 · Global Energy Monitor","source_url":"https://github.com/PyPSA/powerplantmatching","tech":"Onshore","commissioning_year":2019},"geometry":{"type":"Point","coordinates":[4.115,49.242]}},{"type":"Feature","properties":{"id":"ppm-fr-16512","name":"Espiers Guilleville Wind Farm","capacity_mw":36.0,"fuel_type":"wind","status":"operational","precision":"approximate","source":"powerplantmatching v0.9.0, 2026-10-03 · Global Energy Monitor","source_url":"https://github.com/PyPSA/powerplantmatching","tech":"Onshore","commissioning_year":2018},"geometry":{"type":"Point","coordinates":[1.827,48.246]}},{"type":"Feature","properties":{"id":"ppm-fr-17681","name":"Haute Garonne Solar Farm","capacity_mw":36.0,"fuel_type":"solar","status":"construction","precision":"approximate","source":"powerplantmatching v0.9.0, 2026-10-03 · Global Energy Monitor","source_url":"https://github.com/PyPSA/powerplantmatching","tech":"PV","commissioning_year":2026},"geometry":{"type":"Point","coordinates":[1.168,43.392]}},{"type":"Feature","properties":{"id":"ppm-fr-18095","name":"Janville Wind Farm","capacity_mw":36.0,"fuel_type":"wind","status":"operational","precision":"approximate","source":"powerplantmatching v0.9.0, 2026-10-03 · Global Energy Monitor","source_url":"https://github.com/PyPSA/powerplantmatching","tech":"Onshore","commissioning_year":2005},"geometry":{"type":"Point","coordinates":[1.891,48.186]}},{"type":"Feature","properties":{"id":"ppm-fr-19711","name":"Les Monts Ain Wind Farm","capacity_mw":36.0,"fuel_type":"wind","status":"operational","precision":"approximate","source":"powerplantmatching v0.9.0, 2026-10-03 · Global Energy Monitor","source_url":"https://github.com/PyPSA/powerplantmatching","tech":"Onshore","commissioning_year":2017},"geometry":{"type":"Point","coordinates":[5.518,46.05]}},{"type":"Feature","properties":{"id":"ppm-fr-20849","name":"Montjean Wind Farm","capacity_mw":36.0,"fuel_type":"wind","status":"operational","precision":"approximate","source":"powerplantmatching v0.9.0, 2026-10-03 · Global Energy Monitor","source_url":"https://github.com/PyPSA/powerplantmatching","tech":"Onshore","commissioning_year":2016},"geometry":{"type":"Point","coordinates":[0.091,46.069]}},{"type":"Feature","properties":{"id":"ppm-fr-23178","name":"Ronchois Wind Farm","capacity_mw":36.0,"fuel_type":"wind","status":"operational","precision":"approximate","source":"powerplantmatching v0.9.0, 2026-10-03 · Global Energy Monitor","source_url":"https://github.com/PyPSA/powerplantmatching","tech":"Onshore","commissioning_year":2010},"geometry":{"type":"Point","coordinates":[1.616,49.712]}},{"type":"Feature","properties":{"id":"ppm-fr-23401","name":"Saint Hilaire","capacity_mw":36.0,"fuel_type":"hydro","status":"operational","precision":"approximate","source":"powerplantmatching v0.9.0, 2026-10-03 · Global Energy Monitor","source_url":"https://github.com/PyPSA/powerplantmatching","tech":"Reservoir","commissioning_year":1959},"geometry":{"type":"Point","coordinates":[5.227,45.076]}},{"type":"Feature","properties":{"id":"ppm-fr-6780","name":"Le Nitis Wind Farm","capacity_mw":35.8,"fuel_type":"wind","status":"operational","precision":"approximate","source":"powerplantmatching v0.9.0, 2026-10-03 · Global Energy Monitor, OpenStreetMap","source_url":"https://www.openstreetmap.org/relation/7986023","tech":"Onshore","commissioning_year":2017},"geometry":{"type":"Point","coordinates":[4.408,49.435]}},{"type":"Feature","properties":{"id":"ppm-fr-6739","name":"Les Plaines Wind Farm","capacity_mw":35.7,"fuel_type":"wind","status":"operational","precision":"approximate","source":"powerplantmatching v0.9.0, 2026-10-03 · Global Energy Monitor, OpenStreetMap","source_url":"https://www.openstreetmap.org/relation/14048789","tech":"Onshore","commissioning_year":2021},"geometry":{"type":"Point","coordinates":[2.549,49.426]}},{"type":"Feature","properties":{"id":"ppm-fr-6627","name":"Plaine Auzay Wind Farm","capacity_mw":35.6,"fuel_type":"wind","status":"operational","precision":"approximate","source":"powerplantmatching v0.9.0, 2026-10-03 · Global Energy Monitor, OpenStreetMap","source_url":"https://www.openstreetmap.org/relation/13253087","tech":"Onshore","commissioning_year":2021},"geometry":{"type":"Point","coordinates":[-0.893,46.45]}},{"type":"Feature","properties":{"id":"ppm-fr-6725","name":"Montane Solar","capacity_mw":35.6,"fuel_type":"solar","status":"operational","precision":"approximate","source":"powerplantmatching v0.9.0, 2026-10-03 · Global Energy Monitor, OpenStreetMap","source_url":"https://www.openstreetmap.org/relation/17965653","tech":"PV","commissioning_year":2017},"geometry":{"type":"Point","coordinates":[1.874,45.37]}},{"type":"Feature","properties":{"id":"ppm-fr-17600","name":"Hallencourt Wind Farm","capacity_mw":35.1,"fuel_type":"wind","status":"operational","precision":"approximate","source":"powerplantmatching v0.9.0, 2026-10-03 · Global Energy Monitor","source_url":"https://github.com/PyPSA/powerplantmatching","tech":"Onshore","commissioning_year":2020},"geometry":{"type":"Point","coordinates":[1.99,49.99]}},{"type":"Feature","properties":{"id":"ppm-fr-19794","name":"Lieramont Wind Farm","capacity_mw":35.1,"fuel_type":"wind","status":"operational","precision":"approximate","source":"powerplantmatching v0.9.0, 2026-10-03 · Global Energy Monitor","source_url":"https://github.com/PyPSA/powerplantmatching","tech":"Onshore","commissioning_year":2019},"geometry":{"type":"Point","coordinates":[3.141,50.111]}},{"type":"Feature","properties":{"id":"ppm-fr-534","name":"Enchanet","capacity_mw":35.0,"fuel_type":"hydro","status":"operational","precision":"approximate","source":"powerplantmatching v0.9.0, 2026-10-03 · Global Energy Monitor, JRC (European Commission), Global Hydropower Resources, WRI GPPD, OpenStreetMap, GEO","source_url":"https://www.openstreetmap.org/relation/8274669","tech":"Reservoir","commissioning_year":1950},"geometry":{"type":"Point","coordinates":[2.194,45.082]}},{"type":"Feature","properties":{"id":"ppm-fr-6823","name":"Lamativie","capacity_mw":35.0,"fuel_type":"hydro","status":"operational","precision":"approximate","source":"powerplantmatching v0.9.0, 2026-10-03 · Global Energy Monitor, OpenStreetMap","source_url":"https://www.openstreetmap.org/relation/8274334","tech":"Reservoir","commissioning_year":1990},"geometry":{"type":"Point","coordinates":[2.033,44.983]}},{"type":"Feature","properties":{"id":"ppm-fr-7174","name":"Fortel Bonnieres Wind Farm","capacity_mw":35.0,"fuel_type":"wind","status":"operational","precision":"approximate","source":"powerplantmatching v0.9.0, 2026-10-03 · Global Energy Monitor, OpenStreetMap","source_url":"https://www.openstreetmap.org/relation/20345510","tech":"Onshore","commissioning_year":2014},"geometry":{"type":"Point","coordinates":[2.23,50.248]}},{"type":"Feature","properties":{"id":"ppm-fr-7695","name":"Bel Air Wind Farm","capacity_mw":35.0,"fuel_type":"wind","status":"operational","precision":"approximate","source":"powerplantmatching v0.9.0, 2026-10-03 · Global Energy Monitor, OpenStreetMap","source_url":"https://www.openstreetmap.org/relation/11852380","tech":"Onshore","commissioning_year":2019},"geometry":{"type":"Point","coordinates":[-0.612,46.124]}},{"type":"Feature","properties":{"id":"ppm-fr-12815","name":"Arly","capacity_mw":35.0,"fuel_type":"hydro","status":"operational","precision":"approximate","source":"powerplantmatching v0.9.0, 2026-10-03 · Global Energy Monitor","source_url":"https://github.com/PyPSA/powerplantmatching","tech":"Reservoir","commissioning_year":1950},"geometry":{"type":"Point","coordinates":[6.434,45.752]}},{"type":"Feature","properties":{"id":"ppm-fr-15293","name":"Coindre","capacity_mw":35.0,"fuel_type":"hydro","status":"operational","precision":"approximate","source":"powerplantmatching v0.9.0, 2026-10-03 · Global Energy Monitor","source_url":"https://github.com/PyPSA/powerplantmatching","tech":"Reservoir","commissioning_year":1989},"geometry":{"type":"Point","coordinates":[2.667,45.354]}},{"type":"Feature","properties":{"id":"ppm-fr-16855","name":"Fond De","capacity_mw":35.0,"fuel_type":"hydro","status":"operational","precision":"approximate","source":"powerplantmatching v0.9.0, 2026-10-03 · Global Energy Monitor","source_url":"https://github.com/PyPSA/powerplantmatching","tech":"Reservoir","commissioning_year":1931},"geometry":{"type":"Point","coordinates":[6.074,45.279]}},{"type":"Feature","properties":{"id":"ppm-fr-19626","name":"Le Coin Malo Wind Farm","capacity_mw":35.0,"fuel_type":"wind","status":"operational","precision":"approximate","source":"powerplantmatching v0.9.0, 2026-10-03 · Global Energy Monitor","source_url":"https://github.com/PyPSA/powerplantmatching","tech":"Onshore","commissioning_year":2016},"geometry":{"type":"Point","coordinates":[1.553,50.048]}},{"type":"Feature","properties":{"id":"ppm-fr-21939","name":"Pays De Bray Wind Farm","capacity_mw":35.0,"fuel_type":"wind","status":"operational","precision":"approximate","source":"powerplantmatching v0.9.0, 2026-10-03 · Global Energy Monitor","source_url":"https://github.com/PyPSA/powerplantmatching","tech":"Onshore"},"geometry":{"type":"Point","coordinates":[1.513,49.808]}},{"type":"Feature","properties":{"id":"ppm-fr-22642","name":"Pradieres","capacity_mw":35.0,"fuel_type":"hydro","status":"operational","precision":"approximate","source":"powerplantmatching v0.9.0, 2026-10-03 · Global Energy Monitor","source_url":"https://github.com/PyPSA/powerplantmatching","tech":"Reservoir","commissioning_year":1940},"geometry":{"type":"Point","coordinates":[1.49,42.715]}},{"type":"Feature","properties":{"id":"ppm-fr-7666","name":"Arue Solar Farm","capacity_mw":34.4,"fuel_type":"solar","status":"operational","precision":"approximate","source":"powerplantmatching v0.9.0, 2026-10-03 · Global Energy Monitor, OpenStreetMap","source_url":"https://www.openstreetmap.org/relation/15867119","tech":"PV","commissioning_year":2021},"geometry":{"type":"Point","coordinates":[-0.308,44.075]}},{"type":"Feature","properties":{"id":"ppm-fr-3512","name":"Motz","capacity_mw":34.0,"fuel_type":"hydro","status":"operational","precision":"approximate","source":"powerplantmatching v0.9.0, 2026-10-03 · Global Energy Monitor, Global Hydropower Resources, OpenStreetMap","source_url":"https://www.openstreetmap.org/way/1035471499","tech":"Reservoir","commissioning_year":1970},"geometry":{"type":"Point","coordinates":[5.845,45.934]}},{"type":"Feature","properties":{"id":"ppm-fr-6583","name":"Petit Dore Wind Farm","capacity_mw":34.0,"fuel_type":"wind","status":"operational","precision":"approximate","source":"powerplantmatching v0.9.0, 2026-10-03 · Global Energy Monitor, OpenStreetMap","source_url":"https://www.openstreetmap.org/relation/17709959","tech":"Onshore","commissioning_year":2024},"geometry":{"type":"Point","coordinates":[-3.321,48.27]}},{"type":"Feature","properties":{"id":"ppm-fr-6648","name":"Montcornet Wind Farm","capacity_mw":34.0,"fuel_type":"wind","status":"operational","precision":"approximate","source":"powerplantmatching v0.9.0, 2026-10-03 · Global Energy Monitor, OpenStreetMap","source_url":"https://www.openstreetmap.org/relation/10768618","tech":"Onshore","commissioning_year":2007},"geometry":{"type":"Point","coordinates":[4.034,49.684]}},{"type":"Feature","properties":{"id":"ppm-fr-6673","name":"Migouelou","capacity_mw":34.0,"fuel_type":"hydro","status":"operational","precision":"approximate","source":"powerplantmatching v0.9.0, 2026-10-03 · Global Energy Monitor, OpenStreetMap","source_url":"https://www.openstreetmap.org/relation/9934788","tech":"Reservoir","commissioning_year":1959},"geometry":{"type":"Point","coordinates":[-0.273,42.886]}},{"type":"Feature","properties":{"id":"ppm-fr-6675","name":"Miroir Wind Farm","capacity_mw":34.0,"fuel_type":"wind","status":"operational","precision":"approximate","source":"powerplantmatching v0.9.0, 2026-10-03 · Global Energy Monitor, OpenStreetMap","source_url":"https://www.openstreetmap.org/relation/20345524","tech":"Onshore","commissioning_year":2010},"geometry":{"type":"Point","coordinates":[2.098,50.069]}},{"type":"Feature","properties":{"id":"ppm-fr-6713","name":"Lihus Wind Farm","capacity_mw":34.0,"fuel_type":"wind","status":"operational","precision":"approximate","source":"powerplantmatching v0.9.0, 2026-10-03 · Global Energy Monitor, OpenStreetMap","source_url":"https://www.openstreetmap.org/relation/10722299","tech":"Onshore","commissioning_year":2006},"geometry":{"type":"Point","coordinates":[2.043,49.592]}},{"type":"Feature","properties":{"id":"ppm-fr-7656","name":"Bois De La Serre Wind Farm","capacity_mw":34.0,"fuel_type":"wind","status":"operational","precision":"approximate","source":"powerplantmatching v0.9.0, 2026-10-03 · Global Energy Monitor, OpenStreetMap","source_url":"https://www.openstreetmap.org/relation/7992809","tech":"Onshore","commissioning_year":2014},"geometry":{"type":"Point","coordinates":[2.236,43.428]}},{"type":"Feature","properties":{"id":"ppm-fr-15103","name":"Chemin De Chene Wind Farm","capacity_mw":34.0,"fuel_type":"wind","status":"construction","precision":"approximate","source":"powerplantmatching v0.9.0, 2026-10-03 · Global Energy Monitor","source_url":"https://github.com/PyPSA/powerplantmatching","tech":"Onshore","commissioning_year":2026},"geometry":{"type":"Point","coordinates":[4.026,49.815]}},{"type":"Feature","properties":{"id":"ppm-fr-16457","name":"Eolteam Wind Farm","capacity_mw":34.0,"fuel_type":"wind","status":"operational","precision":"approximate","source":"powerplantmatching v0.9.0, 2026-10-03 · Global Energy Monitor","source_url":"https://github.com/PyPSA/powerplantmatching","tech":"Onshore","commissioning_year":2006},"geometry":{"type":"Point","coordinates":[4.413,48.829]}},{"type":"Feature","properties":{"id":"ppm-fr-19712","name":"Les Monts Chapelle Vallon Wind Farm","capacity_mw":34.0,"fuel_type":"wind","status":"operational","precision":"approximate","source":"powerplantmatching v0.9.0, 2026-10-03 · Global Energy Monitor","source_url":"https://github.com/PyPSA/powerplantmatching","tech":"Onshore","commissioning_year":2006},"geometry":{"type":"Point","coordinates":[4.051,48.415]}},{"type":"Feature","properties":{"id":"ppm-fr-21759","name":"Palaminy","capacity_mw":34.0,"fuel_type":"hydro","status":"operational","precision":"approximate","source":"powerplantmatching v0.9.0, 2026-10-03 · Global Energy Monitor","source_url":"https://github.com/PyPSA/powerplantmatching","tech":"Reservoir","commissioning_year":1960},"geometry":{"type":"Point","coordinates":[1.062,43.204]}},{"type":"Feature","properties":{"id":"ppm-fr-22568","name":"Pontru Wind Farm","capacity_mw":34.0,"fuel_type":"wind","status":"operational","precision":"approximate","source":"powerplantmatching v0.9.0, 2026-10-03 · Global Energy Monitor","source_url":"https://github.com/PyPSA/powerplantmatching","tech":"Onshore","commissioning_year":2012},"geometry":{"type":"Point","coordinates":[3.213,49.935]}},{"type":"Feature","properties":{"id":"ppm-fr-23553","name":"Sanguinet Confidentiel Solar Farm","capacity_mw":33.8,"fuel_type":"solar","status":"operational","precision":"approximate","source":"powerplantmatching v0.9.0, 2026-10-03 · Global Energy Monitor","source_url":"https://github.com/PyPSA/powerplantmatching","tech":"PV","commissioning_year":2017},"geometry":{"type":"Point","coordinates":[-1.076,44.483]}},{"type":"Feature","properties":{"id":"ppm-fr-14831","name":"Caudos Solar Farm","capacity_mw":33.4,"fuel_type":"solar","status":"operational","precision":"approximate","source":"powerplantmatching v0.9.0, 2026-10-03 · Global Energy Monitor","source_url":"https://github.com/PyPSA/powerplantmatching","tech":"PV","commissioning_year":2011},"geometry":{"type":"Point","coordinates":[-0.935,44.605]}},{"type":"Feature","properties":{"id":"ppm-fr-538","name":"Eget","capacity_mw":33.0,"fuel_type":"hydro","status":"operational","precision":"approximate","source":"powerplantmatching v0.9.0, 2026-10-03 · Global Energy Monitor, JRC (European Commission), Global Hydropower Resources, WRI GPPD, OpenStreetMap, GEO","source_url":"https://www.openstreetmap.org/relation/14450385","tech":"Reservoir","commissioning_year":1919},"geometry":{"type":"Point","coordinates":[0.261,42.791]}},{"type":"Feature","properties":{"id":"ppm-fr-725","name":"Marcillac","capacity_mw":33.0,"fuel_type":"hydro","status":"operational","precision":"approximate","source":"powerplantmatching v0.9.0, 2026-10-03 · Global Energy Monitor, JRC (European Commission), Global Hydropower Resources, WRI GPPD, GEO","source_url":"https://github.com/PyPSA/powerplantmatching","tech":"Reservoir","commissioning_year":1949},"geometry":{"type":"Point","coordinates":[2.038,45.215]}},{"type":"Feature","properties":{"id":"ppm-fr-6628","name":"Plaine De Courance Wind Farm","capacity_mw":33.0,"fuel_type":"wind","status":"operational","precision":"approximate","source":"powerplantmatching v0.9.0, 2026-10-03 · Global Energy Monitor, OpenStreetMap","source_url":"https://www.openstreetmap.org/relation/16055036","tech":"Onshore","commissioning_year":2023},"geometry":{"type":"Point","coordinates":[-0.487,46.174]}},{"type":"Feature","properties":{"id":"ppm-fr-6653","name":"Monts Du Lomont Wind Farm","capacity_mw":33.0,"fuel_type":"wind","status":"operational","precision":"approximate","source":"powerplantmatching v0.9.0, 2026-10-03 · Global Energy Monitor, OpenStreetMap","source_url":"https://www.openstreetmap.org/relation/10068610","tech":"Onshore","commissioning_year":2015},"geometry":{"type":"Point","coordinates":[6.558,47.35]}},{"type":"Feature","properties":{"id":"ppm-fr-6808","name":"Landes De Couesme Wind Farm","capacity_mw":33.0,"fuel_type":"wind","status":"operational","precision":"approximate","source":"powerplantmatching v0.9.0, 2026-10-03 · Global Energy Monitor, OpenStreetMap","source_url":"https://www.openstreetmap.org/relation/13105350","tech":"Onshore","commissioning_year":2012},"geometry":{"type":"Point","coordinates":[-2.22,47.774]}},{"type":"Feature","properties":{"id":"ppm-fr-6828","name":"Les Beaux Monts Wind Farm","capacity_mw":33.0,"fuel_type":"wind","status":"operational","precision":"approximate","source":"powerplantmatching v0.9.0, 2026-10-03 · Global Energy Monitor, OpenStreetMap","source_url":"https://www.openstreetmap.org/relation/17068025","tech":"Onshore","commissioning_year":2023},"geometry":{"type":"Point","coordinates":[3.388,47.95]}},{"type":"Feature","properties":{"id":"ppm-fr-14274","name":"Carla","capacity_mw":33.0,"fuel_type":"hydro","status":"operational","precision":"approximate","source":"powerplantmatching v0.9.0, 2026-10-03 · Global Energy Monitor","source_url":"https://github.com/PyPSA/powerplantmatching","tech":"Reservoir","commissioning_year":1958},"geometry":{"type":"Point","coordinates":[2.325,43.647]}},{"type":"Feature","properties":{"id":"ppm-fr-19239","name":"La Feuillane Solar Farm","capacity_mw":33.0,"fuel_type":"solar","status":"operational","precision":"approximate","source":"powerplantmatching v0.9.0, 2026-10-03 · Global Energy Monitor","source_url":"https://github.com/PyPSA/powerplantmatching","tech":"PV","commissioning_year":2022},"geometry":{"type":"Point","coordinates":[4.994,43.581]}},{"type":"Feature","properties":{"id":"ppm-fr-21831","name":"Parc Pv Arpheuilles Solar","capacity_mw":33.0,"fuel_type":"solar","status":"operational","precision":"approximate","source":"powerplantmatching v0.9.0, 2026-10-03 · Global Energy Monitor","source_url":"https://github.com/PyPSA/powerplantmatching","tech":"PV","commissioning_year":2024},"geometry":{"type":"Point","coordinates":[2.563,46.78]}},{"type":"Feature","properties":{"id":"ppm-fr-22359","name":"Plateau De Gres Wind Farm","capacity_mw":33.0,"fuel_type":"wind","status":"operational","precision":"approximate","source":"powerplantmatching v0.9.0, 2026-10-03 · Global Energy Monitor","source_url":"https://github.com/PyPSA/powerplantmatching","tech":"Onshore"},"geometry":{"type":"Point","coordinates":[3.193,43.805]}},{"type":"Feature","properties":{"id":"ppm-fr-23774","name":"Sethelec Saillat","capacity_mw":33.0,"fuel_type":"gas","status":"operational","precision":"approximate","source":"powerplantmatching v0.9.0, 2026-10-03 · Global Energy Monitor","source_url":"https://github.com/PyPSA/powerplantmatching","commissioning_year":2005},"geometry":{"type":"Point","coordinates":[0.836,45.871]}},{"type":"Feature","properties":{"id":"ppm-fr-25439","name":"Valabres","capacity_mw":33.0,"fuel_type":"hydro","status":"operational","precision":"approximate","source":"powerplantmatching v0.9.0, 2026-10-03 · Global Energy Monitor","source_url":"https://github.com/PyPSA/powerplantmatching","tech":"Run-Of-River","commissioning_year":1957},"geometry":{"type":"Point","coordinates":[7.093,44.126]}},{"type":"Feature","properties":{"id":"ppm-fr-7224","name":"Daigny Solar Farm","capacity_mw":32.9,"fuel_type":"solar","status":"operational","precision":"approximate","source":"powerplantmatching v0.9.0, 2026-10-03 · Global Energy Monitor, OpenStreetMap","source_url":"https://www.openstreetmap.org/way/1453463281","tech":"PV","commissioning_year":2025},"geometry":{"type":"Point","coordinates":[5.006,49.706]}},{"type":"Feature","properties":{"id":"ppm-fr-16463","name":"Epine Solar Farm","capacity_mw":32.6,"fuel_type":"solar","status":"operational","precision":"approximate","source":"powerplantmatching v0.9.0, 2026-10-03 · Global Energy Monitor","source_url":"https://github.com/PyPSA/powerplantmatching","tech":"PV","commissioning_year":2024},"geometry":{"type":"Point","coordinates":[4.445,49.003]}},{"type":"Feature","properties":{"id":"ppm-fr-6805","name":"Le Boutonnier Wind Farm","capacity_mw":32.4,"fuel_type":"wind","status":"operational","precision":"approximate","source":"powerplantmatching v0.9.0, 2026-10-03 · Global Energy Monitor, OpenStreetMap","source_url":"https://www.openstreetmap.org/relation/6902145","tech":"Onshore","commissioning_year":2005},"geometry":{"type":"Point","coordinates":[5.472,48.651]}},{"type":"Feature","properties":{"id":"ppm-fr-20777","name":"Mont Benhaut Wind Farm","capacity_mw":32.4,"fuel_type":"wind","status":"operational","precision":"approximate","source":"powerplantmatching v0.9.0, 2026-10-03 · Global Energy Monitor","source_url":"https://github.com/PyPSA/powerplantmatching","tech":"Onshore"},"geometry":{"type":"Point","coordinates":[3.587,49.759]}},{"type":"Feature","properties":{"id":"ppm-fr-20924","name":"Moulins Du Bois Wind Farm","capacity_mw":32.4,"fuel_type":"wind","status":"operational","precision":"approximate","source":"powerplantmatching v0.9.0, 2026-10-03 · Global Energy Monitor","source_url":"https://github.com/PyPSA/powerplantmatching","tech":"Onshore","commissioning_year":2024},"geometry":{"type":"Point","coordinates":[5.044,47.002]}},{"type":"Feature","properties":{"id":"ppm-fr-24883","name":"Terres Du Pre Rene Wind Farm","capacity_mw":32.4,"fuel_type":"wind","status":"operational","precision":"approximate","source":"powerplantmatching v0.9.0, 2026-10-03 · Global Energy Monitor","source_url":"https://github.com/PyPSA/powerplantmatching","tech":"Onshore","commissioning_year":2021},"geometry":{"type":"Point","coordinates":[-0.528,46.083]}},{"type":"Feature","properties":{"id":"ppm-fr-6682","name":"Melagues Le Ferrio Wind Farm","capacity_mw":32.2,"fuel_type":"wind","status":"operational","precision":"approximate","source":"powerplantmatching v0.9.0, 2026-10-03 · Global Energy Monitor, OpenStreetMap","source_url":"https://www.openstreetmap.org/relation/15355491","tech":"Onshore","commissioning_year":2022},"geometry":{"type":"Point","coordinates":[2.947,43.722]}},{"type":"Feature","properties":{"id":"ppm-fr-668","name":"Tuilieres","capacity_mw":32.0,"fuel_type":"hydro","status":"operational","precision":"approximate","source":"powerplantmatching v0.9.0, 2026-10-03 · Global Energy Monitor, JRC (European Commission), Global Hydropower Resources, WRI GPPD, GEO","source_url":"https://github.com/PyPSA/powerplantmatching","tech":"Run-Of-River","commissioning_year":1908},"geometry":{"type":"Point","coordinates":[0.634,44.845]}},{"type":"Feature","properties":{"id":"ppm-fr-751","name":"Allement","capacity_mw":32.0,"fuel_type":"hydro","status":"operational","precision":"approximate","source":"powerplantmatching v0.9.0, 2026-10-03 · Global Energy Monitor, JRC (European Commission), Global Hydropower Resources, WRI GPPD, GEO","source_url":"https://github.com/PyPSA/powerplantmatching","tech":"Reservoir","commissioning_year":1960},"geometry":{"type":"Point","coordinates":[5.422,46.112]}},{"type":"Feature","properties":{"id":"ppm-fr-1143","name":"Grangent","capacity_mw":32.0,"fuel_type":"hydro","status":"operational","precision":"approximate","source":"powerplantmatching v0.9.0, 2026-10-03 · Global Energy Monitor, JRC (European Commission), Global Hydropower Resources, WRI GPPD, GEO","source_url":"https://github.com/PyPSA/powerplantmatching","tech":"Reservoir","commissioning_year":1957},"geometry":{"type":"Point","coordinates":[4.248,45.467]}},{"type":"Feature","properties":{"id":"ppm-fr-6354","name":"Vesta Waste To Energy","capacity_mw":32.0,"fuel_type":"waste","status":"operational","precision":"approximate","source":"powerplantmatching v0.9.0, 2026-10-03 · Global Energy Monitor, OpenStreetMap","source_url":"https://www.openstreetmap.org/way/442876139","tech":"CCGT","commissioning_year":2000},"geometry":{"type":"Point","coordinates":[1.032,49.429]}},{"type":"Feature","properties":{"id":"ppm-fr-6363","name":"Vaux Coulommes Wind Farm","capacity_mw":32.0,"fuel_type":"wind","status":"operational","precision":"approximate","source":"powerplantmatching v0.9.0, 2026-10-03 · Global Energy Monitor, OpenStreetMap","source_url":"https://www.openstreetmap.org/relation/7985959","tech":"Onshore","commissioning_year":2014},"geometry":{"type":"Point","coordinates":[4.55,49.422]}},{"type":"Feature","properties":{"id":"ppm-fr-6379","name":"Usson Bouresse Wind Farm","capacity_mw":32.0,"fuel_type":"wind","status":"operational","precision":"approximate","source":"powerplantmatching v0.9.0, 2026-10-03 · Global Energy Monitor, OpenStreetMap","source_url":"https://www.openstreetmap.org/relation/10020161","tech":"Onshore","commissioning_year":2017},"geometry":{"type":"Point","coordinates":[0.559,46.315]}},{"type":"Feature","properties":{"id":"ppm-fr-6424","name":"Seine Rive Gauche Wind Farm","capacity_mw":32.0,"fuel_type":"wind","status":"operational","precision":"approximate","source":"powerplantmatching v0.9.0, 2026-10-03 · Global Energy Monitor, OpenStreetMap","source_url":"https://www.openstreetmap.org/relation/7985969","tech":"Onshore","commissioning_year":2012},"geometry":{"type":"Point","coordinates":[3.934,48.384]}},{"type":"Feature","properties":{"id":"ppm-fr-6429","name":"Seuil De Bapaume Wind Farm","capacity_mw":32.0,"fuel_type":"wind","status":"operational","precision":"approximate","source":"powerplantmatching v0.9.0, 2026-10-03 · Global Energy Monitor, OpenStreetMap","source_url":"https://www.openstreetmap.org/relation/13260349","tech":"Onshore","commissioning_year":2014},"geometry":{"type":"Point","coordinates":[2.891,50.053]}},{"type":"Feature","properties":{"id":"ppm-fr-6555","name":"Plaine Osne Wind Farm","capacity_mw":32.0,"fuel_type":"wind","status":"operational","precision":"approximate","source":"powerplantmatching v0.9.0, 2026-10-03 · Global Energy Monitor, OpenStreetMap","source_url":"https://www.openstreetmap.org/relation/14375359","tech":"Onshore","commissioning_year":2020},"geometry":{"type":"Point","coordinates":[5.206,48.483]}},{"type":"Feature","properties":{"id":"ppm-fr-6693","name":"Neuil Sur Autise Wind Farm","capacity_mw":32.0,"fuel_type":"wind","status":"operational","precision":"approximate","source":"powerplantmatching v0.9.0, 2026-10-03 · Global Energy Monitor, OpenStreetMap","source_url":"https://www.openstreetmap.org/relation/10121953","tech":"Onshore","commissioning_year":2018},"geometry":{"type":"Point","coordinates":[-0.664,46.431]}},{"type":"Feature","properties":{"id":"ppm-fr-6850","name":"Le Haut Plateau Wind Farm","capacity_mw":32.0,"fuel_type":"wind","status":"operational","precision":"approximate","source":"powerplantmatching v0.9.0, 2026-10-03 · Global Energy Monitor, OpenStreetMap","source_url":"https://www.openstreetmap.org/relation/13594714","tech":"Onshore","commissioning_year":2021},"geometry":{"type":"Point","coordinates":[2.892,49.871]}},{"type":"Feature","properties":{"id":"ppm-fr-6916","name":"La Centrale Solaire Pv De Mesnier Chez Solar Farm","capacity_mw":32.0,"fuel_type":"solar","status":"operational","precision":"approximate","source":"powerplantmatching v0.9.0, 2026-10-03 · Global Energy Monitor, OpenStreetMap","source_url":"https://www.openstreetmap.org/way/1419742373","tech":"PV","commissioning_year":2024},"geometry":{"type":"Point","coordinates":[2.57,46.885]}},{"type":"Feature","properties":{"id":"ppm-fr-7195","name":"Eplessier Wind Farm","capacity_mw":32.0,"fuel_type":"wind","status":"operational","precision":"approximate","source":"powerplantmatching v0.9.0, 2026-10-03 · Global Energy Monitor, OpenStreetMap","source_url":"https://www.openstreetmap.org/relation/7952582","tech":"Onshore","commissioning_year":2016},"geometry":{"type":"Point","coordinates":[1.905,49.79]}},{"type":"Feature","properties":{"id":"ppm-fr-7231","name":"Demange Wind Farm","capacity_mw":32.0,"fuel_type":"wind","status":"operational","precision":"approximate","source":"powerplantmatching v0.9.0, 2026-10-03 · Global Energy Monitor, OpenStreetMap","source_url":"https://www.openstreetmap.org/relation/10722314","tech":"Onshore","commissioning_year":2005},"geometry":{"type":"Point","coordinates":[5.48,48.6]}},{"type":"Feature","properties":{"id":"ppm-fr-14146","name":"Caen Garcelles Wind Farm","capacity_mw":32.0,"fuel_type":"wind","status":"operational","precision":"approximate","source":"powerplantmatching v0.9.0, 2026-10-03 · Global Energy Monitor","source_url":"https://github.com/PyPSA/powerplantmatching","tech":"Onshore","commissioning_year":2007},"geometry":{"type":"Point","coordinates":[-0.288,49.094]}},{"type":"Feature","properties":{"id":"ppm-fr-17416","name":"Grenade Confidentiel Solar Farm","capacity_mw":32.0,"fuel_type":"solar","status":"operational","precision":"approximate","source":"powerplantmatching v0.9.0, 2026-10-03 · Global Energy Monitor","source_url":"https://github.com/PyPSA/powerplantmatching","tech":"PV","commissioning_year":2020},"geometry":{"type":"Point","coordinates":[1.293,43.772]}},{"type":"Feature","properties":{"id":"ppm-fr-19621","name":"Le Champ Feuillant Wind Farm","capacity_mw":32.0,"fuel_type":"wind","status":"operational","precision":"approximate","source":"powerplantmatching v0.9.0, 2026-10-03 · Global Energy Monitor","source_url":"https://github.com/PyPSA/powerplantmatching","tech":"Onshore","commissioning_year":2018},"geometry":{"type":"Point","coordinates":[2.507,49.606]}},{"type":"Feature","properties":{"id":"ppm-fr-25845","name":"Vintrou","capacity_mw":32.0,"fuel_type":"hydro","status":"operational","precision":"approximate","source":"powerplantmatching v0.9.0, 2026-10-03 · Global Energy Monitor","source_url":"https://github.com/PyPSA/powerplantmatching","tech":"Reservoir","commissioning_year":1935},"geometry":{"type":"Point","coordinates":[2.458,43.519]}},{"type":"Feature","properties":{"id":"ppm-fr-14980","name":"Centrale Solaire Rt Solar Farm","capacity_mw":31.8,"fuel_type":"solar","status":"operational","precision":"approximate","source":"powerplantmatching v0.9.0, 2026-10-03 · Global Energy Monitor","source_url":"https://github.com/PyPSA/powerplantmatching","tech":"PV","commissioning_year":2020},"geometry":{"type":"Point","coordinates":[-0.593,43.37]}},{"type":"Feature","properties":{"id":"ppm-fr-6741","name":"Les Puyats Wind Farm","capacity_mw":31.7,"fuel_type":"wind","status":"operational","precision":"approximate","source":"powerplantmatching v0.9.0, 2026-10-03 · Global Energy Monitor, OpenStreetMap","source_url":"https://www.openstreetmap.org/relation/14357015","tech":"Onshore","commissioning_year":2021},"geometry":{"type":"Point","coordinates":[4.006,48.6]}},{"type":"Feature","properties":{"id":"ppm-fr-20540","name":"Mezos Confidentiel Solar Farm","capacity_mw":31.4,"fuel_type":"solar","status":"operational","precision":"approximate","source":"powerplantmatching v0.9.0, 2026-10-03 · Global Energy Monitor","source_url":"https://github.com/PyPSA/powerplantmatching","tech":"PV","commissioning_year":2011},"geometry":{"type":"Point","coordinates":[-1.165,44.079]}},{"type":"Feature","properties":{"id":"ppm-fr-6448","name":"Saint Quentinois Wind Farm","capacity_mw":31.3,"fuel_type":"wind","status":"operational","precision":"approximate","source":"powerplantmatching v0.9.0, 2026-10-03 · Global Energy Monitor, OpenStreetMap","source_url":"https://www.openstreetmap.org/relation/15587379","tech":"Onshore","commissioning_year":2022},"geometry":{"type":"Point","coordinates":[3.408,49.834]}},{"type":"Feature","properties":{"id":"ppm-fr-15499","name":"Cren Solar Farm","capacity_mw":31.2,"fuel_type":"solar","status":"operational","precision":"approximate","source":"powerplantmatching v0.9.0, 2026-10-03 · Global Energy Monitor","source_url":"https://github.com/PyPSA/powerplantmatching","tech":"PV","commissioning_year":2021},"geometry":{"type":"Point","coordinates":[5.565,43.643]}},{"type":"Feature","properties":{"id":"ppm-fr-7159","name":"Goudelancourt Wind Farm","capacity_mw":31.1,"fuel_type":"wind","status":"operational","precision":"approximate","source":"powerplantmatching v0.9.0, 2026-10-03 · Global Energy Monitor, OpenStreetMap","source_url":"https://www.openstreetmap.org/relation/10078039","tech":"Onshore","commissioning_year":2018},"geometry":{"type":"Point","coordinates":[3.841,49.696]}},{"type":"Feature","properties":{"id":"ppm-fr-518","name":"Vinon","capacity_mw":31.0,"fuel_type":"hydro","status":"operational","precision":"approximate","source":"powerplantmatching v0.9.0, 2026-10-03 · Global Energy Monitor, JRC (European Commission), Global Hydropower Resources, WRI GPPD, OpenStreetMap, GEO","source_url":"https://www.openstreetmap.org/way/423730652","tech":"Reservoir","commissioning_year":1967},"geometry":{"type":"Point","coordinates":[5.827,43.725]}},{"type":"Feature","properties":{"id":"ppm-fr-1893","name":"Lau Balagnas","capacity_mw":31.0,"fuel_type":"hydro","status":"operational","precision":"approximate","source":"powerplantmatching v0.9.0, 2026-10-03 · Global Energy Monitor, JRC (European Commission), Global Hydropower Resources, OpenStreetMap","source_url":"https://www.openstreetmap.org/relation/9991278","tech":"Reservoir","commissioning_year":1952},"geometry":{"type":"Point","coordinates":[-0.1,42.997]}},{"type":"Feature","properties":{"id":"ppm-fr-6447","name":"Treignac","capacity_mw":31.0,"fuel_type":"hydro","status":"operational","precision":"approximate","source":"powerplantmatching v0.9.0, 2026-10-03 · Global Energy Monitor, OpenStreetMap","source_url":"https://www.openstreetmap.org/relation/8763713","tech":"Reservoir","commissioning_year":1950},"geometry":{"type":"Point","coordinates":[1.76,45.534]}},{"type":"Feature","properties":{"id":"ppm-fr-6704","name":"Longchamps Nohant En Gracay Wind Farm","capacity_mw":31.0,"fuel_type":"wind","status":"operational","precision":"approximate","source":"powerplantmatching v0.9.0, 2026-10-03 · Global Energy Monitor, OpenStreetMap","source_url":"https://www.openstreetmap.org/relation/7320896","tech":"Onshore","commissioning_year":2011},"geometry":{"type":"Point","coordinates":[1.945,47.122]}},{"type":"Feature","properties":{"id":"ppm-fr-6734","name":"Mont De Treme Wind Farm","capacity_mw":31.0,"fuel_type":"wind","status":"operational","precision":"approximate","source":"powerplantmatching v0.9.0, 2026-10-03 · Global Energy Monitor, OpenStreetMap","source_url":"https://www.openstreetmap.org/relation/10762995","tech":"Onshore","commissioning_year":2019},"geometry":{"type":"Point","coordinates":[2.601,49.73]}},{"type":"Feature","properties":{"id":"ppm-fr-7167","name":"Gedre","capacity_mw":31.0,"fuel_type":"hydro","status":"operational","precision":"approximate","source":"powerplantmatching v0.9.0, 2026-10-03 · Global Energy Monitor, OpenStreetMap","source_url":"https://www.openstreetmap.org/relation/10386937","tech":"Reservoir","commissioning_year":1952},"geometry":{"type":"Point","coordinates":[0.019,42.786]}},{"type":"Feature","properties":{"id":"ppm-fr-7390","name":"Champagne Berrichone Wind Farm","capacity_mw":31.0,"fuel_type":"wind","status":"operational","precision":"approximate","source":"powerplantmatching v0.9.0, 2026-10-03 · Global Energy Monitor, OpenStreetMap","source_url":"https://www.openstreetmap.org/relation/10109342","tech":"Onshore","commissioning_year":2017},"geometry":{"type":"Point","coordinates":[1.925,46.813]}},{"type":"Feature","properties":{"id":"ppm-fr-7723","name":"Aulnois Sur Seille Fossieux Wind Farm","capacity_mw":31.0,"fuel_type":"wind","status":"operational","precision":"approximate","source":"powerplantmatching v0.9.0, 2026-10-03 · Global Energy Monitor, OpenStreetMap","source_url":"https://www.openstreetmap.org/relation/10117996","tech":"Onshore","commissioning_year":2017},"geometry":{"type":"Point","coordinates":[6.366,48.853]}},{"type":"Feature","properties":{"id":"ppm-fr-12121","name":"Achiet Le Petit Wind Farm","capacity_mw":31.0,"fuel_type":"wind","status":"operational","precision":"approximate","source":"powerplantmatching v0.9.0, 2026-10-03 · Global Energy Monitor","source_url":"https://github.com/PyPSA/powerplantmatching","tech":"Onshore","commissioning_year":2012},"geometry":{"type":"Point","coordinates":[2.796,50.142]}},{"type":"Feature","properties":{"id":"ppm-fr-13790","name":"Bors Canton De Tude Et Lavalette Confidentiel Solar Farm","capacity_mw":31.0,"fuel_type":"solar","status":"operational","precision":"approximate","source":"powerplantmatching v0.9.0, 2026-10-03 · Global Energy Monitor","source_url":"https://github.com/PyPSA/powerplantmatching","tech":"PV","commissioning_year":2022},"geometry":{"type":"Point","coordinates":[0.097,45.667]}},{"type":"Feature","properties":{"id":"ppm-fr-15260","name":"Claye Souilly","capacity_mw":31.0,"fuel_type":"biomass","status":"operational","precision":"approximate","source":"powerplantmatching v0.9.0, 2026-10-03 · Global Energy Monitor","source_url":"https://github.com/PyPSA/powerplantmatching","commissioning_year":2005},"geometry":{"type":"Point","coordinates":[2.736,48.949]}},{"type":"Feature","properties":{"id":"ppm-fr-7635","name":"Beaucaire Solar Farm","capacity_mw":30.4,"fuel_type":"solar","status":"operational","precision":"approximate","source":"powerplantmatching v0.9.0, 2026-10-03 · Global Energy Monitor, OpenStreetMap","source_url":"https://www.openstreetmap.org/way/1015338996","tech":"PV","commissioning_year":2016},"geometry":{"type":"Point","coordinates":[4.638,43.792]}},{"type":"Feature","properties":{"id":"ppm-fr-3392","name":"Cap Decouverte Solar Farm","capacity_mw":30.2,"fuel_type":"solar","status":"operational","precision":"approximate","source":"powerplantmatching v0.9.0, 2026-10-03 · Global Energy Monitor, WRI GPPD, OpenStreetMap","source_url":"https://www.openstreetmap.org/relation/10729671","tech":"PV","commissioning_year":2016},"geometry":{"type":"Point","coordinates":[2.06,43.782]}},{"type":"Feature","properties":{"id":"ppm-fr-536","name":"La Brillanne","capacity_mw":30.0,"fuel_type":"hydro","status":"operational","precision":"approximate","source":"powerplantmatching v0.9.0, 2026-10-03 · Global Energy Monitor, JRC (European Commission), Global Hydropower Resources, WRI GPPD, OpenStreetMap, GEO","source_url":"https://www.openstreetmap.org/way/92560514","tech":"Reservoir","commissioning_year":1906},"geometry":{"type":"Point","coordinates":[5.864,43.877]}},{"type":"Feature","properties":{"id":"ppm-fr-722","name":"Lac Oo","capacity_mw":30.0,"fuel_type":"hydro","status":"operational","precision":"approximate","source":"powerplantmatching v0.9.0, 2026-10-03 · Global Energy Monitor, JRC (European Commission), Global Hydropower Resources, WRI GPPD, GEO","source_url":"https://github.com/PyPSA/powerplantmatching","tech":"Reservoir","commissioning_year":1921},"geometry":{"type":"Point","coordinates":[0.491,42.744]}},{"type":"Feature","properties":{"id":"ppm-fr-6559","name":"Plateau De Cabalas Wind Farm","capacity_mw":30.0,"fuel_type":"wind","status":"operational","precision":"approximate","source":"powerplantmatching v0.9.0, 2026-10-03 · Global Energy Monitor, OpenStreetMap","source_url":"https://www.openstreetmap.org/relation/7992799","tech":"Onshore","commissioning_year":2017},"geometry":{"type":"Point","coordinates":[3.212,43.754]}},{"type":"Feature","properties":{"id":"ppm-fr-6680","name":"Meaux","capacity_mw":30.0,"fuel_type":"gas","status":"operational","precision":"approximate","source":"powerplantmatching v0.9.0, 2026-10-03 · Global Energy Monitor, OpenStreetMap","source_url":"https://www.openstreetmap.org/node/7236112860","tech":"Steam Turbine","commissioning_year":1999},"geometry":{"type":"Point","coordinates":[2.907,48.953]}},{"type":"Feature","properties":{"id":"ppm-fr-6684","name":"Menil Annelles Wind Farm","capacity_mw":30.0,"fuel_type":"wind","status":"operational","precision":"approximate","source":"powerplantmatching v0.9.0, 2026-10-03 · Global Energy Monitor, OpenStreetMap","source_url":"https://www.openstreetmap.org/relation/12799905","tech":"Onshore","commissioning_year":2015},"geometry":{"type":"Point","coordinates":[4.453,49.445]}},{"type":"Feature","properties":{"id":"ppm-fr-6843","name":"La Croisette Wind Farm","capacity_mw":30.0,"fuel_type":"wind","status":"operational","precision":"approximate","source":"powerplantmatching v0.9.0, 2026-10-03 · Global Energy Monitor, OpenStreetMap","source_url":"https://www.openstreetmap.org/relation/2622875","tech":"Onshore","commissioning_year":2012},"geometry":{"type":"Point","coordinates":[2.405,49.563]}},{"type":"Feature","properties":{"id":"ppm-fr-6889","name":"La Planesie Wind Farm","capacity_mw":30.0,"fuel_type":"wind","status":"operational","precision":"approximate","source":"powerplantmatching v0.9.0, 2026-10-03 · Global Energy Monitor, OpenStreetMap","source_url":"https://www.openstreetmap.org/relation/10767357","tech":"Onshore","commissioning_year":2006},"geometry":{"type":"Point","coordinates":[2.89,43.65]}},{"type":"Feature","properties":{"id":"ppm-fr-7156","name":"Glenay Wind Farm","capacity_mw":30.0,"fuel_type":"wind","status":"operational","precision":"approximate","source":"powerplantmatching v0.9.0, 2026-10-03 · Global Energy Monitor, OpenStreetMap","source_url":"https://www.openstreetmap.org/relation/10124350","tech":"Onshore","commissioning_year":2016},"geometry":{"type":"Point","coordinates":[-0.22,46.865]}},{"type":"Feature","properties":{"id":"ppm-fr-7290","name":"Coesmes Wind Farm","capacity_mw":30.0,"fuel_type":"wind","status":"operational","precision":"approximate","source":"powerplantmatching v0.9.0, 2026-10-03 · Global Energy Monitor, OpenStreetMap","source_url":"https://www.openstreetmap.org/relation/10073071","tech":"Onshore","commissioning_year":2018},"geometry":{"type":"Point","coordinates":[-1.426,47.874]}},{"type":"Feature","properties":{"id":"ppm-fr-7486","name":"Bois De Morval Wind Farm","capacity_mw":30.0,"fuel_type":"wind","status":"operational","precision":"approximate","source":"powerplantmatching v0.9.0, 2026-10-03 · Global Energy Monitor, OpenStreetMap","source_url":"https://www.openstreetmap.org/relation/10704977","tech":"Onshore","commissioning_year":2011},"geometry":{"type":"Point","coordinates":[1.925,50.352]}},{"type":"Feature","properties":{"id":"ppm-fr-7759","name":"Alizay Paper Mill","capacity_mw":30.0,"fuel_type":"biomass","status":"operational","precision":"approximate","source":"powerplantmatching v0.9.0, 2026-10-03 · Global Energy Monitor, OpenStreetMap","source_url":"https://www.openstreetmap.org/node/6758479430","tech":"CCGT","commissioning_year":2021},"geometry":{"type":"Point","coordinates":[1.184,49.309]}},{"type":"Feature","properties":{"id":"ppm-fr-12393","name":"Allerey Wind Farm","capacity_mw":30.0,"fuel_type":"wind","status":"operational","precision":"approximate","source":"powerplantmatching v0.9.0, 2026-10-03 · Global Energy Monitor","source_url":"https://github.com/PyPSA/powerplantmatching","tech":"Onshore","commissioning_year":2022},"geometry":{"type":"Point","coordinates":[4.433,47.204]}},{"type":"Feature","properties":{"id":"ppm-fr-12916","name":"Aunis Wind Farm","capacity_mw":30.0,"fuel_type":"wind","status":"operational","precision":"approximate","source":"powerplantmatching v0.9.0, 2026-10-03 · Global Energy Monitor","source_url":"https://github.com/PyPSA/powerplantmatching","tech":"Onshore","commissioning_year":2017},"geometry":{"type":"Point","coordinates":[-0.873,46.241]}},{"type":"Feature","properties":{"id":"ppm-fr-13385","name":"Beyssac","capacity_mw":30.0,"fuel_type":"hydro","status":"operational","precision":"approximate","source":"powerplantmatching v0.9.0, 2026-10-03 · Global Energy Monitor","source_url":"https://github.com/PyPSA/powerplantmatching","tech":"Reservoir","commissioning_year":1965},"geometry":{"type":"Point","coordinates":[3.965,44.486]}},{"type":"Feature","properties":{"id":"ppm-fr-14328","name":"Cast Wind Farm","capacity_mw":30.0,"fuel_type":"wind","status":"operational","precision":"approximate","source":"powerplantmatching v0.9.0, 2026-10-03 · Global Energy Monitor","source_url":"https://github.com/PyPSA/powerplantmatching","tech":"Onshore","commissioning_year":2006},"geometry":{"type":"Point","coordinates":[-4.104,48.169]}},{"type":"Feature","properties":{"id":"ppm-fr-16305","name":"Efgl Wind Farm","capacity_mw":30.0,"fuel_type":"wind","status":"construction","precision":"approximate","source":"powerplantmatching v0.9.0, 2026-10-03 · Global Energy Monitor","source_url":"https://github.com/PyPSA/powerplantmatching","tech":"Offshore","commissioning_year":2026},"geometry":{"type":"Point","coordinates":[3.472,42.847]}},{"type":"Feature","properties":{"id":"ppm-fr-16456","name":"Eolmed Floating Wind Farm","capacity_mw":30.0,"fuel_type":"wind","status":"operational","precision":"approximate","source":"powerplantmatching v0.9.0, 2026-10-03 · Global Energy Monitor","source_url":"https://github.com/PyPSA/powerplantmatching","tech":"Offshore"},"geometry":{"type":"Point","coordinates":[3.418,43.029]}},{"type":"Feature","properties":{"id":"ppm-fr-19219","name":"La Bessiere Wind Farm","capacity_mw":30.0,"fuel_type":"wind","status":"operational","precision":"approximate","source":"powerplantmatching v0.9.0, 2026-10-03 · Global Energy Monitor","source_url":"https://github.com/PyPSA/powerplantmatching","tech":"Onshore","commissioning_year":2013},"geometry":{"type":"Point","coordinates":[2.861,43.674]}},{"type":"Feature","properties":{"id":"ppm-fr-20329","name":"Marigny Solar Farm","capacity_mw":30.0,"fuel_type":"solar","status":"operational","precision":"approximate","source":"powerplantmatching v0.9.0, 2026-10-03 · Global Energy Monitor","source_url":"https://github.com/PyPSA/powerplantmatching","tech":"PV","commissioning_year":2021},"geometry":{"type":"Point","coordinates":[-1.246,49.106]}},{"type":"Feature","properties":{"id":"ppm-fr-22346","name":"Plainchamp Wind Farm","capacity_mw":30.0,"fuel_type":"wind","status":"operational","precision":"approximate","source":"powerplantmatching v0.9.0, 2026-10-03 · Global Energy Monitor","source_url":"https://github.com/PyPSA/powerplantmatching","tech":"Onshore","commissioning_year":2009},"geometry":{"type":"Point","coordinates":[5.382,48.663]}},{"type":"Feature","properties":{"id":"ppm-fr-22999","name":"Rembercourt Sommaisne Wind Farm","capacity_mw":30.0,"fuel_type":"wind","status":"operational","precision":"approximate","source":"powerplantmatching v0.9.0, 2026-10-03 · Global Energy Monitor","source_url":"https://github.com/PyPSA/powerplantmatching","tech":"Onshore"},"geometry":{"type":"Point","coordinates":[5.183,48.929]}},{"type":"Feature","properties":{"id":"ppm-fr-25123","name":"Tortebesse Wind Farm","capacity_mw":30.0,"fuel_type":"wind","status":"operational","precision":"approximate","source":"powerplantmatching v0.9.0, 2026-10-03 · Global Energy Monitor","source_url":"https://github.com/PyPSA/powerplantmatching","tech":"Onshore"},"geometry":{"type":"Point","coordinates":[2.733,45.692]}},{"type":"Feature","properties":{"id":"ppm-fr-25561","name":"Vallee De Arce Wind Farm","capacity_mw":30.0,"fuel_type":"wind","status":"operational","precision":"approximate","source":"powerplantmatching v0.9.0, 2026-10-03 · Global Energy Monitor","source_url":"https://github.com/PyPSA/powerplantmatching","tech":"Onshore","commissioning_year":2009},"geometry":{"type":"Point","coordinates":[4.484,48.16]}},{"type":"Feature","properties":{"id":"ppm-fr-6570","name":"Rethonvillers Wind Farm","capacity_mw":29.9,"fuel_type":"wind","status":"operational","precision":"approximate","source":"powerplantmatching v0.9.0, 2026-10-03 · Global Energy Monitor, OpenStreetMap","source_url":"https://www.openstreetmap.org/relation/20345522","tech":"Onshore","commissioning_year":2012},"geometry":{"type":"Point","coordinates":[2.849,49.721]}},{"type":"Feature","properties":{"id":"ppm-fr-7101","name":"Grazas Wind Farm","capacity_mw":29.8,"fuel_type":"wind","status":"operational","precision":"approximate","source":"powerplantmatching v0.9.0, 2026-10-03 · Global Energy Monitor, OpenStreetMap","source_url":"https://www.openstreetmap.org/relation/10110937","tech":"Onshore","commissioning_year":2011},"geometry":{"type":"Point","coordinates":[2.848,43.205]}},{"type":"Feature","properties":{"id":"ppm-fr-15388","name":"Conteville Wind Farm","capacity_mw":29.8,"fuel_type":"wind","status":"operational","precision":"approximate","source":"powerplantmatching v0.9.0, 2026-10-03 · Global Energy Monitor","source_url":"https://github.com/PyPSA/powerplantmatching","tech":"Onshore","commissioning_year":2018},"geometry":{"type":"Point","coordinates":[1.619,49.686]}},{"type":"Feature","properties":{"id":"ppm-fr-20623","name":"Mimizan","capacity_mw":29.7,"fuel_type":"biomass","status":"operational","precision":"approximate","source":"powerplantmatching v0.9.0, 2026-10-03 · Global Energy Monitor","source_url":"https://github.com/PyPSA/powerplantmatching","commissioning_year":1990},"geometry":{"type":"Point","coordinates":[-1.249,44.206]}},{"type":"Feature","properties":{"id":"ppm-fr-6545","name":"Plateau De Savernat Wind Farm","capacity_mw":29.6,"fuel_type":"wind","status":"operational","precision":"approximate","source":"powerplantmatching v0.9.0, 2026-10-03 · Global Energy Monitor, OpenStreetMap","source_url":"https://www.openstreetmap.org/relation/10073040","tech":"Onshore","commissioning_year":2016},"geometry":{"type":"Point","coordinates":[2.457,46.306]}},{"type":"Feature","properties":{"id":"ppm-fr-7611","name":"Blacy Wind Farm","capacity_mw":29.4,"fuel_type":"wind","status":"operational","precision":"approximate","source":"powerplantmatching v0.9.0, 2026-10-03 · Global Energy Monitor, OpenStreetMap","source_url":"https://www.openstreetmap.org/relation/10122111","tech":"Onshore","commissioning_year":2014},"geometry":{"type":"Point","coordinates":[4.464,48.699]}},{"type":"Feature","properties":{"id":"ppm-fr-19727","name":"Les Tilleuls Ligny Thilloy Wind Farm","capacity_mw":29.4,"fuel_type":"wind","status":"operational","precision":"approximate","source":"powerplantmatching v0.9.0, 2026-10-03 · Global Energy Monitor","source_url":"https://github.com/PyPSA/powerplantmatching","tech":"Onshore","commissioning_year":2022},"geometry":{"type":"Point","coordinates":[2.835,50.091]}},{"type":"Feature","properties":{"id":"ppm-fr-7492","name":"Catesis Bois Marronnier Wind Farm","capacity_mw":29.2,"fuel_type":"wind","status":"operational","precision":"approximate","source":"powerplantmatching v0.9.0, 2026-10-03 · Global Energy Monitor, OpenStreetMap","source_url":"https://www.openstreetmap.org/relation/18984098","tech":"Onshore","commissioning_year":2025},"geometry":{"type":"Point","coordinates":[3.479,50.092]}},{"type":"Feature","properties":{"id":"ppm-fr-12835","name":"Ascheres Le Marche Wind Farm","capacity_mw":29.2,"fuel_type":"wind","status":"operational","precision":"approximate","source":"powerplantmatching v0.9.0, 2026-10-03 · Global Energy Monitor","source_url":"https://github.com/PyPSA/powerplantmatching","tech":"Onshore","commissioning_year":2019},"geometry":{"type":"Point","coordinates":[2.019,48.097]}},{"type":"Feature","properties":{"id":"ppm-fr-26315","name":"Ygos Solar Farm","capacity_mw":29.2,"fuel_type":"solar","status":"operational","precision":"approximate","source":"powerplantmatching v0.9.0, 2026-10-03 · Global Energy Monitor","source_url":"https://github.com/PyPSA/powerplantmatching","tech":"PV","commissioning_year":2014},"geometry":{"type":"Point","coordinates":[-0.738,43.976]}},{"type":"Feature","properties":{"id":"ppm-fr-6534","name":"Psa Sochaux Solar Farm","capacity_mw":29.0,"fuel_type":"solar","status":"operational","precision":"approximate","source":"powerplantmatching v0.9.0, 2026-10-03 · Global Energy Monitor, OpenStreetMap","source_url":"https://www.openstreetmap.org/relation/19447686","tech":"PV","commissioning_year":2021},"geometry":{"type":"Point","coordinates":[6.824,47.511]}},{"type":"Feature","properties":{"id":"ppm-fr-6629","name":"Plaine De Escrebieux Wind Farm","capacity_mw":29.0,"fuel_type":"wind","status":"operational","precision":"approximate","source":"powerplantmatching v0.9.0, 2026-10-03 · Global Energy Monitor, OpenStreetMap","source_url":"https://www.openstreetmap.org/relation/14048713","tech":"Onshore","commissioning_year":2014},"geometry":{"type":"Point","coordinates":[3.028,50.394]}},{"type":"Feature","properties":{"id":"ppm-fr-6646","name":"Moulin Blanc Wind Farm","capacity_mw":29.0,"fuel_type":"wind","status":"operational","precision":"approximate","source":"powerplantmatching v0.9.0, 2026-10-03 · Global Energy Monitor, OpenStreetMap","source_url":"https://www.openstreetmap.org/relation/17369617","tech":"Onshore","commissioning_year":2024},"geometry":{"type":"Point","coordinates":[2.599,49.857]}},{"type":"Feature","properties":{"id":"ppm-fr-6729","name":"Monistrol Allier","capacity_mw":29.0,"fuel_type":"hydro","status":"operational","precision":"approximate","source":"powerplantmatching v0.9.0, 2026-10-03 · Global Energy Monitor, OpenStreetMap","source_url":"https://www.openstreetmap.org/way/135778088","tech":"Reservoir","commissioning_year":1930},"geometry":{"type":"Point","coordinates":[3.646,44.968]}},{"type":"Feature","properties":{"id":"ppm-fr-6791","name":"Le Mont De Malan Wind Farm","capacity_mw":29.0,"fuel_type":"wind","status":"operational","precision":"approximate","source":"powerplantmatching v0.9.0, 2026-10-03 · Global Energy Monitor, OpenStreetMap","source_url":"https://www.openstreetmap.org/relation/14386210","tech":"Onshore","commissioning_year":2021},"geometry":{"type":"Point","coordinates":[4.549,49.426]}},{"type":"Feature","properties":{"id":"ppm-fr-6832","name":"La Hotte Wind Farm","capacity_mw":29.0,"fuel_type":"wind","status":"operational","precision":"approximate","source":"powerplantmatching v0.9.0, 2026-10-03 · Global Energy Monitor, OpenStreetMap","source_url":"https://www.openstreetmap.org/relation/11852673","tech":"Onshore","commissioning_year":2019},"geometry":{"type":"Point","coordinates":[4.206,49.699]}},{"type":"Feature","properties":{"id":"ppm-fr-6892","name":"La Sabliere Dave Wind Farm","capacity_mw":29.0,"fuel_type":"wind","status":"operational","precision":"approximate","source":"powerplantmatching v0.9.0, 2026-10-03 · Global Energy Monitor, OpenStreetMap","source_url":"https://www.openstreetmap.org/relation/10704979","tech":"Onshore","commissioning_year":2017},"geometry":{"type":"Point","coordinates":[2.577,49.727]}},{"type":"Feature","properties":{"id":"ppm-fr-9906","name":"Arvan","capacity_mw":29.0,"fuel_type":"hydro","status":"operational","precision":"approximate","source":"powerplantmatching v0.9.0, 2026-10-03 · JRC (European Commission), Global Hydropower Resources","source_url":"https://github.com/PyPSA/powerplantmatching","tech":"Run-Of-River","commissioning_year":1970},"geometry":{"type":"Point","coordinates":[6.317,45.239]}},{"type":"Feature","properties":{"id":"ppm-fr-13256","name":"Bassens","capacity_mw":29.0,"fuel_type":"gas","status":"operational","precision":"approximate","source":"powerplantmatching v0.9.0, 2026-10-03 · Global Energy Monitor","source_url":"https://github.com/PyPSA/powerplantmatching","tech":"Steam Turbine","commissioning_year":1998},"geometry":{"type":"Point","coordinates":[-0.527,44.917]}},{"type":"Feature","properties":{"id":"ppm-fr-15044","name":"Champ Bonnet Wind Farm","capacity_mw":29.0,"fuel_type":"wind","status":"operational","precision":"approximate","source":"powerplantmatching v0.9.0, 2026-10-03 · Global Energy Monitor","source_url":"https://github.com/PyPSA/powerplantmatching","tech":"Onshore"},"geometry":{"type":"Point","coordinates":[0.044,46.922]}},{"type":"Feature","properties":{"id":"ppm-fr-15090","name":"Chaume Solar Farm","capacity_mw":29.0,"fuel_type":"solar","status":"operational","precision":"approximate","source":"powerplantmatching v0.9.0, 2026-10-03 · Global Energy Monitor","source_url":"https://github.com/PyPSA/powerplantmatching","tech":"PV"},"geometry":{"type":"Point","coordinates":[0.206,48.14]}},{"type":"Feature","properties":{"id":"ppm-fr-15426","name":"Cosne Cours Sur Loire Confidentiel Solar","capacity_mw":29.0,"fuel_type":"solar","status":"operational","precision":"approximate","source":"powerplantmatching v0.9.0, 2026-10-03 · Global Energy Monitor","source_url":"https://github.com/PyPSA/powerplantmatching","tech":"PV","commissioning_year":2024},"geometry":{"type":"Point","coordinates":[2.926,47.411]}},{"type":"Feature","properties":{"id":"ppm-fr-24488","name":"Stellantis Carport Solar","capacity_mw":29.0,"fuel_type":"solar","status":"operational","precision":"approximate","source":"powerplantmatching v0.9.0, 2026-10-03 · Global Energy Monitor","source_url":"https://github.com/PyPSA/powerplantmatching","tech":"PV","commissioning_year":2022},"geometry":{"type":"Point","coordinates":[7.298,47.757]}},{"type":"Feature","properties":{"id":"ppm-fr-6573","name":"Riaucourt Darmannes Wind Farm","capacity_mw":28.8,"fuel_type":"wind","status":"operational","precision":"approximate","source":"powerplantmatching v0.9.0, 2026-10-03 · Global Energy Monitor, OpenStreetMap","source_url":"https://www.openstreetmap.org/relation/11171163","tech":"Onshore","commissioning_year":2017},"geometry":{"type":"Point","coordinates":[5.188,48.168]}},{"type":"Feature","properties":{"id":"ppm-fr-6645","name":"Moulin Berlemont Wind Farm","capacity_mw":28.8,"fuel_type":"wind","status":"operational","precision":"approximate","source":"powerplantmatching v0.9.0, 2026-10-03 · Global Energy Monitor, OpenStreetMap","source_url":"https://www.openstreetmap.org/relation/17075227","tech":"Onshore","commissioning_year":2022},"geometry":{"type":"Point","coordinates":[3.27,49.933]}},{"type":"Feature","properties":{"id":"ppm-fr-6657","name":"Paquerettes Wind Farm","capacity_mw":28.8,"fuel_type":"wind","status":"operational","precision":"approximate","source":"powerplantmatching v0.9.0, 2026-10-03 · Global Energy Monitor, OpenStreetMap","source_url":"https://www.openstreetmap.org/relation/17071032","tech":"Onshore","commissioning_year":2023},"geometry":{"type":"Point","coordinates":[2.947,50.083]}},{"type":"Feature","properties":{"id":"ppm-fr-19618","name":"Le Born Et Pelouse Wind Farm","capacity_mw":28.8,"fuel_type":"wind","status":"operational","precision":"approximate","source":"powerplantmatching v0.9.0, 2026-10-03 · Global Energy Monitor","source_url":"https://github.com/PyPSA/powerplantmatching","tech":"Onshore","commissioning_year":2022},"geometry":{"type":"Point","coordinates":[3.477,44.532]}},{"type":"Feature","properties":{"id":"ppm-fr-19630","name":"Le Langrois Wind Farm","capacity_mw":28.8,"fuel_type":"wind","status":"operational","precision":"approximate","source":"powerplantmatching v0.9.0, 2026-10-03 · Global Energy Monitor","source_url":"https://github.com/PyPSA/powerplantmatching","tech":"Onshore","commissioning_year":2010},"geometry":{"type":"Point","coordinates":[5.096,47.431]}},{"type":"Feature","properties":{"id":"ppm-fr-7286","name":"Cote Noire Wind Farm","capacity_mw":28.7,"fuel_type":"wind","status":"operational","precision":"approximate","source":"powerplantmatching v0.9.0, 2026-10-03 · Global Energy Monitor, OpenStreetMap","source_url":"https://www.openstreetmap.org/relation/13953401","tech":"Onshore","commissioning_year":2021},"geometry":{"type":"Point","coordinates":[4.15,48.682]}},{"type":"Feature","properties":{"id":"ppm-fr-1955","name":"Auzerette","capacity_mw":28.6,"fuel_type":"hydro","status":"operational","precision":"approximate","source":"powerplantmatching v0.9.0, 2026-10-03 · JRC (European Commission), Global Hydropower Resources, WRI GPPD, GEO","source_url":"https://github.com/PyPSA/powerplantmatching","tech":"Reservoir","commissioning_year":1970},"geometry":{"type":"Point","coordinates":[2.646,45.365]}},{"type":"Feature","properties":{"id":"ppm-fr-6434","name":"Treveray St Joire Wind Farm","capacity_mw":28.6,"fuel_type":"wind","status":"operational","precision":"approximate","source":"powerplantmatching v0.9.0, 2026-10-03 · Global Energy Monitor, OpenStreetMap","source_url":"https://www.openstreetmap.org/relation/14375357","tech":"Onshore","commissioning_year":2021},"geometry":{"type":"Point","coordinates":[5.405,48.601]}},{"type":"Feature","properties":{"id":"ppm-fr-2036","name":"Lot","capacity_mw":28.2,"fuel_type":"hydro","status":"operational","precision":"approximate","source":"powerplantmatching v0.9.0, 2026-10-03 · JRC (European Commission), Global Hydropower Resources, WRI GPPD, GEO","source_url":"https://github.com/PyPSA/powerplantmatching","tech":"Reservoir","commissioning_year":1970},"geometry":{"type":"Point","coordinates":[2.664,44.663]}},{"type":"Feature","properties":{"id":"ppm-fr-6650","name":"Montigny La Cour Wind Farm","capacity_mw":28.2,"fuel_type":"wind","status":"operational","precision":"approximate","source":"powerplantmatching v0.9.0, 2026-10-03 · Global Energy Monitor, OpenStreetMap","source_url":"https://www.openstreetmap.org/relation/10125131","tech":"Onshore","commissioning_year":2018},"geometry":{"type":"Point","coordinates":[4.001,49.602]}},{"type":"Feature","properties":{"id":"ppm-fr-15514","name":"Cros De Georand Wind Farm","capacity_mw":28.2,"fuel_type":"wind","status":"operational","precision":"approximate","source":"powerplantmatching v0.9.0, 2026-10-03 · Global Energy Monitor","source_url":"https://github.com/PyPSA/powerplantmatching","tech":"Onshore","commissioning_year":2011},"geometry":{"type":"Point","coordinates":[4.128,44.799]}},{"type":"Feature","properties":{"id":"ppm-fr-16894","name":"Fouilly Marlers Hescamps Wind Farm","capacity_mw":28.2,"fuel_type":"wind","status":"operational","precision":"approximate","source":"powerplantmatching v0.9.0, 2026-10-03 · Global Energy Monitor","source_url":"https://github.com/PyPSA/powerplantmatching","tech":"Onshore","commissioning_year":2019},"geometry":{"type":"Point","coordinates":[2.517,49.893]}},{"type":"Feature","properties":{"id":"ppm-fr-22845","name":"Quesnel Wind Farm","capacity_mw":28.2,"fuel_type":"wind","status":"operational","precision":"approximate","source":"powerplantmatching v0.9.0, 2026-10-03 · Global Energy Monitor","source_url":"https://github.com/PyPSA/powerplantmatching","tech":"Onshore","commissioning_year":2023},"geometry":{"type":"Point","coordinates":[2.619,49.78]}},{"type":"Feature","properties":{"id":"ppm-fr-669","name":"Val Beynete","capacity_mw":28.0,"fuel_type":"hydro","status":"operational","precision":"approximate","source":"powerplantmatching v0.9.0, 2026-10-03 · Global Energy Monitor, JRC (European Commission), Global Hydropower Resources, WRI GPPD, GEO","source_url":"https://github.com/PyPSA/powerplantmatching","tech":"Reservoir","commissioning_year":1927},"geometry":{"type":"Point","coordinates":[2.372,45.416]}},{"type":"Feature","properties":{"id":"ppm-fr-6382","name":"Val De Noye Wind Farm","capacity_mw":28.0,"fuel_type":"wind","status":"operational","precision":"approximate","source":"powerplantmatching v0.9.0, 2026-10-03 · Global Energy Monitor, OpenStreetMap","source_url":"https://www.openstreetmap.org/relation/20345507","tech":"Onshore","commissioning_year":2009},"geometry":{"type":"Point","coordinates":[2.416,49.718]}},{"type":"Feature","properties":{"id":"ppm-fr-6594","name":"Pougny Wind Farm","capacity_mw":28.0,"fuel_type":"wind","status":"operational","precision":"approximate","source":"powerplantmatching v0.9.0, 2026-10-03 · Global Energy Monitor, OpenStreetMap","source_url":"https://www.openstreetmap.org/relation/18986213","tech":"Onshore","commissioning_year":2017},"geometry":{"type":"Point","coordinates":[3.046,47.389]}},{"type":"Feature","properties":{"id":"ppm-fr-7144","name":"Haut De Conge Wind Farm","capacity_mw":28.0,"fuel_type":"wind","status":"operational","precision":"approximate","source":"powerplantmatching v0.9.0, 2026-10-03 · Global Energy Monitor, OpenStreetMap","source_url":"https://www.openstreetmap.org/relation/20345586","tech":"Onshore","commissioning_year":2010},"geometry":{"type":"Point","coordinates":[5.359,47.992]}},{"type":"Feature","properties":{"id":"ppm-fr-7162","name":"Fresnoy Folny Wind Farm","capacity_mw":28.0,"fuel_type":"wind","status":"operational","precision":"approximate","source":"powerplantmatching v0.9.0, 2026-10-03 · Global Energy Monitor, OpenStreetMap","source_url":"https://www.openstreetmap.org/relation/7970526","tech":"Onshore","commissioning_year":2015},"geometry":{"type":"Point","coordinates":[1.447,49.885]}},{"type":"Feature","properties":{"id":"ppm-fr-7175","name":"Forterre Wind Farm","capacity_mw":28.0,"fuel_type":"wind","status":"operational","precision":"approximate","source":"powerplantmatching v0.9.0, 2026-10-03 · Global Energy Monitor, OpenStreetMap","source_url":"https://www.openstreetmap.org/relation/7931938","tech":"Onshore","commissioning_year":2014},"geometry":{"type":"Point","coordinates":[3.461,47.661]}},{"type":"Feature","properties":{"id":"ppm-fr-7218","name":"Destry Wind Farm","capacity_mw":28.0,"fuel_type":"wind","status":"operational","precision":"approximate","source":"powerplantmatching v0.9.0, 2026-10-03 · Global Energy Monitor, OpenStreetMap","source_url":"https://www.openstreetmap.org/relation/6902220","tech":"Onshore","commissioning_year":2010},"geometry":{"type":"Point","coordinates":[6.586,48.954]}},{"type":"Feature","properties":{"id":"ppm-fr-7259","name":"Croix Benjamin Wind Farm","capacity_mw":28.0,"fuel_type":"wind","status":"operational","precision":"approximate","source":"powerplantmatching v0.9.0, 2026-10-03 · Global Energy Monitor, OpenStreetMap","source_url":"https://www.openstreetmap.org/relation/7986010","tech":"Onshore","commissioning_year":2014},"geometry":{"type":"Point","coordinates":[3.635,48.569]}},{"type":"Feature","properties":{"id":"ppm-fr-7727","name":"Auxois Sud Wind Farm","capacity_mw":28.0,"fuel_type":"wind","status":"operational","precision":"approximate","source":"powerplantmatching v0.9.0, 2026-10-03 · Global Energy Monitor, OpenStreetMap","source_url":"https://www.openstreetmap.org/relation/7931944","tech":"Onshore","commissioning_year":2010},"geometry":{"type":"Point","coordinates":[4.453,47.236]}},{"type":"Feature","properties":{"id":"ppm-fr-12120","name":"Achery Mayot Wind Farm","capacity_mw":28.0,"fuel_type":"wind","status":"operational","precision":"approximate","source":"powerplantmatching v0.9.0, 2026-10-03 · Global Energy Monitor","source_url":"https://github.com/PyPSA/powerplantmatching","tech":"Onshore","commissioning_year":2016},"geometry":{"type":"Point","coordinates":[3.407,49.696]}},{"type":"Feature","properties":{"id":"ppm-fr-16685","name":"Eylie","capacity_mw":28.0,"fuel_type":"hydro","status":"operational","precision":"approximate","source":"powerplantmatching v0.9.0, 2026-10-03 · Global Energy Monitor","source_url":"https://github.com/PyPSA/powerplantmatching","tech":"Reservoir","commissioning_year":1935},"geometry":{"type":"Point","coordinates":[0.938,42.842]}},{"type":"Feature","properties":{"id":"ppm-fr-18288","name":"Jura Nord Wind Farm","capacity_mw":28.0,"fuel_type":"wind","status":"operational","precision":"approximate","source":"powerplantmatching v0.9.0, 2026-10-03 · Global Energy Monitor","source_url":"https://github.com/PyPSA/powerplantmatching","tech":"Onshore"},"geometry":{"type":"Point","coordinates":[5.657,47.201]}},{"type":"Feature","properties":{"id":"ppm-fr-19598","name":"Lavera","capacity_mw":28.0,"fuel_type":"oil","status":"operational","precision":"approximate","source":"powerplantmatching v0.9.0, 2026-10-03 · Global Energy Monitor","source_url":"https://github.com/PyPSA/powerplantmatching","tech":"CCGT","commissioning_year":2001},"geometry":{"type":"Point","coordinates":[4.997,43.391]}},{"type":"Feature","properties":{"id":"ppm-fr-19643","name":"Le Val Esnoms Wind Farm","capacity_mw":28.0,"fuel_type":"wind","status":"operational","precision":"approximate","source":"powerplantmatching v0.9.0, 2026-10-03 · Global Energy Monitor","source_url":"https://github.com/PyPSA/powerplantmatching","tech":"Onshore"},"geometry":{"type":"Point","coordinates":[5.198,47.703]}},{"type":"Feature","properties":{"id":"ppm-fr-20114","name":"Lupins Wind Farm","capacity_mw":28.0,"fuel_type":"wind","status":"operational","precision":"approximate","source":"powerplantmatching v0.9.0, 2026-10-03 · Global Energy Monitor","source_url":"https://github.com/PyPSA/powerplantmatching","tech":"Onshore","commissioning_year":2022},"geometry":{"type":"Point","coordinates":[3.625,49.957]}},{"type":"Feature","properties":{"id":"ppm-fr-20780","name":"Mont De La Greviere Wind Farm","capacity_mw":28.0,"fuel_type":"wind","status":"operational","precision":"approximate","source":"powerplantmatching v0.9.0, 2026-10-03 · Global Energy Monitor","source_url":"https://github.com/PyPSA/powerplantmatching","tech":"Onshore","commissioning_year":2019},"geometry":{"type":"Point","coordinates":[4.451,49.316]}},{"type":"Feature","properties":{"id":"ppm-fr-23345","name":"Sacquenay Wind Farm","capacity_mw":28.0,"fuel_type":"wind","status":"operational","precision":"approximate","source":"powerplantmatching v0.9.0, 2026-10-03 · Global Energy Monitor","source_url":"https://github.com/PyPSA/powerplantmatching","tech":"Onshore","commissioning_year":2019},"geometry":{"type":"Point","coordinates":[5.304,47.584]}},{"type":"Feature","properties":{"id":"ppm-fr-25830","name":"Villes Oyses Wind Farm","capacity_mw":28.0,"fuel_type":"wind","status":"operational","precision":"approximate","source":"powerplantmatching v0.9.0, 2026-10-03 · Global Energy Monitor","source_url":"https://github.com/PyPSA/powerplantmatching","tech":"Onshore"},"geometry":{"type":"Point","coordinates":[3.411,49.711]}},{"type":"Feature","properties":{"id":"ppm-fr-17682","name":"Hauters De Albe Wind Farm","capacity_mw":27.8,"fuel_type":"wind","status":"operational","precision":"approximate","source":"powerplantmatching v0.9.0, 2026-10-03 · Global Energy Monitor","source_url":"https://github.com/PyPSA/powerplantmatching","tech":"Onshore","commissioning_year":2009},"geometry":{"type":"Point","coordinates":[6.84,48.964]}},{"type":"Feature","properties":{"id":"ppm-fr-19705","name":"Les Faydunnes Wind Farm","capacity_mw":27.8,"fuel_type":"wind","status":"operational","precision":"approximate","source":"powerplantmatching v0.9.0, 2026-10-03 · Global Energy Monitor","source_url":"https://github.com/PyPSA/powerplantmatching","tech":"Onshore","commissioning_year":2019},"geometry":{"type":"Point","coordinates":[2.886,43.983]}},{"type":"Feature","properties":{"id":"ppm-fr-2037","name":"Moux Charmines Moux Charmines Moux Charmines","capacity_mw":27.6,"fuel_type":"hydro","status":"operational","precision":"approximate","source":"powerplantmatching v0.9.0, 2026-10-03 · JRC (European Commission), Global Hydropower Resources, WRI GPPD, GEO","source_url":"https://github.com/PyPSA/powerplantmatching","tech":"Reservoir","commissioning_year":1950},"geometry":{"type":"Point","coordinates":[5.554,46.277]}},{"type":"Feature","properties":{"id":"ppm-fr-6640","name":"Moreuil Wind Farm","capacity_mw":27.6,"fuel_type":"wind","status":"operational","precision":"approximate","source":"powerplantmatching v0.9.0, 2026-10-03 · Global Energy Monitor, OpenStreetMap","source_url":"https://www.openstreetmap.org/relation/13576127","tech":"Onshore","commissioning_year":2021},"geometry":{"type":"Point","coordinates":[2.502,49.772]}},{"type":"Feature","properties":{"id":"ppm-fr-7409","name":"Centrale Solair De La Piece Des Tailles Solar Farm","capacity_mw":27.6,"fuel_type":"solar","status":"operational","precision":"approximate","source":"powerplantmatching v0.9.0, 2026-10-03 · Global Energy Monitor, OpenStreetMap","source_url":"https://www.openstreetmap.org/way/1375691135","tech":"PV","commissioning_year":2025},"geometry":{"type":"Point","coordinates":[1.882,46.798]}},{"type":"Feature","properties":{"id":"ppm-fr-17721","name":"Heninel Wind Farm","capacity_mw":27.6,"fuel_type":"wind","status":"operational","precision":"approximate","source":"powerplantmatching v0.9.0, 2026-10-03 · Global Energy Monitor","source_url":"https://github.com/PyPSA/powerplantmatching","tech":"Onshore","commissioning_year":2011},"geometry":{"type":"Point","coordinates":[2.868,50.233]}},{"type":"Feature","properties":{"id":"ppm-fr-6588","name":"Val Aux Moines Wind Farm","capacity_mw":27.5,"fuel_type":"wind","status":"operational","precision":"approximate","source":"powerplantmatching v0.9.0, 2026-10-03 · Global Energy Monitor, OpenStreetMap","source_url":"https://www.openstreetmap.org/relation/7970520","tech":"Onshore","commissioning_year":2007},"geometry":{"type":"Point","coordinates":[1.509,49.797]}},{"type":"Feature","properties":{"id":"ppm-fr-7471","name":"Centrale Solaire Vlc Pdl Site Prod Solar","capacity_mw":27.5,"fuel_type":"solar","status":"operational","precision":"approximate","source":"powerplantmatching v0.9.0, 2026-10-03 · Global Energy Monitor, OpenStreetMap","source_url":"https://www.openstreetmap.org/way/1338942727","tech":"PV","commissioning_year":2024},"geometry":{"type":"Point","coordinates":[3.433,50.317]}},{"type":"Feature","properties":{"id":"ppm-fr-13257","name":"Bassillac Et Auberoche Confidentiel Solar Farm","capacity_mw":27.5,"fuel_type":"solar","status":"operational","precision":"approximate","source":"powerplantmatching v0.9.0, 2026-10-03 · Global Energy Monitor","source_url":"https://github.com/PyPSA/powerplantmatching","tech":"PV","commissioning_year":2018},"geometry":{"type":"Point","coordinates":[0.869,45.158]}},{"type":"Feature","properties":{"id":"ppm-fr-7463","name":"Chaintrix Bierges Velye Wind Farm","capacity_mw":27.2,"fuel_type":"wind","status":"operational","precision":"approximate","source":"powerplantmatching v0.9.0, 2026-10-03 · Global Energy Monitor, OpenStreetMap","source_url":"https://www.openstreetmap.org/relation/18982472","tech":"Onshore","commissioning_year":2024},"geometry":{"type":"Point","coordinates":[4.096,48.887]}},{"type":"Feature","properties":{"id":"ppm-fr-2035","name":"Licq Atherey Licq Atherey Licq Atherey","capacity_mw":27.1,"fuel_type":"hydro","status":"operational","precision":"approximate","source":"powerplantmatching v0.9.0, 2026-10-03 · JRC (European Commission), Global Hydropower Resources, WRI GPPD, GEO","source_url":"https://github.com/PyPSA/powerplantmatching","tech":"Reservoir","commissioning_year":1956},"geometry":{"type":"Point","coordinates":[-0.886,43.048]}},{"type":"Feature","properties":{"id":"ppm-fr-6367","name":"Vent De Thierache Wind Farm","capacity_mw":27.0,"fuel_type":"wind","status":"operational","precision":"approximate","source":"powerplantmatching v0.9.0, 2026-10-03 · Global Energy Monitor, OpenStreetMap","source_url":"https://www.openstreetmap.org/relation/10778854","tech":"Onshore","commissioning_year":2013},"geometry":{"type":"Point","coordinates":[4.338,49.853]}},{"type":"Feature","properties":{"id":"ppm-fr-6371","name":"Valhoun Wind Farm","capacity_mw":27.0,"fuel_type":"wind","status":"operational","precision":"approximate","source":"powerplantmatching v0.9.0, 2026-10-03 · Global Energy Monitor, OpenStreetMap","source_url":"https://www.openstreetmap.org/relation/6094554","tech":"Onshore","commissioning_year":2009},"geometry":{"type":"Point","coordinates":[2.352,50.444]}},{"type":"Feature","properties":{"id":"ppm-fr-6636","name":"Picarreau Solar Farm","capacity_mw":27.0,"fuel_type":"solar","status":"operational","precision":"approximate","source":"powerplantmatching v0.9.0, 2026-10-03 · Global Energy Monitor, OpenStreetMap","source_url":"https://www.openstreetmap.org/way/1102843604","tech":"PV","commissioning_year":2022},"geometry":{"type":"Point","coordinates":[5.747,46.744]}},{"type":"Feature","properties":{"id":"ppm-fr-6794","name":"Les Touches De Perigny Wind Farm","capacity_mw":27.0,"fuel_type":"wind","status":"operational","precision":"approximate","source":"powerplantmatching v0.9.0, 2026-10-03 · Global Energy Monitor, OpenStreetMap","source_url":"https://www.openstreetmap.org/relation/14997693","tech":"Onshore","commissioning_year":2022},"geometry":{"type":"Point","coordinates":[-0.303,45.891]}},{"type":"Feature","properties":{"id":"ppm-fr-7515","name":"Brandes Wind Farm","capacity_mw":27.0,"fuel_type":"wind","status":"operational","precision":"approximate","source":"powerplantmatching v0.9.0, 2026-10-03 · Global Energy Monitor, OpenStreetMap","source_url":"https://www.openstreetmap.org/relation/10721729","tech":"Onshore","commissioning_year":2016},"geometry":{"type":"Point","coordinates":[0.444,46.333]}},{"type":"Feature","properties":{"id":"ppm-fr-7630","name":"Benet Wind Farm","capacity_mw":27.0,"fuel_type":"wind","status":"operational","precision":"approximate","source":"powerplantmatching v0.9.0, 2026-10-03 · Global Energy Monitor, OpenStreetMap","source_url":"https://www.openstreetmap.org/relation/10723650","tech":"Onshore","commissioning_year":2007},"geometry":{"type":"Point","coordinates":[-0.602,46.391]}},{"type":"Feature","properties":{"id":"ppm-fr-15048","name":"Champcourt Wind Farm","capacity_mw":27.0,"fuel_type":"wind","status":"operational","precision":"approximate","source":"powerplantmatching v0.9.0, 2026-10-03 · Global Energy Monitor","source_url":"https://github.com/PyPSA/powerplantmatching","tech":"Onshore","commissioning_year":2019},"geometry":{"type":"Point","coordinates":[3.708,49.764]}},{"type":"Feature","properties":{"id":"ppm-fr-16874","name":"Forestel Wind Farm","capacity_mw":27.0,"fuel_type":"wind","status":"operational","precision":"approximate","source":"powerplantmatching v0.9.0, 2026-10-03 · Global Energy Monitor","source_url":"https://github.com/PyPSA/powerplantmatching","tech":"Onshore","commissioning_year":2023},"geometry":{"type":"Point","coordinates":[1.822,49.859]}},{"type":"Feature","properties":{"id":"ppm-fr-19244","name":"La Grand Linault Wind Farm","capacity_mw":27.0,"fuel_type":"wind","status":"operational","precision":"approximate","source":"powerplantmatching v0.9.0, 2026-10-03 · Global Energy Monitor","source_url":"https://github.com/PyPSA/powerplantmatching","tech":"Onshore","commissioning_year":2011},"geometry":{"type":"Point","coordinates":[-0.497,46.677]}},{"type":"Feature","properties":{"id":"ppm-fr-23399","name":"Saint Gor Solar","capacity_mw":27.0,"fuel_type":"solar","status":"operational","precision":"approximate","source":"powerplantmatching v0.9.0, 2026-10-03 · Global Energy Monitor","source_url":"https://github.com/PyPSA/powerplantmatching","tech":"PV","commissioning_year":2014},"geometry":{"type":"Point","coordinates":[-0.322,44.035]}},{"type":"Feature","properties":{"id":"ppm-fr-7607","name":"Bois De La Hayette Wind Farm","capacity_mw":26.9,"fuel_type":"wind","status":"operational","precision":"approximate","source":"powerplantmatching v0.9.0, 2026-10-03 · Global Energy Monitor, OpenStreetMap","source_url":"https://www.openstreetmap.org/relation/17072302","tech":"Onshore","commissioning_year":2008},"geometry":{"type":"Point","coordinates":[2.505,49.707]}},{"type":"Feature","properties":{"id":"ppm-fr-23294","name":"Rumont Beau Regard Wind Farm","capacity_mw":26.7,"fuel_type":"wind","status":"operational","precision":"approximate","source":"powerplantmatching v0.9.0, 2026-10-03 · Global Energy Monitor","source_url":"https://github.com/PyPSA/powerplantmatching","tech":"Onshore","commissioning_year":2006},"geometry":{"type":"Point","coordinates":[2.493,48.271]}},{"type":"Feature","properties":{"id":"ppm-fr-6235","name":"Viapres Wind Farm","capacity_mw":26.4,"fuel_type":"wind","status":"operational","precision":"approximate","source":"powerplantmatching v0.9.0, 2026-10-03 · Global Energy Monitor, OpenStreetMap","source_url":"https://www.openstreetmap.org/relation/10078165","tech":"Onshore","commissioning_year":2011},"geometry":{"type":"Point","coordinates":[4.039,48.614]}},{"type":"Feature","properties":{"id":"ppm-fr-6923","name":"La Belleuse Wind Farm","capacity_mw":26.4,"fuel_type":"wind","status":"operational","precision":"approximate","source":"powerplantmatching v0.9.0, 2026-10-03 · Global Energy Monitor, OpenStreetMap","source_url":"https://www.openstreetmap.org/relation/13256144","tech":"Onshore","commissioning_year":2018},"geometry":{"type":"Point","coordinates":[2.104,49.692]}},{"type":"Feature","properties":{"id":"ppm-fr-7249","name":"Croix Guingal Wind Farm","capacity_mw":26.4,"fuel_type":"wind","status":"operational","precision":"approximate","source":"powerplantmatching v0.9.0, 2026-10-03 · Global Energy Monitor, OpenStreetMap","source_url":"https://www.openstreetmap.org/relation/15590687","tech":"Onshore","commissioning_year":2022},"geometry":{"type":"Point","coordinates":[-1.699,47.638]}},{"type":"Feature","properties":{"id":"ppm-fr-12152","name":"Aeolus Masts Wind Farm","capacity_mw":26.4,"fuel_type":"wind","status":"operational","precision":"approximate","source":"powerplantmatching v0.9.0, 2026-10-03 · Global Energy Monitor","source_url":"https://github.com/PyPSA/powerplantmatching","tech":"Onshore"},"geometry":{"type":"Point","coordinates":[4.436,48.825]}},{"type":"Feature","properties":{"id":"ppm-fr-19644","name":"Le Vieux Moulin Wind Farm","capacity_mw":26.4,"fuel_type":"wind","status":"operational","precision":"approximate","source":"powerplantmatching v0.9.0, 2026-10-03 · Global Energy Monitor","source_url":"https://github.com/PyPSA/powerplantmatching","tech":"Onshore","commissioning_year":2009},"geometry":{"type":"Point","coordinates":[3.25,49.12]}},{"type":"Feature","properties":{"id":"ppm-fr-6518","name":"Rageade Wind Farm","capacity_mw":26.0,"fuel_type":"wind","status":"operational","precision":"approximate","source":"powerplantmatching v0.9.0, 2026-10-03 · Global Energy Monitor, OpenStreetMap","source_url":"https://www.openstreetmap.org/relation/20345585","tech":"Onshore","commissioning_year":2011},"geometry":{"type":"Point","coordinates":[3.271,45.108]}},{"type":"Feature","properties":{"id":"ppm-fr-6574","name":"Ribemont Wind Farm","capacity_mw":26.0,"fuel_type":"wind","status":"operational","precision":"approximate","source":"powerplantmatching v0.9.0, 2026-10-03 · Global Energy Monitor, OpenStreetMap","source_url":"https://www.openstreetmap.org/relation/10115389","tech":"Onshore","commissioning_year":2008},"geometry":{"type":"Point","coordinates":[3.472,49.775]}},{"type":"Feature","properties":{"id":"ppm-fr-6620","name":"Nord Bassin De Thau Wind Farm","capacity_mw":26.0,"fuel_type":"wind","status":"operational","precision":"approximate","source":"powerplantmatching v0.9.0, 2026-10-03 · Global Energy Monitor, OpenStreetMap","source_url":"https://www.openstreetmap.org/relation/4046450","tech":"Onshore","commissioning_year":2005},"geometry":{"type":"Point","coordinates":[3.593,43.501]}},{"type":"Feature","properties":{"id":"ppm-fr-6733","name":"Mont De Saint Loup Wind Farm","capacity_mw":26.0,"fuel_type":"wind","status":"operational","precision":"approximate","source":"powerplantmatching v0.9.0, 2026-10-03 · Global Energy Monitor, OpenStreetMap","source_url":"https://www.openstreetmap.org/relation/7985987","tech":"Onshore","commissioning_year":2013},"geometry":{"type":"Point","coordinates":[4.275,49.454]}},{"type":"Feature","properties":{"id":"ppm-fr-6862","name":"Le Grand Arbre Wind Farm","capacity_mw":26.0,"fuel_type":"wind","status":"operational","precision":"approximate","source":"powerplantmatching v0.9.0, 2026-10-03 · Global Energy Monitor, OpenStreetMap","source_url":"https://www.openstreetmap.org/relation/10078043","tech":"Onshore","commissioning_year":2016},"geometry":{"type":"Point","coordinates":[3.525,50.161]}},{"type":"Feature","properties":{"id":"ppm-fr-7202","name":"Entre Les Vallees De La Coole Et De La Soude Wind Farm","capacity_mw":26.0,"fuel_type":"wind","status":"operational","precision":"approximate","source":"powerplantmatching v0.9.0, 2026-10-03 · Global Energy Monitor, OpenStreetMap","source_url":"https://www.openstreetmap.org/relation/13466750","tech":"Onshore","commissioning_year":2008},"geometry":{"type":"Point","coordinates":[4.308,48.814]}},{"type":"Feature","properties":{"id":"ppm-fr-7258","name":"Croisette Wind Farm","capacity_mw":26.0,"fuel_type":"wind","status":"operational","precision":"approximate","source":"powerplantmatching v0.9.0, 2026-10-03 · Global Energy Monitor, OpenStreetMap","source_url":"https://www.openstreetmap.org/relation/6094582","tech":"Onshore","commissioning_year":2011},"geometry":{"type":"Point","coordinates":[2.28,50.349]}},{"type":"Feature","properties":{"id":"ppm-fr-7303","name":"Clanlieu Wind Farm","capacity_mw":26.0,"fuel_type":"wind","status":"operational","precision":"approximate","source":"powerplantmatching v0.9.0, 2026-10-03 · Global Energy Monitor, OpenStreetMap","source_url":"https://www.openstreetmap.org/relation/10123851","tech":"Onshore","commissioning_year":2018},"geometry":{"type":"Point","coordinates":[3.608,49.844]}},{"type":"Feature","properties":{"id":"ppm-fr-7336","name":"Coteaux Du Blaiseron Wind Farm","capacity_mw":26.0,"fuel_type":"wind","status":"operational","precision":"approximate","source":"powerplantmatching v0.9.0, 2026-10-03 · Global Energy Monitor, OpenStreetMap","source_url":"https://www.openstreetmap.org/relation/10775437","tech":"Onshore","commissioning_year":2018},"geometry":{"type":"Point","coordinates":[4.947,48.366]}},{"type":"Feature","properties":{"id":"ppm-fr-7678","name":"Argilliere Wind Farm","capacity_mw":26.0,"fuel_type":"wind","status":"operational","precision":"approximate","source":"powerplantmatching v0.9.0, 2026-10-03 · Global Energy Monitor, OpenStreetMap","source_url":"https://www.openstreetmap.org/relation/10597133","tech":"Onshore","commissioning_year":2016},"geometry":{"type":"Point","coordinates":[2.423,49.782]}},{"type":"Feature","properties":{"id":"ppm-fr-15343","name":"Combusins Wind Farm","capacity_mw":26.0,"fuel_type":"wind","status":"operational","precision":"approximate","source":"powerplantmatching v0.9.0, 2026-10-03 · Global Energy Monitor","source_url":"https://github.com/PyPSA/powerplantmatching","tech":"Onshore","commissioning_year":2008},"geometry":{"type":"Point","coordinates":[0.162,45.952]}},{"type":"Feature","properties":{"id":"ppm-fr-18591","name":"Kergrist Moelou Wind Farm","capacity_mw":26.0,"fuel_type":"wind","status":"operational","precision":"approximate","source":"powerplantmatching v0.9.0, 2026-10-03 · Global Energy Monitor","source_url":"https://github.com/PyPSA/powerplantmatching","tech":"Onshore","commissioning_year":2011},"geometry":{"type":"Point","coordinates":[-3.299,48.262]}},{"type":"Feature","properties":{"id":"ppm-fr-19235","name":"La Cremiere Wind Farm","capacity_mw":26.0,"fuel_type":"wind","status":"operational","precision":"approximate","source":"powerplantmatching v0.9.0, 2026-10-03 · Global Energy Monitor","source_url":"https://github.com/PyPSA/powerplantmatching","tech":"Onshore","commissioning_year":2019},"geometry":{"type":"Point","coordinates":[2.981,50.19]}},{"type":"Feature","properties":{"id":"ppm-fr-20766","name":"Monnes Energies Wind Farm","capacity_mw":26.0,"fuel_type":"wind","status":"operational","precision":"approximate","source":"powerplantmatching v0.9.0, 2026-10-03 · Global Energy Monitor","source_url":"https://github.com/PyPSA/powerplantmatching","tech":"Onshore","commissioning_year":2016},"geometry":{"type":"Point","coordinates":[3.263,49.156]}},{"type":"Feature","properties":{"id":"ppm-fr-21620","name":"Osches Wind Farm","capacity_mw":26.0,"fuel_type":"wind","status":"operational","precision":"approximate","source":"powerplantmatching v0.9.0, 2026-10-03 · Global Energy Monitor","source_url":"https://github.com/PyPSA/powerplantmatching","tech":"Onshore","commissioning_year":2008},"geometry":{"type":"Point","coordinates":[5.257,49.055]}},{"type":"Feature","properties":{"id":"ppm-fr-26120","name":"Wittelsheim Solar Farm","capacity_mw":26.0,"fuel_type":"solar","status":"operational","precision":"approximate","source":"powerplantmatching v0.9.0, 2026-10-03 · Global Energy Monitor","source_url":"https://github.com/PyPSA/powerplantmatching","tech":"PV","commissioning_year":2022},"geometry":{"type":"Point","coordinates":[7.221,47.799]}},{"type":"Feature","properties":{"id":"ppm-fr-3388","name":"Belvesol Solar Farm","capacity_mw":25.9,"fuel_type":"solar","status":"operational","precision":"approximate","source":"powerplantmatching v0.9.0, 2026-10-03 · Global Energy Monitor, WRI GPPD, OpenStreetMap","source_url":"https://www.openstreetmap.org/way/1331866802","tech":"PV","commissioning_year":2014},"geometry":{"type":"Point","coordinates":[4.365,44.084]}},{"type":"Feature","properties":{"id":"ppm-fr-6678","name":"Moissac Bellevue Confidentiel Solar","capacity_mw":25.8,"fuel_type":"solar","status":"operational","precision":"approximate","source":"powerplantmatching v0.9.0, 2026-10-03 · Global Energy Monitor, OpenStreetMap","source_url":"https://www.openstreetmap.org/relation/16758840","tech":"PV","commissioning_year":2023},"geometry":{"type":"Point","coordinates":[6.167,43.653]}},{"type":"Feature","properties":{"id":"ppm-fr-20348","name":"Marmagne Confidentiel Solar Farm","capacity_mw":25.7,"fuel_type":"solar","status":"operational","precision":"approximate","source":"powerplantmatching v0.9.0, 2026-10-03 · Global Energy Monitor","source_url":"https://github.com/PyPSA/powerplantmatching","tech":"PV","commissioning_year":2016},"geometry":{"type":"Point","coordinates":[2.285,47.102]}},{"type":"Feature","properties":{"id":"ppm-fr-7632","name":"Bayet Confidentiel Solar","capacity_mw":25.5,"fuel_type":"solar","status":"operational","precision":"approximate","source":"powerplantmatching v0.9.0, 2026-10-03 · Global Energy Monitor, OpenStreetMap","source_url":"https://www.openstreetmap.org/relation/19879771","tech":"PV","commissioning_year":2024},"geometry":{"type":"Point","coordinates":[3.269,46.248]}},{"type":"Feature","properties":{"id":"ppm-fr-14829","name":"Catillon Fumechon Wind Farm","capacity_mw":25.5,"fuel_type":"wind","status":"operational","precision":"approximate","source":"powerplantmatching v0.9.0, 2026-10-03 · Global Energy Monitor","source_url":"https://github.com/PyPSA/powerplantmatching","tech":"Onshore","commissioning_year":2025},"geometry":{"type":"Point","coordinates":[3.006,46.19]}},{"type":"Feature","properties":{"id":"ppm-fr-6531","name":"Saint Magne Confidentiel Solar Farm","capacity_mw":25.4,"fuel_type":"solar","status":"operational","precision":"approximate","source":"powerplantmatching v0.9.0, 2026-10-03 · Global Energy Monitor, OpenStreetMap","source_url":"https://www.openstreetmap.org/way/61566513","tech":"PV","commissioning_year":2018},"geometry":{"type":"Point","coordinates":[-0.656,44.527]}},{"type":"Feature","properties":{"id":"ppm-fr-6386","name":"Terres Chaudes Wind Farm","capacity_mw":25.2,"fuel_type":"wind","status":"operational","precision":"approximate","source":"powerplantmatching v0.9.0, 2026-10-03 · Global Energy Monitor, OpenStreetMap","source_url":"https://www.openstreetmap.org/relation/17710806","tech":"Onshore","commissioning_year":2024},"geometry":{"type":"Point","coordinates":[2.504,48.07]}},{"type":"Feature","properties":{"id":"ppm-fr-7601","name":"Bleuets Wind Farm","capacity_mw":25.2,"fuel_type":"wind","status":"operational","precision":"approximate","source":"powerplantmatching v0.9.0, 2026-10-03 · Global Energy Monitor, OpenStreetMap","source_url":"https://www.openstreetmap.org/relation/15966171","tech":"Onshore","commissioning_year":2023},"geometry":{"type":"Point","coordinates":[1.999,49.84]}},{"type":"Feature","properties":{"id":"ppm-fr-17693","name":"Hazia Solar Farm","capacity_mw":25.2,"fuel_type":"solar","status":"operational","precision":"approximate","source":"powerplantmatching v0.9.0, 2026-10-03 · Global Energy Monitor","source_url":"https://github.com/PyPSA/powerplantmatching","tech":"PV"},"geometry":{"type":"Point","coordinates":[0.652,44.557]}},{"type":"Feature","properties":{"id":"ppm-fr-21922","name":"Patis Aux Chevaux Wind Farm","capacity_mw":25.2,"fuel_type":"wind","status":"operational","precision":"approximate","source":"powerplantmatching v0.9.0, 2026-10-03 · Global Energy Monitor","source_url":"https://github.com/PyPSA/powerplantmatching","tech":"Onshore","commissioning_year":2022},"geometry":{"type":"Point","coordinates":[-0.413,47.745]}},{"type":"Feature","properties":{"id":"ppm-fr-25658","name":"Velennes Fremontiers Wind Farm","capacity_mw":25.1,"fuel_type":"wind","status":"operational","precision":"approximate","source":"powerplantmatching v0.9.0, 2026-10-03 · Global Energy Monitor","source_url":"https://github.com/PyPSA/powerplantmatching","tech":"Onshore","commissioning_year":2019},"geometry":{"type":"Point","coordinates":[2.085,49.763]}},{"type":"Feature","properties":{"id":"ppm-fr-6452","name":"Saint Yan Solar Farm","capacity_mw":25.0,"fuel_type":"solar","status":"operational","precision":"approximate","source":"powerplantmatching v0.9.0, 2026-10-03 · Global Energy Monitor, OpenStreetMap","source_url":"https://www.openstreetmap.org/relation/20141818","tech":"PV","commissioning_year":2024},"geometry":{"type":"Point","coordinates":[4.021,46.407]}},{"type":"Feature","properties":{"id":"ppm-fr-6597","name":"Provence Grand Large Wind Farm","capacity_mw":25.0,"fuel_type":"wind","status":"operational","precision":"approximate","source":"powerplantmatching v0.9.0, 2026-10-03 · Global Energy Monitor, OpenStreetMap","source_url":"https://www.openstreetmap.org/way/1373303164","tech":"Offshore","commissioning_year":2024},"geometry":{"type":"Point","coordinates":[4.971,43.166]}},{"type":"Feature","properties":{"id":"ppm-fr-7147","name":"Haut Plateau Picard Wind Farm","capacity_mw":25.0,"fuel_type":"wind","status":"operational","precision":"approximate","source":"powerplantmatching v0.9.0, 2026-10-03 · Global Energy Monitor, OpenStreetMap","source_url":"https://www.openstreetmap.org/relation/7943893","tech":"Onshore","commissioning_year":2015},"geometry":{"type":"Point","coordinates":[2.026,49.939]}},{"type":"Feature","properties":{"id":"ppm-fr-7487","name":"Bois Des Fontaines Wind Farm","capacity_mw":25.0,"fuel_type":"wind","status":"operational","precision":"approximate","source":"powerplantmatching v0.9.0, 2026-10-03 · Global Energy Monitor, OpenStreetMap","source_url":"https://www.openstreetmap.org/relation/15589914","tech":"Onshore","commissioning_year":2022},"geometry":{"type":"Point","coordinates":[1.752,48.338]}},{"type":"Feature","properties":{"id":"ppm-fr-7646","name":"Baudignecourt Wind Farm","capacity_mw":25.0,"fuel_type":"wind","status":"operational","precision":"approximate","source":"powerplantmatching v0.9.0, 2026-10-03 · Global Energy Monitor, OpenStreetMap","source_url":"https://www.openstreetmap.org/relation/10778861","tech":"Onshore","commissioning_year":2011},"geometry":{"type":"Point","coordinates":[5.446,48.558]}},{"type":"Feature","properties":{"id":"ppm-fr-13282","name":"Beaumont Innergex Wind Farm","capacity_mw":25.0,"fuel_type":"wind","status":"operational","precision":"approximate","source":"powerplantmatching v0.9.0, 2026-10-03 · Global Energy Monitor","source_url":"https://github.com/PyPSA/powerplantmatching","tech":"Onshore","commissioning_year":2015},"geometry":{"type":"Point","coordinates":[4.105,49.643]}},{"type":"Feature","properties":{"id":"ppm-fr-16698","name":"Falvieux Wind Farm","capacity_mw":25.0,"fuel_type":"wind","status":"operational","precision":"approximate","source":"powerplantmatching v0.9.0, 2026-10-03 · Global Energy Monitor","source_url":"https://github.com/PyPSA/powerplantmatching","tech":"Onshore"},"geometry":{"type":"Point","coordinates":[2.889,49.718]}},{"type":"Feature","properties":{"id":"ppm-fr-18045","name":"Istres Solar Farm","capacity_mw":25.0,"fuel_type":"solar","status":"operational","precision":"approximate","source":"powerplantmatching v0.9.0, 2026-10-03 · Global Energy Monitor","source_url":"https://github.com/PyPSA/powerplantmatching","tech":"PV","commissioning_year":2014},"geometry":{"type":"Point","coordinates":[5.0,43.566]}},{"type":"Feature","properties":{"id":"ppm-fr-19635","name":"Le Margnes Wind Farm","capacity_mw":25.0,"fuel_type":"wind","status":"operational","precision":"approximate","source":"powerplantmatching v0.9.0, 2026-10-03 · Global Energy Monitor","source_url":"https://github.com/PyPSA/powerplantmatching","tech":"Onshore","commissioning_year":2009},"geometry":{"type":"Point","coordinates":[2.612,43.641]}},{"type":"Feature","properties":{"id":"ppm-fr-6665","name":"Ortaffa Confidentiel Solar Farm","capacity_mw":24.9,"fuel_type":"solar","status":"operational","precision":"approximate","source":"powerplantmatching v0.9.0, 2026-10-03 · Global Energy Monitor, OpenStreetMap","source_url":"https://www.openstreetmap.org/relation/6014679","tech":"PV","commissioning_year":2013},"geometry":{"type":"Point","coordinates":[2.927,42.579]}},{"type":"Feature","properties":{"id":"ppm-fr-7090","name":"Gueures Wind Farm","capacity_mw":24.9,"fuel_type":"wind","status":"operational","precision":"approximate","source":"powerplantmatching v0.9.0, 2026-10-03 · Global Energy Monitor, OpenStreetMap","source_url":"https://www.openstreetmap.org/relation/17077222","tech":"Onshore","commissioning_year":2008},"geometry":{"type":"Point","coordinates":[0.978,49.855]}},{"type":"Feature","properties":{"id":"ppm-fr-23881","name":"Signes Confidentiel Solar Farm","capacity_mw":24.8,"fuel_type":"solar","status":"operational","precision":"approximate","source":"powerplantmatching v0.9.0, 2026-10-03 · Global Energy Monitor","source_url":"https://github.com/PyPSA/powerplantmatching","tech":"PV","commissioning_year":2014},"geometry":{"type":"Point","coordinates":[5.864,43.291]}},{"type":"Feature","properties":{"id":"ppm-fr-689","name":"Eygliers","capacity_mw":24.7,"fuel_type":"hydro","status":"operational","precision":"approximate","source":"powerplantmatching v0.9.0, 2026-10-03 · JRC (European Commission), Global Hydropower Resources, WRI GPPD, OpenStreetMap, GEO","source_url":"https://www.openstreetmap.org/relation/19446781","tech":"Reservoir","commissioning_year":1970},"geometry":{"type":"Point","coordinates":[6.65,44.672]}},{"type":"Feature","properties":{"id":"ppm-fr-1957","name":"Hautefage","capacity_mw":24.7,"fuel_type":"hydro","status":"operational","precision":"approximate","source":"powerplantmatching v0.9.0, 2026-10-03 · JRC (European Commission), Global Hydropower Resources, WRI GPPD, GEO","source_url":"https://github.com/PyPSA/powerplantmatching","tech":"Reservoir","commissioning_year":1958},"geometry":{"type":"Point","coordinates":[1.994,45.06]}},{"type":"Feature","properties":{"id":"ppm-fr-25533","name":"Valenciennes Aerodrome Solar Farm","capacity_mw":24.7,"fuel_type":"solar","status":"operational","precision":"approximate","source":"powerplantmatching v0.9.0, 2026-10-03 · Global Energy Monitor","source_url":"https://github.com/PyPSA/powerplantmatching","tech":"PV","commissioning_year":2025},"geometry":{"type":"Point","coordinates":[3.41,50.27]}},{"type":"Feature","properties":{"id":"ppm-fr-6479","name":"Soleil Levant Wind Farm","capacity_mw":24.6,"fuel_type":"wind","status":"operational","precision":"approximate","source":"powerplantmatching v0.9.0, 2026-10-03 · Global Energy Monitor, OpenStreetMap","source_url":"https://www.openstreetmap.org/relation/13083177","tech":"Onshore","commissioning_year":2014},"geometry":{"type":"Point","coordinates":[3.703,47.789]}},{"type":"Feature","properties":{"id":"ppm-fr-6702","name":"Mulhouse Confidentiel Solar Farm","capacity_mw":24.6,"fuel_type":"solar","status":"operational","precision":"approximate","source":"powerplantmatching v0.9.0, 2026-10-03 · Global Energy Monitor, OpenStreetMap","source_url":"https://www.openstreetmap.org/way/1281322507","tech":"PV","commissioning_year":2024},"geometry":{"type":"Point","coordinates":[7.436,47.741]}},{"type":"Feature","properties":{"id":"ppm-fr-7242","name":"Figanieres Solar","capacity_mw":24.6,"fuel_type":"solar","status":"operational","precision":"approximate","source":"powerplantmatching v0.9.0, 2026-10-03 · Global Energy Monitor, OpenStreetMap","source_url":"https://www.openstreetmap.org/way/242535556","tech":"PV","commissioning_year":2011},"geometry":{"type":"Point","coordinates":[6.498,43.571]}},{"type":"Feature","properties":{"id":"ppm-fr-3551","name":"Centrale Arrens","capacity_mw":24.5,"fuel_type":"hydro","status":"operational","precision":"approximate","source":"powerplantmatching v0.9.0, 2026-10-03 · JRC (European Commission), Global Hydropower Resources, OpenStreetMap","source_url":"https://www.openstreetmap.org/way/154182360","tech":"Run-Of-River","commissioning_year":1966},"geometry":{"type":"Point","coordinates":[-0.218,42.947]}},{"type":"Feature","properties":{"id":"ppm-fr-16856","name":"Fond Du Moulin Wind Farm","capacity_mw":24.5,"fuel_type":"wind","status":"operational","precision":"approximate","source":"powerplantmatching v0.9.0, 2026-10-03 · Global Energy Monitor","source_url":"https://github.com/PyPSA/powerplantmatching","tech":"Onshore","commissioning_year":2017},"geometry":{"type":"Point","coordinates":[1.917,49.761]}},{"type":"Feature","properties":{"id":"ppm-fr-23001","name":"Renaires","capacity_mw":24.5,"fuel_type":"gas","status":"operational","precision":"approximate","source":"powerplantmatching v0.9.0, 2026-10-03 · Global Energy Monitor","source_url":"https://github.com/PyPSA/powerplantmatching","tech":"Steam Turbine","commissioning_year":2020},"geometry":{"type":"Point","coordinates":[5.017,43.361]}},{"type":"Feature","properties":{"id":"ppm-fr-7688","name":"Tilleul Othon Wind Farm","capacity_mw":24.4,"fuel_type":"wind","status":"operational","precision":"approximate","source":"powerplantmatching v0.9.0, 2026-10-03 · Global Energy Monitor, OpenStreetMap","source_url":"https://www.openstreetmap.org/relation/11988853","tech":"Onshore","commissioning_year":2020},"geometry":{"type":"Point","coordinates":[0.817,49.108]}},{"type":"Feature","properties":{"id":"ppm-fr-17371","name":"Grand Champ Wind Farm","capacity_mw":24.4,"fuel_type":"wind","status":"operational","precision":"approximate","source":"powerplantmatching v0.9.0, 2026-10-03 · Global Energy Monitor","source_url":"https://github.com/PyPSA/powerplantmatching","tech":"Onshore","commissioning_year":2022},"geometry":{"type":"Point","coordinates":[-0.507,47.086]}},{"type":"Feature","properties":{"id":"ppm-fr-6485","name":"Saint Etienne Sous Bailleul Confidentiel Solar","capacity_mw":24.3,"fuel_type":"solar","status":"operational","precision":"approximate","source":"powerplantmatching v0.9.0, 2026-10-03 · Global Energy Monitor, OpenStreetMap","source_url":"https://www.openstreetmap.org/relation/10691643","tech":"PV","commissioning_year":2019},"geometry":{"type":"Point","coordinates":[1.406,49.123]}},{"type":"Feature","properties":{"id":"ppm-fr-6641","name":"Morhange Confidentiel Solar","capacity_mw":24.1,"fuel_type":"solar","status":"operational","precision":"approximate","source":"powerplantmatching v0.9.0, 2026-10-03 · Global Energy Monitor, OpenStreetMap","source_url":"https://www.openstreetmap.org/relation/16236071","tech":"PV","commissioning_year":2021},"geometry":{"type":"Point","coordinates":[6.646,48.925]}},{"type":"Feature","properties":{"id":"ppm-fr-1956","name":"Chaudanne","capacity_mw":24.0,"fuel_type":"hydro","status":"operational","precision":"approximate","source":"powerplantmatching v0.9.0, 2026-10-03 · JRC (European Commission), Global Hydropower Resources, WRI GPPD, GEO","source_url":"https://github.com/PyPSA/powerplantmatching","tech":"Reservoir","commissioning_year":1952},"geometry":{"type":"Point","coordinates":[6.544,43.848]}},{"type":"Feature","properties":{"id":"ppm-fr-6430","name":"Seuil Du Cambresis Wind Farm","capacity_mw":24.0,"fuel_type":"wind","status":"operational","precision":"approximate","source":"powerplantmatching v0.9.0, 2026-10-03 · Global Energy Monitor, OpenStreetMap","source_url":"https://www.openstreetmap.org/relation/13257062","tech":"Onshore","commissioning_year":2019},"geometry":{"type":"Point","coordinates":[3.136,50.1]}},{"type":"Feature","properties":{"id":"ppm-fr-6607","name":"Portes De Brame Benaize Wind Farm","capacity_mw":24.0,"fuel_type":"wind","status":"operational","precision":"approximate","source":"powerplantmatching v0.9.0, 2026-10-03 · Global Energy Monitor, OpenStreetMap","source_url":"https://www.openstreetmap.org/relation/17812722","tech":"Onshore","commissioning_year":2024},"geometry":{"type":"Point","coordinates":[1.168,46.181]}},{"type":"Feature","properties":{"id":"ppm-fr-6692","name":"Neoules Solar Farm","capacity_mw":24.0,"fuel_type":"solar","status":"operational","precision":"approximate","source":"powerplantmatching v0.9.0, 2026-10-03 · Global Energy Monitor, OpenStreetMap","source_url":"https://www.openstreetmap.org/relation/3501886","tech":"PV","commissioning_year":2012},"geometry":{"type":"Point","coordinates":[6.029,43.295]}},{"type":"Feature","properties":{"id":"ppm-fr-6710","name":"Luc Sur Orbieu Wind Farm","capacity_mw":24.0,"fuel_type":"wind","status":"operational","precision":"approximate","source":"powerplantmatching v0.9.0, 2026-10-03 · Global Energy Monitor, OpenStreetMap","source_url":"https://www.openstreetmap.org/relation/4031930","tech":"Onshore","commissioning_year":2007},"geometry":{"type":"Point","coordinates":[2.812,43.175]}},{"type":"Feature","properties":{"id":"ppm-fr-6717","name":"Lizant Saint Macoux Wind Farm","capacity_mw":24.0,"fuel_type":"wind","status":"operational","precision":"approximate","source":"powerplantmatching v0.9.0, 2026-10-03 · Global Energy Monitor, OpenStreetMap","source_url":"https://www.openstreetmap.org/relation/8343846","tech":"Onshore","commissioning_year":2014},"geometry":{"type":"Point","coordinates":[0.26,46.105]}},{"type":"Feature","properties":{"id":"ppm-fr-6731","name":"Mont De Gerson Wind Farm","capacity_mw":24.0,"fuel_type":"wind","status":"operational","precision":"approximate","source":"powerplantmatching v0.9.0, 2026-10-03 · Global Energy Monitor, OpenStreetMap","source_url":"https://www.openstreetmap.org/relation/12799904","tech":"Onshore","commissioning_year":2010},"geometry":{"type":"Point","coordinates":[4.362,49.545]}},{"type":"Feature","properties":{"id":"ppm-fr-6777","name":"Le Mont Grignon Wind Farm","capacity_mw":24.0,"fuel_type":"wind","status":"operational","precision":"approximate","source":"powerplantmatching v0.9.0, 2026-10-03 · Global Energy Monitor, OpenStreetMap","source_url":"https://www.openstreetmap.org/relation/7986016","tech":"Onshore","commissioning_year":2010},"geometry":{"type":"Point","coordinates":[4.07,48.693]}},{"type":"Feature","properties":{"id":"ppm-fr-6803","name":"Le Bernard Wind Farm","capacity_mw":24.0,"fuel_type":"wind","status":"operational","precision":"approximate","source":"powerplantmatching v0.9.0, 2026-10-03 · Global Energy Monitor, OpenStreetMap","source_url":"https://www.openstreetmap.org/relation/4031928","tech":"Onshore","commissioning_year":2007},"geometry":{"type":"Point","coordinates":[-1.446,46.421]}},{"type":"Feature","properties":{"id":"ppm-fr-6826","name":"Les Barbes Or Wind Farm","capacity_mw":24.0,"fuel_type":"wind","status":"operational","precision":"approximate","source":"powerplantmatching v0.9.0, 2026-10-03 · Global Energy Monitor, OpenStreetMap","source_url":"https://www.openstreetmap.org/relation/13090510","tech":"Onshore","commissioning_year":2009},"geometry":{"type":"Point","coordinates":[2.064,46.985]}},{"type":"Feature","properties":{"id":"ppm-fr-6839","name":"La Motelle Wind Farm","capacity_mw":24.0,"fuel_type":"wind","status":"operational","precision":"approximate","source":"powerplantmatching v0.9.0, 2026-10-03 · Global Energy Monitor, OpenStreetMap","source_url":"https://www.openstreetmap.org/relation/7985990","tech":"Onshore","commissioning_year":2013},"geometry":{"type":"Point","coordinates":[4.096,49.561]}},{"type":"Feature","properties":{"id":"ppm-fr-6886","name":"Huitre Et Granville Wind Farm","capacity_mw":24.0,"fuel_type":"wind","status":"operational","precision":"approximate","source":"powerplantmatching v0.9.0, 2026-10-03 · Global Energy Monitor, OpenStreetMap","source_url":"https://www.openstreetmap.org/relation/13461620","tech":"Onshore","commissioning_year":2009},"geometry":{"type":"Point","coordinates":[4.217,48.567]}},{"type":"Feature","properties":{"id":"ppm-fr-7102","name":"Greneville En Beauce Wind Farm","capacity_mw":24.0,"fuel_type":"wind","status":"operational","precision":"approximate","source":"powerplantmatching v0.9.0, 2026-10-03 · Global Energy Monitor, OpenStreetMap","source_url":"https://www.openstreetmap.org/relation/13089705","tech":"Onshore","commissioning_year":2013},"geometry":{"type":"Point","coordinates":[2.131,48.19]}},{"type":"Feature","properties":{"id":"ppm-fr-7150","name":"Haute Somme Wind Farm","capacity_mw":24.0,"fuel_type":"wind","status":"operational","precision":"approximate","source":"powerplantmatching v0.9.0, 2026-10-03 · Global Energy Monitor, OpenStreetMap","source_url":"https://www.openstreetmap.org/relation/10704980","tech":"Onshore","commissioning_year":2010},"geometry":{"type":"Point","coordinates":[3.009,50.008]}},{"type":"Feature","properties":{"id":"ppm-fr-7166","name":"Gargenville Solar Farm","capacity_mw":24.0,"fuel_type":"solar","status":"operational","precision":"approximate","source":"powerplantmatching v0.9.0, 2026-10-03 · Global Energy Monitor, OpenStreetMap","source_url":"https://www.openstreetmap.org/relation/19255703","tech":"PV","commissioning_year":2022},"geometry":{"type":"Point","coordinates":[1.802,48.974]}},{"type":"Feature","properties":{"id":"ppm-fr-7187","name":"Plaine Du Bois De Falfosse Wind Farm","capacity_mw":24.0,"fuel_type":"wind","status":"operational","precision":"approximate","source":"powerplantmatching v0.9.0, 2026-10-03 · Global Energy Monitor, OpenStreetMap","source_url":"https://www.openstreetmap.org/relation/9470129","tech":"Onshore","commissioning_year":2016},"geometry":{"type":"Point","coordinates":[0.591,49.793]}},{"type":"Feature","properties":{"id":"ppm-fr-7193","name":"Epinette Ostwind Wind Farm","capacity_mw":24.0,"fuel_type":"wind","status":"operational","precision":"approximate","source":"powerplantmatching v0.9.0, 2026-10-03 · Global Energy Monitor, OpenStreetMap","source_url":"https://www.openstreetmap.org/relation/12572212","tech":"Onshore","commissioning_year":2008},"geometry":{"type":"Point","coordinates":[1.962,50.533]}},{"type":"Feature","properties":{"id":"ppm-fr-7199","name":"Espinassiere Wind Farm","capacity_mw":24.0,"fuel_type":"wind","status":"operational","precision":"approximate","source":"powerplantmatching v0.9.0, 2026-10-03 · Global Energy Monitor, OpenStreetMap","source_url":"https://www.openstreetmap.org/relation/13092100","tech":"Onshore","commissioning_year":2006},"geometry":{"type":"Point","coordinates":[-1.773,46.889]}},{"type":"Feature","properties":{"id":"ppm-fr-7225","name":"Dainville Bertheleville Wind Farm","capacity_mw":24.0,"fuel_type":"wind","status":"operational","precision":"approximate","source":"powerplantmatching v0.9.0, 2026-10-03 · Global Energy Monitor, OpenStreetMap","source_url":"https://www.openstreetmap.org/relation/9415370","tech":"Onshore","commissioning_year":2017},"geometry":{"type":"Point","coordinates":[5.547,48.452]}},{"type":"Feature","properties":{"id":"ppm-fr-7250","name":"Croix Noire Wind Farm","capacity_mw":24.0,"fuel_type":"wind","status":"operational","precision":"approximate","source":"powerplantmatching v0.9.0, 2026-10-03 · Global Energy Monitor, OpenStreetMap","source_url":"https://www.openstreetmap.org/relation/7947892","tech":"Onshore","commissioning_year":2017},"geometry":{"type":"Point","coordinates":[2.471,50.257]}},{"type":"Feature","properties":{"id":"ppm-fr-7261","name":"Croix De Chalais Wind Farm","capacity_mw":24.0,"fuel_type":"wind","status":"operational","precision":"approximate","source":"powerplantmatching v0.9.0, 2026-10-03 · Global Energy Monitor, OpenStreetMap","source_url":"https://www.openstreetmap.org/relation/14034838","tech":"Onshore","commissioning_year":2022},"geometry":{"type":"Point","coordinates":[0.711,46.198]}},{"type":"Feature","properties":{"id":"ppm-fr-7383","name":"Chapelle Vallon Wind Farm","capacity_mw":24.0,"fuel_type":"wind","status":"operational","precision":"approximate","source":"powerplantmatching v0.9.0, 2026-10-03 · Global Energy Monitor, OpenStreetMap","source_url":"https://www.openstreetmap.org/relation/7985957","tech":"Onshore","commissioning_year":2006},"geometry":{"type":"Point","coordinates":[4.042,48.434]}},{"type":"Feature","properties":{"id":"ppm-fr-7459","name":"Cerisou Wind Farm","capacity_mw":24.0,"fuel_type":"wind","status":"operational","precision":"approximate","source":"powerplantmatching v0.9.0, 2026-10-03 · Global Energy Monitor, OpenStreetMap","source_url":"https://www.openstreetmap.org/relation/15355025","tech":"Onshore","commissioning_year":2021},"geometry":{"type":"Point","coordinates":[0.357,46.177]}},{"type":"Feature","properties":{"id":"ppm-fr-7502","name":"Canton De Bonneval Wind Farm","capacity_mw":24.0,"fuel_type":"wind","status":"operational","precision":"approximate","source":"powerplantmatching v0.9.0, 2026-10-03 · Global Energy Monitor, OpenStreetMap","source_url":"https://www.openstreetmap.org/relation/2684380","tech":"Onshore","commissioning_year":2009},"geometry":{"type":"Point","coordinates":[1.533,48.222]}},{"type":"Feature","properties":{"id":"ppm-fr-7517","name":"Briare Solar Farm","capacity_mw":24.0,"fuel_type":"solar","status":"operational","precision":"approximate","source":"powerplantmatching v0.9.0, 2026-10-03 · Global Energy Monitor, OpenStreetMap","source_url":"https://www.openstreetmap.org/way/1030331312","tech":"PV","commissioning_year":2022},"geometry":{"type":"Point","coordinates":[2.741,47.641]}},{"type":"Feature","properties":{"id":"ppm-fr-7529","name":"Bois Violette Wind Farm","capacity_mw":24.0,"fuel_type":"wind","status":"operational","precision":"approximate","source":"powerplantmatching v0.9.0, 2026-10-03 · Global Energy Monitor, OpenStreetMap","source_url":"https://www.openstreetmap.org/relation/10780301","tech":"Onshore","commissioning_year":2009},"geometry":{"type":"Point","coordinates":[1.923,48.252]}},{"type":"Feature","properties":{"id":"ppm-fr-7603","name":"Bois Ballay Wind Farm","capacity_mw":24.0,"fuel_type":"wind","status":"operational","precision":"approximate","source":"powerplantmatching v0.9.0, 2026-10-03 · Global Energy Monitor, OpenStreetMap","source_url":"https://www.openstreetmap.org/relation/7340033","tech":"Onshore","commissioning_year":2011},"geometry":{"type":"Point","coordinates":[2.158,46.91]}},{"type":"Feature","properties":{"id":"ppm-fr-7644","name":"Basse Thierarche Wind Farm","capacity_mw":24.0,"fuel_type":"wind","status":"operational","precision":"approximate","source":"powerplantmatching v0.9.0, 2026-10-03 · Global Energy Monitor, OpenStreetMap","source_url":"https://www.openstreetmap.org/relation/7943913","tech":"Onshore","commissioning_year":2014},"geometry":{"type":"Point","coordinates":[3.664,49.951]}},{"type":"Feature","properties":{"id":"ppm-fr-7649","name":"Avesnes Beauvoir Wind Farm","capacity_mw":24.0,"fuel_type":"wind","status":"operational","precision":"approximate","source":"powerplantmatching v0.9.0, 2026-10-03 · Global Energy Monitor, OpenStreetMap","source_url":"https://www.openstreetmap.org/relation/13598231","tech":"Onshore","commissioning_year":2011},"geometry":{"type":"Point","coordinates":[1.637,49.476]}},{"type":"Feature","properties":{"id":"ppm-fr-7655","name":"Bajouve Wind Farm","capacity_mw":24.0,"fuel_type":"wind","status":"operational","precision":"approximate","source":"powerplantmatching v0.9.0, 2026-10-03 · Global Energy Monitor, OpenStreetMap","source_url":"https://www.openstreetmap.org/relation/10115492","tech":"Onshore","commissioning_year":2015},"geometry":{"type":"Point","coordinates":[2.685,45.684]}},{"type":"Feature","properties":{"id":"ppm-fr-7658","name":"Bois De Montrigaud Wind Farm","capacity_mw":24.0,"fuel_type":"wind","status":"operational","precision":"approximate","source":"powerplantmatching v0.9.0, 2026-10-03 · Global Energy Monitor, OpenStreetMap","source_url":"https://www.openstreetmap.org/relation/8413813","tech":"Onshore","commissioning_year":2012},"geometry":{"type":"Point","coordinates":[5.11,45.24]}},{"type":"Feature","properties":{"id":"ppm-fr-15718","name":"Darblay","capacity_mw":24.0,"fuel_type":"gas","status":"operational","precision":"approximate","source":"powerplantmatching v0.9.0, 2026-10-03 · Global Energy Monitor","source_url":"https://github.com/PyPSA/powerplantmatching","tech":"Steam Turbine","commissioning_year":1980},"geometry":{"type":"Point","coordinates":[1.015,49.377]}},{"type":"Feature","properties":{"id":"ppm-fr-16191","name":"Droupt Saint Basle Wind Farm","capacity_mw":24.0,"fuel_type":"wind","status":"operational","precision":"approximate","source":"powerplantmatching v0.9.0, 2026-10-03 · Global Energy Monitor","source_url":"https://github.com/PyPSA/powerplantmatching","tech":"Onshore"},"geometry":{"type":"Point","coordinates":[3.948,48.491]}},{"type":"Feature","properties":{"id":"ppm-fr-17374","name":"Grande Epine Wind Farm","capacity_mw":24.0,"fuel_type":"wind","status":"operational","precision":"approximate","source":"powerplantmatching v0.9.0, 2026-10-03 · Global Energy Monitor","source_url":"https://github.com/PyPSA/powerplantmatching","tech":"Onshore","commissioning_year":2008},"geometry":{"type":"Point","coordinates":[1.343,48.285]}},{"type":"Feature","properties":{"id":"ppm-fr-17676","name":"Haut De Mergey Wind Farm","capacity_mw":24.0,"fuel_type":"wind","status":"operational","precision":"approximate","source":"powerplantmatching v0.9.0, 2026-10-03 · Global Energy Monitor","source_url":"https://github.com/PyPSA/powerplantmatching","tech":"Onshore"},"geometry":{"type":"Point","coordinates":[4.07,48.413]}},{"type":"Feature","properties":{"id":"ppm-fr-17685","name":"Hauts Moulin Wind Farm","capacity_mw":24.0,"fuel_type":"wind","status":"operational","precision":"approximate","source":"powerplantmatching v0.9.0, 2026-10-03 · Global Energy Monitor","source_url":"https://github.com/PyPSA/powerplantmatching","tech":"Onshore","commissioning_year":2012},"geometry":{"type":"Point","coordinates":[3.797,48.626]}},{"type":"Feature","properties":{"id":"ppm-fr-20228","name":"Maisnieres Frettemeule Wind Farm","capacity_mw":24.0,"fuel_type":"wind","status":"operational","precision":"approximate","source":"powerplantmatching v0.9.0, 2026-10-03 · Global Energy Monitor","source_url":"https://github.com/PyPSA/powerplantmatching","tech":"Onshore","commissioning_year":2007},"geometry":{"type":"Point","coordinates":[1.372,50.013]}},{"type":"Feature","properties":{"id":"ppm-fr-20778","name":"Mont De Bagny Wind Farm","capacity_mw":24.0,"fuel_type":"wind","status":"operational","precision":"approximate","source":"powerplantmatching v0.9.0, 2026-10-03 · Global Energy Monitor","source_url":"https://github.com/PyPSA/powerplantmatching","tech":"Onshore","commissioning_year":2017},"geometry":{"type":"Point","coordinates":[3.471,50.056]}},{"type":"Feature","properties":{"id":"ppm-fr-23366","name":"Saint Aubin Sur Aire Wind Farm","capacity_mw":24.0,"fuel_type":"wind","status":"operational","precision":"approximate","source":"powerplantmatching v0.9.0, 2026-10-03 · Global Energy Monitor","source_url":"https://github.com/PyPSA/powerplantmatching","tech":"Onshore","commissioning_year":2007},"geometry":{"type":"Point","coordinates":[5.424,48.702]}},{"type":"Feature","properties":{"id":"ppm-fr-24237","name":"Souleilla Corbieres Wind Farm","capacity_mw":24.0,"fuel_type":"wind","status":"operational","precision":"approximate","source":"powerplantmatching v0.9.0, 2026-10-03 · Global Energy Monitor","source_url":"https://github.com/PyPSA/powerplantmatching","tech":"Onshore","commissioning_year":2001},"geometry":{"type":"Point","coordinates":[2.92,42.91]}},{"type":"Feature","properties":{"id":"ppm-fr-25679","name":"Velye Wind Farm","capacity_mw":24.0,"fuel_type":"wind","status":"operational","precision":"approximate","source":"powerplantmatching v0.9.0, 2026-10-03 · Global Energy Monitor","source_url":"https://github.com/PyPSA/powerplantmatching","tech":"Onshore","commissioning_year":2025},"geometry":{"type":"Point","coordinates":[4.165,48.891]}},{"type":"Feature","properties":{"id":"ppm-fr-6396","name":"Sud Vannier Wind Farm","capacity_mw":23.6,"fuel_type":"wind","status":"operational","precision":"approximate","source":"powerplantmatching v0.9.0, 2026-10-03 · Global Energy Monitor, OpenStreetMap","source_url":"https://www.openstreetmap.org/relation/17081748","tech":"Onshore","commissioning_year":2023},"geometry":{"type":"Point","coordinates":[5.565,47.708]}},{"type":"Feature","properties":{"id":"ppm-fr-15051","name":"Champvoisin Wind Farm","capacity_mw":23.6,"fuel_type":"wind","status":"operational","precision":"approximate","source":"powerplantmatching v0.9.0, 2026-10-03 · Global Energy Monitor","source_url":"https://github.com/PyPSA/powerplantmatching","tech":"Onshore","commissioning_year":2020},"geometry":{"type":"Point","coordinates":[-0.141,46.458]}},{"type":"Feature","properties":{"id":"ppm-fr-16696","name":"Falfosse Et Ramonts Wind Farm","capacity_mw":23.5,"fuel_type":"wind","status":"operational","precision":"approximate","source":"powerplantmatching v0.9.0, 2026-10-03 · Global Energy Monitor","source_url":"https://github.com/PyPSA/powerplantmatching","tech":"Onshore","commissioning_year":2016},"geometry":{"type":"Point","coordinates":[0.59,49.804]}},{"type":"Feature","properties":{"id":"ppm-fr-7600","name":"Blaux Solar","capacity_mw":23.4,"fuel_type":"solar","status":"operational","precision":"approximate","source":"powerplantmatching v0.9.0, 2026-10-03 · Global Energy Monitor, OpenStreetMap","source_url":"https://www.openstreetmap.org/relation/3501960","tech":"PV"},"geometry":{"type":"Point","coordinates":[6.039,44.429]}},{"type":"Feature","properties":{"id":"ppm-fr-7653","name":"Baignes Wind Farm","capacity_mw":23.4,"fuel_type":"wind","status":"operational","precision":"approximate","source":"powerplantmatching v0.9.0, 2026-10-03 · Global Energy Monitor, OpenStreetMap","source_url":"https://www.openstreetmap.org/relation/18984050","tech":"Onshore","commissioning_year":2024},"geometry":{"type":"Point","coordinates":[-0.264,45.38]}},{"type":"Feature","properties":{"id":"ppm-fr-12475","name":"Amazon Saint Frichoux Solar Farm","capacity_mw":23.4,"fuel_type":"solar","status":"operational","precision":"approximate","source":"powerplantmatching v0.9.0, 2026-10-03 · Global Energy Monitor","source_url":"https://github.com/PyPSA/powerplantmatching","tech":"PV","commissioning_year":2021},"geometry":{"type":"Point","coordinates":[2.56,43.247]}},{"type":"Feature","properties":{"id":"ppm-fr-12771","name":"Ardes Sur Couze Wind Farm","capacity_mw":23.4,"fuel_type":"wind","status":"operational","precision":"approximate","source":"powerplantmatching v0.9.0, 2026-10-03 · Global Energy Monitor","source_url":"https://github.com/PyPSA/powerplantmatching","tech":"Onshore"},"geometry":{"type":"Point","coordinates":[3.109,45.402]}},{"type":"Feature","properties":{"id":"ppm-fr-16530","name":"Etang Bertrand Solar Farm","capacity_mw":23.4,"fuel_type":"solar","status":"operational","precision":"approximate","source":"powerplantmatching v0.9.0, 2026-10-03 · Global Energy Monitor","source_url":"https://github.com/PyPSA/powerplantmatching","tech":"PV","commissioning_year":2022},"geometry":{"type":"Point","coordinates":[1.578,45.295]}},{"type":"Feature","properties":{"id":"ppm-fr-24223","name":"Sore Solar Farm","capacity_mw":23.4,"fuel_type":"solar","status":"operational","precision":"approximate","source":"powerplantmatching v0.9.0, 2026-10-03 · Global Energy Monitor","source_url":"https://github.com/PyPSA/powerplantmatching","tech":"PV","commissioning_year":2018},"geometry":{"type":"Point","coordinates":[-0.621,44.301]}},{"type":"Feature","properties":{"id":"ppm-fr-7311","name":"Cheppes La Prairie Wind Farm","capacity_mw":23.2,"fuel_type":"wind","status":"operational","precision":"approximate","source":"powerplantmatching v0.9.0, 2026-10-03 · Global Energy Monitor, OpenStreetMap","source_url":"https://www.openstreetmap.org/relation/15589882","tech":"Onshore","commissioning_year":2014},"geometry":{"type":"Point","coordinates":[4.423,48.812]}},{"type":"Feature","properties":{"id":"ppm-fr-7441","name":"Buleon Wind Farm","capacity_mw":23.2,"fuel_type":"wind","status":"operational","precision":"approximate","source":"powerplantmatching v0.9.0, 2026-10-03 · Global Energy Monitor, OpenStreetMap","source_url":"https://www.openstreetmap.org/relation/14075848","tech":"Onshore","commissioning_year":2012},"geometry":{"type":"Point","coordinates":[-2.668,47.934]}},{"type":"Feature","properties":{"id":"ppm-fr-6564","name":"Roquecourbe Minervois Confidentiel Solar Farm","capacity_mw":23.1,"fuel_type":"solar","status":"operational","precision":"approximate","source":"powerplantmatching v0.9.0, 2026-10-03 · Global Energy Monitor, OpenStreetMap","source_url":"https://www.openstreetmap.org/relation/18262477","tech":"PV","commissioning_year":2022},"geometry":{"type":"Point","coordinates":[2.65,43.221]}},{"type":"Feature","properties":{"id":"ppm-fr-6391","name":"Tigny Noyelle Wind Farm","capacity_mw":23.0,"fuel_type":"wind","status":"operational","precision":"approximate","source":"powerplantmatching v0.9.0, 2026-10-03 · Global Energy Monitor, OpenStreetMap","source_url":"https://www.openstreetmap.org/relation/20345517","tech":"Onshore","commissioning_year":2016},"geometry":{"type":"Point","coordinates":[1.713,50.365]}},{"type":"Feature","properties":{"id":"ppm-fr-6406","name":"Sources De Ancre Wind Farm","capacity_mw":23.0,"fuel_type":"wind","status":"operational","precision":"approximate","source":"powerplantmatching v0.9.0, 2026-10-03 · Global Energy Monitor, OpenStreetMap","source_url":"https://www.openstreetmap.org/relation/10722309","tech":"Onshore","commissioning_year":2018},"geometry":{"type":"Point","coordinates":[2.719,50.123]}},{"type":"Feature","properties":{"id":"ppm-fr-6560","name":"Roc Del Mounge Wind Farm","capacity_mw":23.0,"fuel_type":"wind","status":"operational","precision":"approximate","source":"powerplantmatching v0.9.0, 2026-10-03 · Global Energy Monitor, OpenStreetMap","source_url":"https://www.openstreetmap.org/relation/10782426","tech":"Onshore","commissioning_year":2019},"geometry":{"type":"Point","coordinates":[2.275,43.452]}},{"type":"Feature","properties":{"id":"ppm-fr-6668","name":"Oursel Maison Wind Farm","capacity_mw":23.0,"fuel_type":"wind","status":"operational","precision":"approximate","source":"powerplantmatching v0.9.0, 2026-10-03 · Global Energy Monitor, OpenStreetMap","source_url":"https://www.openstreetmap.org/relation/10722303","tech":"Onshore","commissioning_year":2017},"geometry":{"type":"Point","coordinates":[2.174,49.609]}},{"type":"Feature","properties":{"id":"ppm-fr-6705","name":"Longuyon Wind Farm","capacity_mw":23.0,"fuel_type":"wind","status":"operational","precision":"approximate","source":"powerplantmatching v0.9.0, 2026-10-03 · Global Energy Monitor, OpenStreetMap","source_url":"https://www.openstreetmap.org/relation/5595384","tech":"Onshore","commissioning_year":2009},"geometry":{"type":"Point","coordinates":[5.637,49.462]}},{"type":"Feature","properties":{"id":"ppm-fr-6824","name":"Les Ailes Argensol Wind Farm","capacity_mw":23.0,"fuel_type":"wind","status":"operational","precision":"approximate","source":"powerplantmatching v0.9.0, 2026-10-03 · Global Energy Monitor, OpenStreetMap","source_url":"https://www.openstreetmap.org/relation/13462550","tech":"Onshore","commissioning_year":2009},"geometry":{"type":"Point","coordinates":[3.922,48.534]}},{"type":"Feature","properties":{"id":"ppm-fr-6841","name":"La Cote Du Moulin Wind Farm","capacity_mw":23.0,"fuel_type":"wind","status":"operational","precision":"approximate","source":"powerplantmatching v0.9.0, 2026-10-03 · Global Energy Monitor, OpenStreetMap","source_url":"https://www.openstreetmap.org/relation/10078148","tech":"Onshore","commissioning_year":2018},"geometry":{"type":"Point","coordinates":[4.086,49.492]}},{"type":"Feature","properties":{"id":"ppm-fr-7184","name":"Essey Les Ponts Wind Farm","capacity_mw":23.0,"fuel_type":"wind","status":"operational","precision":"approximate","source":"powerplantmatching v0.9.0, 2026-10-03 · Global Energy Monitor, OpenStreetMap","source_url":"https://www.openstreetmap.org/relation/10778858","tech":"Onshore","commissioning_year":2018},"geometry":{"type":"Point","coordinates":[4.892,48.052]}},{"type":"Feature","properties":{"id":"ppm-fr-15274","name":"Clussais Wind Farm","capacity_mw":23.0,"fuel_type":"wind","status":"operational","precision":"approximate","source":"powerplantmatching v0.9.0, 2026-10-03 · Global Energy Monitor","source_url":"https://github.com/PyPSA/powerplantmatching","tech":"Onshore","commissioning_year":2010},"geometry":{"type":"Point","coordinates":[-0.015,46.18]}},{"type":"Feature","properties":{"id":"ppm-fr-16902","name":"Fraisse Sur Agout Wind Farm","capacity_mw":23.0,"fuel_type":"wind","status":"operational","precision":"approximate","source":"powerplantmatching v0.9.0, 2026-10-03 · Global Energy Monitor","source_url":"https://github.com/PyPSA/powerplantmatching","tech":"Onshore","commissioning_year":2012},"geometry":{"type":"Point","coordinates":[2.797,43.593]}},{"type":"Feature","properties":{"id":"ppm-fr-19596","name":"Lavagne Et Hermilix Wind Farm","capacity_mw":23.0,"fuel_type":"wind","status":"operational","precision":"approximate","source":"powerplantmatching v0.9.0, 2026-10-03 · Global Energy Monitor","source_url":"https://github.com/PyPSA/powerplantmatching","tech":"Onshore","commissioning_year":2013},"geometry":{"type":"Point","coordinates":[2.945,43.895]}},{"type":"Feature","properties":{"id":"ppm-fr-23389","name":"Saint Francois Wind Farm","capacity_mw":23.0,"fuel_type":"wind","status":"operational","precision":"approximate","source":"powerplantmatching v0.9.0, 2026-10-03 · Global Energy Monitor","source_url":"https://github.com/PyPSA/powerplantmatching","tech":"Onshore","commissioning_year":2015},"geometry":{"type":"Point","coordinates":[2.75,49.71]}},{"type":"Feature","properties":{"id":"ppm-fr-23497","name":"Salsigne Villardonnel Solar Farm","capacity_mw":23.0,"fuel_type":"solar","status":"construction","precision":"approximate","source":"powerplantmatching v0.9.0, 2026-10-03 · Global Energy Monitor","source_url":"https://github.com/PyPSA/powerplantmatching","tech":"PV","commissioning_year":2026},"geometry":{"type":"Point","coordinates":[2.334,43.336]}},{"type":"Feature","properties":{"id":"ppm-fr-19324","name":"Labrit Solar Farm","capacity_mw":22.9,"fuel_type":"solar","status":"operational","precision":"approximate","source":"powerplantmatching v0.9.0, 2026-10-03 · Global Energy Monitor","source_url":"https://github.com/PyPSA/powerplantmatching","tech":"PV","commissioning_year":2021},"geometry":{"type":"Point","coordinates":[-0.563,44.123]}},{"type":"Feature","properties":{"id":"ppm-fr-15440","name":"Coulombiers Confidentiel Solar Farm","capacity_mw":22.8,"fuel_type":"solar","status":"operational","precision":"approximate","source":"powerplantmatching v0.9.0, 2026-10-03 · Global Energy Monitor","source_url":"https://github.com/PyPSA/powerplantmatching","tech":"PV","commissioning_year":2025},"geometry":{"type":"Point","coordinates":[0.187,46.485]}},{"type":"Feature","properties":{"id":"ppm-fr-20923","name":"Moulinet Nouvergies Wind Farm","capacity_mw":22.8,"fuel_type":"wind","status":"operational","precision":"approximate","source":"powerplantmatching v0.9.0, 2026-10-03 · Global Energy Monitor","source_url":"https://github.com/PyPSA/powerplantmatching","tech":"Onshore"},"geometry":{"type":"Point","coordinates":[2.342,50.552]}},{"type":"Feature","properties":{"id":"ppm-fr-688","name":"Cize Bolozon Cize Bolozon Cize Bolozon","capacity_mw":22.7,"fuel_type":"hydro","status":"operational","precision":"approximate","source":"powerplantmatching v0.9.0, 2026-10-03 · JRC (European Commission), Global Hydropower Resources, WRI GPPD, OpenStreetMap, GEO","source_url":"https://www.openstreetmap.org/way/1089523562","tech":"Reservoir","commissioning_year":1931},"geometry":{"type":"Point","coordinates":[5.465,46.211]}},{"type":"Feature","properties":{"id":"ppm-fr-6649","name":"Montfort Confidentiel Solar","capacity_mw":22.7,"fuel_type":"solar","status":"operational","precision":"approximate","source":"powerplantmatching v0.9.0, 2026-10-03 · Global Energy Monitor, OpenStreetMap","source_url":"https://www.openstreetmap.org/relation/18262461","tech":"PV","commissioning_year":2015},"geometry":{"type":"Point","coordinates":[5.973,44.064]}},{"type":"Feature","properties":{"id":"ppm-fr-6286","name":"Ze Energy Gievres Solar","capacity_mw":22.6,"fuel_type":"solar","status":"operational","precision":"approximate","source":"powerplantmatching v0.9.0, 2026-10-03 · Global Energy Monitor, OpenStreetMap","source_url":"https://www.openstreetmap.org/way/1227064307","tech":"PV","commissioning_year":2023},"geometry":{"type":"Point","coordinates":[1.668,47.276]}},{"type":"Feature","properties":{"id":"ppm-fr-6802","name":"Le Berger Wind Farm","capacity_mw":22.6,"fuel_type":"wind","status":"operational","precision":"approximate","source":"powerplantmatching v0.9.0, 2026-10-03 · Global Energy Monitor, OpenStreetMap","source_url":"https://www.openstreetmap.org/relation/16695749","tech":"Onshore","commissioning_year":2023},"geometry":{"type":"Point","coordinates":[5.281,48.93]}},{"type":"Feature","properties":{"id":"ppm-fr-6894","name":"La Sole Du Moulin Vieux Kerles Wind Farm","capacity_mw":22.6,"fuel_type":"wind","status":"operational","precision":"approximate","source":"powerplantmatching v0.9.0, 2026-10-03 · Global Energy Monitor, OpenStreetMap","source_url":"https://www.openstreetmap.org/relation/13260343","tech":"Onshore","commissioning_year":2009},"geometry":{"type":"Point","coordinates":[2.832,49.828]}},{"type":"Feature","properties":{"id":"ppm-fr-15357","name":"Compiegne Wind Farm","capacity_mw":22.5,"fuel_type":"wind","status":"operational","precision":"approximate","source":"powerplantmatching v0.9.0, 2026-10-03 · Global Energy Monitor","source_url":"https://github.com/PyPSA/powerplantmatching","tech":"Onshore","commissioning_year":2021},"geometry":{"type":"Point","coordinates":[2.85,49.417]}},{"type":"Feature","properties":{"id":"ppm-fr-6776","name":"Le Mont De Ponche Wind Farm","capacity_mw":22.4,"fuel_type":"wind","status":"operational","precision":"approximate","source":"powerplantmatching v0.9.0, 2026-10-03 · Global Energy Monitor, OpenStreetMap","source_url":"https://www.openstreetmap.org/relation/11852389","tech":"Onshore","commissioning_year":2007},"geometry":{"type":"Point","coordinates":[2.219,50.599]}},{"type":"Feature","properties":{"id":"ppm-fr-7219","name":"Diesen Site Solar Farm","capacity_mw":22.2,"fuel_type":"solar","status":"operational","precision":"approximate","source":"powerplantmatching v0.9.0, 2026-10-03 · Global Energy Monitor, OpenStreetMap","source_url":"https://www.openstreetmap.org/way/1471862594","tech":"PV","commissioning_year":2021},"geometry":{"type":"Point","coordinates":[6.654,49.157]}},{"type":"Feature","properties":{"id":"ppm-fr-6912","name":"La Brousse Bagnizeau Wind Farm","capacity_mw":22.1,"fuel_type":"wind","status":"operational","precision":"approximate","source":"powerplantmatching v0.9.0, 2026-10-03 · Global Energy Monitor, OpenStreetMap","source_url":"https://www.openstreetmap.org/relation/13953438","tech":"Onshore","commissioning_year":2021},"geometry":{"type":"Point","coordinates":[-0.34,45.905]}},{"type":"Feature","properties":{"id":"ppm-fr-707","name":"Triouzoune","capacity_mw":22.0,"fuel_type":"hydro","status":"operational","precision":"approximate","source":"powerplantmatching v0.9.0, 2026-10-03 · JRC (European Commission), Global Hydropower Resources, WRI GPPD, OpenStreetMap, GEO","source_url":"https://www.openstreetmap.org/relation/9762350","tech":"Reservoir","commissioning_year":1945},"geometry":{"type":"Point","coordinates":[2.349,45.347]}},{"type":"Feature","properties":{"id":"ppm-fr-6237","name":"Vihiersois Wind Farm","capacity_mw":22.0,"fuel_type":"wind","status":"operational","precision":"approximate","source":"powerplantmatching v0.9.0, 2026-10-03 · Global Energy Monitor, OpenStreetMap","source_url":"https://www.openstreetmap.org/relation/10775242","tech":"Onshore","commissioning_year":2019},"geometry":{"type":"Point","coordinates":[-0.537,47.106]}},{"type":"Feature","properties":{"id":"ppm-fr-6510","name":"Sarry Wind Farm","capacity_mw":22.0,"fuel_type":"wind","status":"operational","precision":"approximate","source":"powerplantmatching v0.9.0, 2026-10-03 · Global Energy Monitor, OpenStreetMap","source_url":"https://www.openstreetmap.org/relation/10722312","tech":"Onshore","commissioning_year":2020},"geometry":{"type":"Point","coordinates":[4.098,47.647]}},{"type":"Feature","properties":{"id":"ppm-fr-6566","name":"Plaine De Etantot Wind Farm","capacity_mw":22.0,"fuel_type":"wind","status":"operational","precision":"approximate","source":"powerplantmatching v0.9.0, 2026-10-03 · Global Energy Monitor, OpenStreetMap","source_url":"https://www.openstreetmap.org/relation/13257089","tech":"Onshore","commissioning_year":2021},"geometry":{"type":"Point","coordinates":[1.09,49.683]}},{"type":"Feature","properties":{"id":"ppm-fr-6593","name":"Portes Du Cambresis Wind Farm","capacity_mw":22.0,"fuel_type":"wind","status":"operational","precision":"approximate","source":"powerplantmatching v0.9.0, 2026-10-03 · Global Energy Monitor, OpenStreetMap","source_url":"https://www.openstreetmap.org/relation/8414764","tech":"Onshore","commissioning_year":2018},"geometry":{"type":"Point","coordinates":[3.127,50.133]}},{"type":"Feature","properties":{"id":"ppm-fr-6608","name":"Noyers Bucamps Wind Farm","capacity_mw":22.0,"fuel_type":"wind","status":"operational","precision":"approximate","source":"powerplantmatching v0.9.0, 2026-10-03 · Global Energy Monitor, OpenStreetMap","source_url":"https://www.openstreetmap.org/relation/14050408","tech":"Onshore","commissioning_year":2018},"geometry":{"type":"Point","coordinates":[2.286,49.537]}},{"type":"Feature","properties":{"id":"ppm-fr-6613","name":"Omissy Wind Farm","capacity_mw":22.0,"fuel_type":"wind","status":"operational","precision":"approximate","source":"powerplantmatching v0.9.0, 2026-10-03 · Global Energy Monitor, OpenStreetMap","source_url":"https://www.openstreetmap.org/relation/17079707","tech":"Onshore","commissioning_year":2007},"geometry":{"type":"Point","coordinates":[3.272,49.895]}},{"type":"Feature","properties":{"id":"ppm-fr-6642","name":"Morlange Wind Farm","capacity_mw":22.0,"fuel_type":"wind","status":"operational","precision":"approximate","source":"powerplantmatching v0.9.0, 2026-10-03 · Global Energy Monitor, OpenStreetMap","source_url":"https://www.openstreetmap.org/relation/6902223","tech":"Onshore","commissioning_year":2016},"geometry":{"type":"Point","coordinates":[6.497,49.113]}},{"type":"Feature","properties":{"id":"ppm-fr-6652","name":"Monts Bergerons Wind Farm","capacity_mw":22.0,"fuel_type":"wind","status":"operational","precision":"approximate","source":"powerplantmatching v0.9.0, 2026-10-03 · Global Energy Monitor, OpenStreetMap","source_url":"https://www.openstreetmap.org/relation/7947881","tech":"Onshore","commissioning_year":2006},"geometry":{"type":"Point","coordinates":[1.888,50.08]}},{"type":"Feature","properties":{"id":"ppm-fr-6689","name":"Naives Rosieres Wind Farm","capacity_mw":22.0,"fuel_type":"wind","status":"operational","precision":"approximate","source":"powerplantmatching v0.9.0, 2026-10-03 · Global Energy Monitor, OpenStreetMap","source_url":"https://www.openstreetmap.org/relation/6902141","tech":"Onshore","commissioning_year":2009},"geometry":{"type":"Point","coordinates":[5.248,48.806]}},{"type":"Feature","properties":{"id":"ppm-fr-6715","name":"Lislet Wind Farm","capacity_mw":22.0,"fuel_type":"wind","status":"operational","precision":"approximate","source":"powerplantmatching v0.9.0, 2026-10-03 · Global Energy Monitor, OpenStreetMap","source_url":"https://www.openstreetmap.org/relation/10078134","tech":"Onshore","commissioning_year":2007},"geometry":{"type":"Point","coordinates":[4.031,49.676]}},{"type":"Feature","properties":{"id":"ppm-fr-6781","name":"Le Pelon Wind Farm","capacity_mw":22.0,"fuel_type":"wind","status":"operational","precision":"approximate","source":"powerplantmatching v0.9.0, 2026-10-03 · Global Energy Monitor, OpenStreetMap","source_url":"https://www.openstreetmap.org/relation/10124078","tech":"Onshore","commissioning_year":2016},"geometry":{"type":"Point","coordinates":[0.113,46.157]}},{"type":"Feature","properties":{"id":"ppm-fr-6785","name":"Les Vents De Ranes Wind Farm","capacity_mw":22.0,"fuel_type":"wind","status":"operational","precision":"approximate","source":"powerplantmatching v0.9.0, 2026-10-03 · Global Energy Monitor, OpenStreetMap","source_url":"https://www.openstreetmap.org/relation/10780341","tech":"Onshore","commissioning_year":2018},"geometry":{"type":"Point","coordinates":[-0.262,48.642]}},{"type":"Feature","properties":{"id":"ppm-fr-6888","name":"La Picoterie Wind Farm","capacity_mw":22.0,"fuel_type":"wind","status":"operational","precision":"approximate","source":"powerplantmatching v0.9.0, 2026-10-03 · Global Energy Monitor, OpenStreetMap","source_url":"https://www.openstreetmap.org/relation/7947853","tech":"Onshore","commissioning_year":2009},"geometry":{"type":"Point","coordinates":[3.313,49.017]}},{"type":"Feature","properties":{"id":"ppm-fr-7138","name":"Pays Anglure Wind Farm","capacity_mw":22.0,"fuel_type":"wind","status":"operational","precision":"approximate","source":"powerplantmatching v0.9.0, 2026-10-03 · Global Energy Monitor, OpenStreetMap","source_url":"https://www.openstreetmap.org/relation/10775439","tech":"Onshore","commissioning_year":2019},"geometry":{"type":"Point","coordinates":[3.793,48.629]}},{"type":"Feature","properties":{"id":"ppm-fr-7207","name":"Eoloue Wind Farm","capacity_mw":22.0,"fuel_type":"wind","status":"operational","precision":"approximate","source":"powerplantmatching v0.9.0, 2026-10-03 · Global Energy Monitor, OpenStreetMap","source_url":"https://www.openstreetmap.org/relation/6618901","tech":"Onshore","commissioning_year":2013},"geometry":{"type":"Point","coordinates":[0.134,48.256]}},{"type":"Feature","properties":{"id":"ppm-fr-7212","name":"Grand Place Wind Farm","capacity_mw":22.0,"fuel_type":"wind","status":"operational","precision":"approximate","source":"powerplantmatching v0.9.0, 2026-10-03 · Global Energy Monitor, OpenStreetMap","source_url":"https://www.openstreetmap.org/relation/13105176","tech":"Onshore","commissioning_year":2010},"geometry":{"type":"Point","coordinates":[-2.741,48.01]}},{"type":"Feature","properties":{"id":"ppm-fr-7522","name":"Bougainville Wind Farm","capacity_mw":22.0,"fuel_type":"wind","status":"operational","precision":"approximate","source":"powerplantmatching v0.9.0, 2026-10-03 · Global Energy Monitor, OpenStreetMap","source_url":"https://www.openstreetmap.org/relation/10763068","tech":"Onshore","commissioning_year":2005},"geometry":{"type":"Point","coordinates":[2.029,49.853]}},{"type":"Feature","properties":{"id":"ppm-fr-7524","name":"Boulay Sud Wind Farm","capacity_mw":22.0,"fuel_type":"wind","status":"operational","precision":"approximate","source":"powerplantmatching v0.9.0, 2026-10-03 · Global Energy Monitor, OpenStreetMap","source_url":"https://www.openstreetmap.org/relation/20428796","tech":"Onshore","commissioning_year":2006},"geometry":{"type":"Point","coordinates":[6.521,49.17]}},{"type":"Feature","properties":{"id":"ppm-fr-7605","name":"Bois Chardon Wind Farm","capacity_mw":22.0,"fuel_type":"wind","status":"operational","precision":"approximate","source":"powerplantmatching v0.9.0, 2026-10-03 · Global Energy Monitor, OpenStreetMap","source_url":"https://www.openstreetmap.org/relation/10723749","tech":"Onshore","commissioning_year":2019},"geometry":{"type":"Point","coordinates":[1.494,46.388]}},{"type":"Feature","properties":{"id":"ppm-fr-7643","name":"Basse Thierache Wind Farm","capacity_mw":22.0,"fuel_type":"wind","status":"operational","precision":"approximate","source":"powerplantmatching v0.9.0, 2026-10-03 · Global Energy Monitor, OpenStreetMap","source_url":"https://www.openstreetmap.org/relation/10762977","tech":"Onshore","commissioning_year":2018},"geometry":{"type":"Point","coordinates":[3.642,50.023]}},{"type":"Feature","properties":{"id":"ppm-fr-7665","name":"Arques Wind Farm","capacity_mw":22.0,"fuel_type":"wind","status":"operational","precision":"approximate","source":"powerplantmatching v0.9.0, 2026-10-03 · Global Energy Monitor, OpenStreetMap","source_url":"https://www.openstreetmap.org/relation/10721728","tech":"Onshore","commissioning_year":2017},"geometry":{"type":"Point","coordinates":[2.816,44.336]}},{"type":"Feature","properties":{"id":"ppm-fr-7669","name":"Astria","capacity_mw":22.0,"fuel_type":"waste","status":"operational","precision":"approximate","source":"powerplantmatching v0.9.0, 2026-10-03 · Global Energy Monitor, OpenStreetMap","source_url":"https://www.openstreetmap.org/way/25892561","tech":"CCGT","commissioning_year":1998},"geometry":{"type":"Point","coordinates":[-0.53,44.801]}},{"type":"Feature","properties":{"id":"ppm-fr-7677","name":"Arfons Sor Wind Farm","capacity_mw":22.0,"fuel_type":"wind","status":"operational","precision":"approximate","source":"powerplantmatching v0.9.0, 2026-10-03 · Global Energy Monitor, OpenStreetMap","source_url":"https://www.openstreetmap.org/relation/4031860","tech":"Onshore","commissioning_year":2009},"geometry":{"type":"Point","coordinates":[2.196,43.419]}},{"type":"Feature","properties":{"id":"ppm-fr-13369","name":"Berre Refinery","capacity_mw":22.0,"fuel_type":"oil","status":"operational","precision":"approximate","source":"powerplantmatching v0.9.0, 2026-10-03 · Global Energy Monitor","source_url":"https://github.com/PyPSA/powerplantmatching","tech":"Steam Turbine","commissioning_year":1980},"geometry":{"type":"Point","coordinates":[5.181,43.493]}},{"type":"Feature","properties":{"id":"ppm-fr-16795","name":"Fitou Wind Farm","capacity_mw":22.0,"fuel_type":"wind","status":"operational","precision":"approximate","source":"powerplantmatching v0.9.0, 2026-10-03 · Global Energy Monitor","source_url":"https://github.com/PyPSA/powerplantmatching","tech":"Onshore","commissioning_year":2002},"geometry":{"type":"Point","coordinates":[2.963,42.901]}},{"type":"Feature","properties":{"id":"ppm-fr-18080","name":"Jaladeaux Wind Farm","capacity_mw":22.0,"fuel_type":"wind","status":"operational","precision":"approximate","source":"powerplantmatching v0.9.0, 2026-10-03 · Global Energy Monitor","source_url":"https://github.com/PyPSA/powerplantmatching","tech":"Onshore","commissioning_year":2008},"geometry":{"type":"Point","coordinates":[0.219,45.977]}},{"type":"Feature","properties":{"id":"ppm-fr-19728","name":"Les Trente Wind Farm","capacity_mw":22.0,"fuel_type":"wind","status":"operational","precision":"approximate","source":"powerplantmatching v0.9.0, 2026-10-03 · Global Energy Monitor","source_url":"https://github.com/PyPSA/powerplantmatching","tech":"Onshore","commissioning_year":2016},"geometry":{"type":"Point","coordinates":[2.786,49.664]}},{"type":"Feature","properties":{"id":"ppm-fr-20092","name":"Lue Solar Farm","capacity_mw":22.0,"fuel_type":"solar","status":"operational","precision":"approximate","source":"powerplantmatching v0.9.0, 2026-10-03 · Global Energy Monitor","source_url":"https://github.com/PyPSA/powerplantmatching","tech":"PV","commissioning_year":2013},"geometry":{"type":"Point","coordinates":[0.965,44.245]}},{"type":"Feature","properties":{"id":"ppm-fr-20445","name":"Mega Floating Solar","capacity_mw":22.0,"fuel_type":"solar","status":"operational","precision":"approximate","source":"powerplantmatching v0.9.0, 2026-10-03 · Global Energy Monitor","source_url":"https://github.com/PyPSA/powerplantmatching","tech":"PV","commissioning_year":2019},"geometry":{"type":"Point","coordinates":[4.727,44.154]}},{"type":"Feature","properties":{"id":"ppm-fr-22349","name":"Plan Fleury Wind Farm","capacity_mw":22.0,"fuel_type":"wind","status":"operational","precision":"approximate","source":"powerplantmatching v0.9.0, 2026-10-03 · Global Energy Monitor","source_url":"https://github.com/PyPSA/powerplantmatching","tech":"Onshore","commissioning_year":2017},"geometry":{"type":"Point","coordinates":[4.045,48.653]}},{"type":"Feature","properties":{"id":"ppm-fr-23359","name":"Saint Amans Valtoret Wind Farm","capacity_mw":22.0,"fuel_type":"wind","status":"operational","precision":"approximate","source":"powerplantmatching v0.9.0, 2026-10-03 · Global Energy Monitor","source_url":"https://github.com/PyPSA/powerplantmatching","tech":"Onshore","commissioning_year":2024},"geometry":{"type":"Point","coordinates":[2.016,43.854]}},{"type":"Feature","properties":{"id":"ppm-fr-24169","name":"Sommette Eaucourt Wind Farm","capacity_mw":22.0,"fuel_type":"wind","status":"operational","precision":"approximate","source":"powerplantmatching v0.9.0, 2026-10-03 · Global Energy Monitor","source_url":"https://github.com/PyPSA/powerplantmatching","tech":"Onshore","commissioning_year":2017},"geometry":{"type":"Point","coordinates":[3.119,49.724]}},{"type":"Feature","properties":{"id":"ppm-fr-25438","name":"Val Origny Wind Farm","capacity_mw":22.0,"fuel_type":"wind","status":"operational","precision":"approximate","source":"powerplantmatching v0.9.0, 2026-10-03 · Global Energy Monitor","source_url":"https://github.com/PyPSA/powerplantmatching","tech":"Onshore","commissioning_year":2019},"geometry":{"type":"Point","coordinates":[3.49,49.848]}},{"type":"Feature","properties":{"id":"ppm-fr-23448","name":"Saint Priest De Gimel Confidentiel Solar Farm","capacity_mw":21.9,"fuel_type":"solar","status":"operational","precision":"approximate","source":"powerplantmatching v0.9.0, 2026-10-03 · Global Energy Monitor","source_url":"https://github.com/PyPSA/powerplantmatching","tech":"PV","commissioning_year":2017},"geometry":{"type":"Point","coordinates":[1.869,45.3]}},{"type":"Feature","properties":{"id":"ppm-fr-23474","name":"Sainte Lizainge Wind Farm","capacity_mw":21.9,"fuel_type":"wind","status":"operational","precision":"approximate","source":"powerplantmatching v0.9.0, 2026-10-03 · Global Energy Monitor","source_url":"https://github.com/PyPSA/powerplantmatching","tech":"Onshore","commissioning_year":2022},"geometry":{"type":"Point","coordinates":[1.976,47.026]}},{"type":"Feature","properties":{"id":"ppm-fr-19620","name":"Le Castellet Confidentiel Solar Farm","capacity_mw":21.8,"fuel_type":"solar","status":"operational","precision":"approximate","source":"powerplantmatching v0.9.0, 2026-10-03 · Global Energy Monitor","source_url":"https://github.com/PyPSA/powerplantmatching","tech":"PV","commissioning_year":2011},"geometry":{"type":"Point","coordinates":[5.776,43.203]}},{"type":"Feature","properties":{"id":"ppm-fr-20506","name":"Mer Confidentiel Solar","capacity_mw":21.7,"fuel_type":"solar","status":"operational","precision":"approximate","source":"powerplantmatching v0.9.0, 2026-10-03 · Global Energy Monitor","source_url":"https://github.com/PyPSA/powerplantmatching","tech":"PV","commissioning_year":2021},"geometry":{"type":"Point","coordinates":[1.506,47.708]}},{"type":"Feature","properties":{"id":"ppm-fr-20773","name":"Monsegur Solar Farm","capacity_mw":21.7,"fuel_type":"solar","status":"operational","precision":"approximate","source":"powerplantmatching v0.9.0, 2026-10-03 · Global Energy Monitor","source_url":"https://github.com/PyPSA/powerplantmatching","tech":"PV","commissioning_year":2017},"geometry":{"type":"Point","coordinates":[0.092,44.649]}},{"type":"Feature","properties":{"id":"ppm-fr-6796","name":"Les Tournevents Du Cos Wind Farm","capacity_mw":21.6,"fuel_type":"wind","status":"operational","precision":"approximate","source":"powerplantmatching v0.9.0, 2026-10-03 · Global Energy Monitor, OpenStreetMap","source_url":"https://www.openstreetmap.org/relation/7943909","tech":"Onshore","commissioning_year":2017},"geometry":{"type":"Point","coordinates":[3.155,49.722]}},{"type":"Feature","properties":{"id":"ppm-fr-7140","name":"Sud Arrageois Wind Farm","capacity_mw":21.6,"fuel_type":"wind","status":"operational","precision":"approximate","source":"powerplantmatching v0.9.0, 2026-10-03 · Global Energy Monitor, OpenStreetMap","source_url":"https://www.openstreetmap.org/relation/15580301","tech":"Onshore","commissioning_year":2022},"geometry":{"type":"Point","coordinates":[2.875,50.224]}},{"type":"Feature","properties":{"id":"ppm-fr-19225","name":"La Chapelle Baton Wind Farm","capacity_mw":21.6,"fuel_type":"wind","status":"operational","precision":"approximate","source":"powerplantmatching v0.9.0, 2026-10-03 · Global Energy Monitor","source_url":"https://github.com/PyPSA/powerplantmatching","tech":"Onshore"},"geometry":{"type":"Point","coordinates":[0.417,46.179]}},{"type":"Feature","properties":{"id":"ppm-fr-6418","name":"Sillans La Cascade Solar Farm","capacity_mw":21.5,"fuel_type":"solar","status":"operational","precision":"approximate","source":"powerplantmatching v0.9.0, 2026-10-03 · Global Energy Monitor, OpenStreetMap","source_url":"https://www.openstreetmap.org/relation/15592822","tech":"PV","commissioning_year":2020},"geometry":{"type":"Point","coordinates":[6.185,43.564]}},{"type":"Feature","properties":{"id":"ppm-fr-13583","name":"Binas Wind Farm","capacity_mw":21.5,"fuel_type":"wind","status":"operational","precision":"approximate","source":"powerplantmatching v0.9.0, 2026-10-03 · Global Energy Monitor","source_url":"https://github.com/PyPSA/powerplantmatching","tech":"Onshore","commissioning_year":2014},"geometry":{"type":"Point","coordinates":[1.483,47.897]}},{"type":"Feature","properties":{"id":"ppm-fr-2045","name":"Saint Cassien Saint Cassien Saint Cassien","capacity_mw":21.4,"fuel_type":"hydro","status":"operational","precision":"approximate","source":"powerplantmatching v0.9.0, 2026-10-03 · JRC (European Commission), Global Hydropower Resources, WRI GPPD, GEO","source_url":"https://github.com/PyPSA/powerplantmatching","tech":"Reservoir","commissioning_year":1966},"geometry":{"type":"Point","coordinates":[6.841,43.602]}},{"type":"Feature","properties":{"id":"ppm-fr-7449","name":"Chamblet Confidentiel Solar","capacity_mw":21.3,"fuel_type":"solar","status":"operational","precision":"approximate","source":"powerplantmatching v0.9.0, 2026-10-03 · Global Energy Monitor, OpenStreetMap","source_url":"https://www.openstreetmap.org/relation/18208240","tech":"PV","commissioning_year":2020},"geometry":{"type":"Point","coordinates":[2.701,46.334]}},{"type":"Feature","properties":{"id":"ppm-fr-24641","name":"Sylviana","capacity_mw":21.3,"fuel_type":"biomass","status":"operational","precision":"approximate","source":"powerplantmatching v0.9.0, 2026-10-03 · Global Energy Monitor","source_url":"https://github.com/PyPSA/powerplantmatching","commissioning_year":2016},"geometry":{"type":"Point","coordinates":[6.16,43.392]}},{"type":"Feature","properties":{"id":"ppm-fr-6438","name":"Segalasses Wind Farm","capacity_mw":21.0,"fuel_type":"wind","status":"operational","precision":"approximate","source":"powerplantmatching v0.9.0, 2026-10-03 · Global Energy Monitor, OpenStreetMap","source_url":"https://www.openstreetmap.org/relation/9742417","tech":"Onshore","commissioning_year":2018},"geometry":{"type":"Point","coordinates":[2.911,43.774]}},{"type":"Feature","properties":{"id":"ppm-fr-6561","name":"Rollot Wind Farm","capacity_mw":21.0,"fuel_type":"wind","status":"operational","precision":"approximate","source":"powerplantmatching v0.9.0, 2026-10-03 · Global Energy Monitor, OpenStreetMap","source_url":"https://www.openstreetmap.org/relation/17709910","tech":"Onshore","commissioning_year":2024},"geometry":{"type":"Point","coordinates":[2.649,49.589]}},{"type":"Feature","properties":{"id":"ppm-fr-6676","name":"Mlhcp Wind Farm","capacity_mw":21.0,"fuel_type":"wind","status":"operational","precision":"approximate","source":"powerplantmatching v0.9.0, 2026-10-03 · Global Energy Monitor, OpenStreetMap","source_url":"https://www.openstreetmap.org/relation/8413832","tech":"Onshore","commissioning_year":2015},"geometry":{"type":"Point","coordinates":[0.048,46.12]}},{"type":"Feature","properties":{"id":"ppm-fr-6697","name":"Moulin De Pierre Wind Farm","capacity_mw":21.0,"fuel_type":"wind","status":"operational","precision":"approximate","source":"powerplantmatching v0.9.0, 2026-10-03 · Global Energy Monitor, OpenStreetMap","source_url":"https://www.openstreetmap.org/relation/13086602","tech":"Onshore","commissioning_year":2017},"geometry":{"type":"Point","coordinates":[1.464,48.239]}},{"type":"Feature","properties":{"id":"ppm-fr-6792","name":"Les Renardieres Wind Farm","capacity_mw":21.0,"fuel_type":"wind","status":"operational","precision":"approximate","source":"powerplantmatching v0.9.0, 2026-10-03 · Global Energy Monitor, OpenStreetMap","source_url":"https://www.openstreetmap.org/relation/10688676","tech":"Onshore","commissioning_year":2017},"geometry":{"type":"Point","coordinates":[4.069,48.589]}},{"type":"Feature","properties":{"id":"ppm-fr-6825","name":"Les Ailes De Foulzy Wind Farm","capacity_mw":21.0,"fuel_type":"wind","status":"operational","precision":"approximate","source":"powerplantmatching v0.9.0, 2026-10-03 · Global Energy Monitor, OpenStreetMap","source_url":"https://www.openstreetmap.org/relation/18984308","tech":"Onshore","commissioning_year":2024},"geometry":{"type":"Point","coordinates":[4.711,49.641]}},{"type":"Feature","properties":{"id":"ppm-fr-6852","name":"Le Lindier Wind Farm","capacity_mw":21.0,"fuel_type":"wind","status":"operational","precision":"approximate","source":"powerplantmatching v0.9.0, 2026-10-03 · Global Energy Monitor, OpenStreetMap","source_url":"https://www.openstreetmap.org/relation/13260423","tech":"Onshore","commissioning_year":2021},"geometry":{"type":"Point","coordinates":[2.87,50.131]}},{"type":"Feature","properties":{"id":"ppm-fr-7181","name":"Flavin Wind Farm","capacity_mw":21.0,"fuel_type":"wind","status":"operational","precision":"approximate","source":"powerplantmatching v0.9.0, 2026-10-03 · Global Energy Monitor, OpenStreetMap","source_url":"https://www.openstreetmap.org/relation/10722291","tech":"Onshore","commissioning_year":2010},"geometry":{"type":"Point","coordinates":[2.686,44.296]}},{"type":"Feature","properties":{"id":"ppm-fr-7282","name":"Corbieres Mediterrannee Wind Farm","capacity_mw":21.0,"fuel_type":"wind","status":"operational","precision":"approximate","source":"powerplantmatching v0.9.0, 2026-10-03 · Global Energy Monitor, OpenStreetMap","source_url":"https://www.openstreetmap.org/relation/20364228","tech":"Onshore","commissioning_year":2010},"geometry":{"type":"Point","coordinates":[2.984,42.995]}},{"type":"Feature","properties":{"id":"ppm-fr-7292","name":"Salles De Villefagnan Wind Farm","capacity_mw":21.0,"fuel_type":"wind","status":"operational","precision":"approximate","source":"powerplantmatching v0.9.0, 2026-10-03 · Global Energy Monitor, OpenStreetMap","source_url":"https://www.openstreetmap.org/relation/13090587","tech":"Onshore","commissioning_year":2008},"geometry":{"type":"Point","coordinates":[0.178,45.959]}},{"type":"Feature","properties":{"id":"ppm-fr-15015","name":"Cezallier Wind Farm","capacity_mw":21.0,"fuel_type":"wind","status":"operational","precision":"approximate","source":"powerplantmatching v0.9.0, 2026-10-03 · Global Energy Monitor","source_url":"https://github.com/PyPSA/powerplantmatching","tech":"Onshore","commissioning_year":2009},"geometry":{"type":"Point","coordinates":[3.07,45.441]}},{"type":"Feature","properties":{"id":"ppm-fr-15345","name":"Communal Ouest Solar Farm","capacity_mw":21.0,"fuel_type":"solar","status":"operational","precision":"approximate","source":"powerplantmatching v0.9.0, 2026-10-03 · Global Energy Monitor","source_url":"https://github.com/PyPSA/powerplantmatching","tech":"PV","commissioning_year":2021},"geometry":{"type":"Point","coordinates":[-0.582,44.324]}},{"type":"Feature","properties":{"id":"ppm-fr-15444","name":"Courant Nachamps Wind Farm","capacity_mw":21.0,"fuel_type":"wind","status":"operational","precision":"approximate","source":"powerplantmatching v0.9.0, 2026-10-03 · Global Energy Monitor","source_url":"https://github.com/PyPSA/powerplantmatching","tech":"Onshore","commissioning_year":2018},"geometry":{"type":"Point","coordinates":[0.351,46.111]}},{"type":"Feature","properties":{"id":"ppm-fr-16311","name":"Egrouttes Wind Farm","capacity_mw":21.0,"fuel_type":"wind","status":"operational","precision":"approximate","source":"powerplantmatching v0.9.0, 2026-10-03 · Global Energy Monitor","source_url":"https://github.com/PyPSA/powerplantmatching","tech":"Onshore","commissioning_year":2020},"geometry":{"type":"Point","coordinates":[0.999,48.001]}},{"type":"Feature","properties":{"id":"ppm-fr-16427","name":"Energie Du Gatinais Wind Farm","capacity_mw":21.0,"fuel_type":"wind","status":"operational","precision":"approximate","source":"powerplantmatching v0.9.0, 2026-10-03 · Global Energy Monitor","source_url":"https://github.com/PyPSA/powerplantmatching","tech":"Onshore"},"geometry":{"type":"Point","coordinates":[-0.318,49.177]}},{"type":"Feature","properties":{"id":"ppm-fr-17166","name":"Gievres Baywa Solar Farm","capacity_mw":21.0,"fuel_type":"solar","status":"construction","precision":"approximate","source":"powerplantmatching v0.9.0, 2026-10-03 · Global Energy Monitor","source_url":"https://github.com/PyPSA/powerplantmatching","tech":"PV","commissioning_year":2026},"geometry":{"type":"Point","coordinates":[1.667,47.287]}},{"type":"Feature","properties":{"id":"ppm-fr-19247","name":"La Hague","capacity_mw":21.0,"fuel_type":"oil","status":"operational","precision":"approximate","source":"powerplantmatching v0.9.0, 2026-10-03 · Global Energy Monitor","source_url":"https://github.com/PyPSA/powerplantmatching","tech":"CCGT","commissioning_year":1987},"geometry":{"type":"Point","coordinates":[-1.873,49.681]}},{"type":"Feature","properties":{"id":"ppm-fr-19723","name":"Les Persillats Wind Farm","capacity_mw":21.0,"fuel_type":"wind","status":"operational","precision":"approximate","source":"powerplantmatching v0.9.0, 2026-10-03 · Global Energy Monitor","source_url":"https://github.com/PyPSA/powerplantmatching","tech":"Onshore","commissioning_year":2019},"geometry":{"type":"Point","coordinates":[2.091,47.045]}},{"type":"Feature","properties":{"id":"ppm-fr-20781","name":"Mont Ergny Wind Farm","capacity_mw":21.0,"fuel_type":"wind","status":"operational","precision":"approximate","source":"powerplantmatching v0.9.0, 2026-10-03 · Global Energy Monitor","source_url":"https://github.com/PyPSA/powerplantmatching","tech":"Onshore","commissioning_year":2012},"geometry":{"type":"Point","coordinates":[1.958,50.598]}},{"type":"Feature","properties":{"id":"ppm-fr-22513","name":"Poitou Charentes Wind Farm","capacity_mw":21.0,"fuel_type":"wind","status":"operational","precision":"approximate","source":"powerplantmatching v0.9.0, 2026-10-03 · Global Energy Monitor","source_url":"https://github.com/PyPSA/powerplantmatching","tech":"Onshore","commissioning_year":2015},"geometry":{"type":"Point","coordinates":[0.042,46.12]}},{"type":"Feature","properties":{"id":"ppm-fr-22744","name":"Provence Refinery","capacity_mw":21.0,"fuel_type":"oil","status":"operational","precision":"approximate","source":"powerplantmatching v0.9.0, 2026-10-03 · Global Energy Monitor","source_url":"https://github.com/PyPSA/powerplantmatching","tech":"Steam Turbine","commissioning_year":1986},"geometry":{"type":"Point","coordinates":[5.113,43.395]}},{"type":"Feature","properties":{"id":"ppm-fr-19333","name":"Lacq","capacity_mw":20.9,"fuel_type":"gas","status":"operational","precision":"approximate","source":"powerplantmatching v0.9.0, 2026-10-03 · Global Energy Monitor","source_url":"https://github.com/PyPSA/powerplantmatching","tech":"Steam Turbine","commissioning_year":1995},"geometry":{"type":"Point","coordinates":[-0.644,43.407]}},{"type":"Feature","properties":{"id":"ppm-fr-22843","name":"Quatre Bornes Wind Farm","capacity_mw":20.8,"fuel_type":"wind","status":"operational","precision":"approximate","source":"powerplantmatching v0.9.0, 2026-10-03 · Global Energy Monitor","source_url":"https://github.com/PyPSA/powerplantmatching","tech":"Onshore","commissioning_year":2016},"geometry":{"type":"Point","coordinates":[4.957,48.276]}},{"type":"Feature","properties":{"id":"ppm-fr-2034","name":"Lanau","capacity_mw":20.7,"fuel_type":"hydro","status":"operational","precision":"approximate","source":"powerplantmatching v0.9.0, 2026-10-03 · JRC (European Commission), Global Hydropower Resources, WRI GPPD, GEO","source_url":"https://github.com/PyPSA/powerplantmatching","tech":"Reservoir","commissioning_year":1962},"geometry":{"type":"Point","coordinates":[3.003,44.891]}},{"type":"Feature","properties":{"id":"ppm-fr-7281","name":"Cor Solar Farm","capacity_mw":20.6,"fuel_type":"solar","status":"operational","precision":"approximate","source":"powerplantmatching v0.9.0, 2026-10-03 · Global Energy Monitor, OpenStreetMap","source_url":"https://www.openstreetmap.org/way/1058091979","tech":"PV","commissioning_year":2018},"geometry":{"type":"Point","coordinates":[4.905,45.671]}},{"type":"Feature","properties":{"id":"ppm-fr-6453","name":"Sainte Gemme Confidentiel Solar","capacity_mw":20.5,"fuel_type":"solar","status":"operational","precision":"approximate","source":"powerplantmatching v0.9.0, 2026-10-03 · Global Energy Monitor, OpenStreetMap","source_url":"https://www.openstreetmap.org/way/1471509624","tech":"PV","commissioning_year":2024},"geometry":{"type":"Point","coordinates":[-0.888,45.772]}},{"type":"Feature","properties":{"id":"ppm-fr-7092","name":"Hangest Wind Farm","capacity_mw":20.5,"fuel_type":"wind","status":"operational","precision":"approximate","source":"powerplantmatching v0.9.0, 2026-10-03 · Global Energy Monitor, OpenStreetMap","source_url":"https://www.openstreetmap.org/relation/7952572","tech":"Onshore","commissioning_year":2015},"geometry":{"type":"Point","coordinates":[2.049,49.986]}},{"type":"Feature","properties":{"id":"ppm-fr-18034","name":"Isle Solar Farm","capacity_mw":20.5,"fuel_type":"solar","status":"operational","precision":"approximate","source":"powerplantmatching v0.9.0, 2026-10-03 · Global Energy Monitor","source_url":"https://github.com/PyPSA/powerplantmatching","tech":"PV","commissioning_year":2025},"geometry":{"type":"Point","coordinates":[1.175,45.823]}},{"type":"Feature","properties":{"id":"ppm-fr-7186","name":"Saint Pardoux Ortigier Confidentiel Solar Farm","capacity_mw":20.4,"fuel_type":"solar","status":"operational","precision":"approximate","source":"powerplantmatching v0.9.0, 2026-10-03 · Global Energy Monitor, OpenStreetMap","source_url":"https://www.openstreetmap.org/way/1193051948","tech":"PV","commissioning_year":2022},"geometry":{"type":"Point","coordinates":[1.579,45.298]}},{"type":"Feature","properties":{"id":"ppm-fr-12760","name":"Arbre Chaud Wind Farm","capacity_mw":20.4,"fuel_type":"wind","status":"operational","precision":"approximate","source":"powerplantmatching v0.9.0, 2026-10-03 · Global Energy Monitor","source_url":"https://github.com/PyPSA/powerplantmatching","tech":"Onshore","commissioning_year":2019},"geometry":{"type":"Point","coordinates":[3.041,50.163]}},{"type":"Feature","properties":{"id":"ppm-fr-20466","name":"Meharicourt Wind Farm","capacity_mw":20.4,"fuel_type":"wind","status":"operational","precision":"approximate","source":"powerplantmatching v0.9.0, 2026-10-03 · Global Energy Monitor","source_url":"https://github.com/PyPSA/powerplantmatching","tech":"Onshore","commissioning_year":2020},"geometry":{"type":"Point","coordinates":[2.729,49.797]}},{"type":"Feature","properties":{"id":"ppm-fr-6753","name":"Marcoussis Solar Farm","capacity_mw":20.3,"fuel_type":"solar","status":"operational","precision":"approximate","source":"powerplantmatching v0.9.0, 2026-10-03 · Global Energy Monitor, OpenStreetMap","source_url":"https://www.openstreetmap.org/way/990287276","tech":"PV","commissioning_year":2021},"geometry":{"type":"Point","coordinates":[2.204,48.645]}},{"type":"Feature","properties":{"id":"ppm-fr-6893","name":"La Saurupt Wind Farm","capacity_mw":20.3,"fuel_type":"wind","status":"operational","precision":"approximate","source":"powerplantmatching v0.9.0, 2026-10-03 · Global Energy Monitor, OpenStreetMap","source_url":"https://www.openstreetmap.org/relation/6902152","tech":"Onshore","commissioning_year":2009},"geometry":{"type":"Point","coordinates":[5.598,48.438]}},{"type":"Feature","properties":{"id":"ppm-fr-7154","name":"Genonville Wind Farm","capacity_mw":20.3,"fuel_type":"wind","status":"operational","precision":"approximate","source":"powerplantmatching v0.9.0, 2026-10-03 · Global Energy Monitor, OpenStreetMap","source_url":"https://www.openstreetmap.org/relation/14357036","tech":"Onshore","commissioning_year":2021},"geometry":{"type":"Point","coordinates":[1.662,48.256]}},{"type":"Feature","properties":{"id":"ppm-fr-10616","name":"Orgueil Confidentiel Solar Farm","capacity_mw":20.3,"fuel_type":"solar","status":"operational","precision":"approximate","source":"powerplantmatching v0.9.0, 2026-10-03 · Global Energy Monitor, WRI GPPD","source_url":"https://github.com/PyPSA/powerplantmatching","tech":"PV","commissioning_year":2015},"geometry":{"type":"Point","coordinates":[1.42,43.9]}},{"type":"Feature","properties":{"id":"ppm-fr-7412","name":"Centrale Solaire De Chateauvert Solar Farm","capacity_mw":20.2,"fuel_type":"solar","status":"operational","precision":"approximate","source":"powerplantmatching v0.9.0, 2026-10-03 · Global Energy Monitor, OpenStreetMap","source_url":"https://www.openstreetmap.org/way/1153857331","tech":"PV","commissioning_year":2021},"geometry":{"type":"Point","coordinates":[6.026,43.5]}},{"type":"Feature","properties":{"id":"ppm-fr-6489","name":"Sablons Wind Farm","capacity_mw":20.0,"fuel_type":"wind","status":"operational","precision":"approximate","source":"powerplantmatching v0.9.0, 2026-10-03 · Global Energy Monitor, OpenStreetMap","source_url":"https://www.openstreetmap.org/relation/13044404","tech":"Onshore","commissioning_year":2006},"geometry":{"type":"Point","coordinates":[-0.2,48.935]}},{"type":"Feature","properties":{"id":"ppm-fr-6508","name":"Santerre Valorem Wind Farm","capacity_mw":20.0,"fuel_type":"wind","status":"operational","precision":"approximate","source":"powerplantmatching v0.9.0, 2026-10-03 · Global Energy Monitor, OpenStreetMap","source_url":"https://www.openstreetmap.org/relation/10704978","tech":"Onshore","commissioning_year":2017},"geometry":{"type":"Point","coordinates":[2.549,49.77]}},{"type":"Feature","properties":{"id":"ppm-fr-6605","name":"Port Saint Louis Du Rhone Wind Farm","capacity_mw":20.0,"fuel_type":"wind","status":"operational","precision":"approximate","source":"powerplantmatching v0.9.0, 2026-10-03 · Global Energy Monitor, OpenStreetMap","source_url":"https://www.openstreetmap.org/relation/4031939","tech":"Onshore","commissioning_year":2002},"geometry":{"type":"Point","coordinates":[4.774,43.437]}},{"type":"Feature","properties":{"id":"ppm-fr-6621","name":"Novillars","capacity_mw":20.0,"fuel_type":"biomass","status":"operational","precision":"approximate","source":"powerplantmatching v0.9.0, 2026-10-03 · Global Energy Monitor, OpenStreetMap","source_url":"https://www.openstreetmap.org/way/769777546","commissioning_year":2018},"geometry":{"type":"Point","coordinates":[6.138,47.285]}},{"type":"Feature","properties":{"id":"ppm-fr-6662","name":"Montbay Margueray Wind Farm","capacity_mw":20.0,"fuel_type":"wind","status":"operational","precision":"approximate","source":"powerplantmatching v0.9.0, 2026-10-03 · Global Energy Monitor, OpenStreetMap","source_url":"https://www.openstreetmap.org/relation/7966850","tech":"Onshore","commissioning_year":2014},"geometry":{"type":"Point","coordinates":[-1.124,48.91]}},{"type":"Feature","properties":{"id":"ppm-fr-6674","name":"Minerai Wind Farm","capacity_mw":20.0,"fuel_type":"wind","status":"operational","precision":"approximate","source":"powerplantmatching v0.9.0, 2026-10-03 · Global Energy Monitor, OpenStreetMap","source_url":"https://www.openstreetmap.org/relation/6004073","tech":"Onshore","commissioning_year":2014},"geometry":{"type":"Point","coordinates":[-2.607,48.149]}},{"type":"Feature","properties":{"id":"ppm-fr-6677","name":"Mohon Wind Farm","capacity_mw":20.0,"fuel_type":"wind","status":"operational","precision":"approximate","source":"powerplantmatching v0.9.0, 2026-10-03 · Global Energy Monitor, OpenStreetMap","source_url":"https://www.openstreetmap.org/relation/10123981","tech":"Onshore","commissioning_year":2006},"geometry":{"type":"Point","coordinates":[-2.51,48.084]}},{"type":"Feature","properties":{"id":"ppm-fr-6701","name":"Moulins Pasilly Wind Farm","capacity_mw":20.0,"fuel_type":"wind","status":"operational","precision":"approximate","source":"powerplantmatching v0.9.0, 2026-10-03 · Global Energy Monitor, OpenStreetMap","source_url":"https://www.openstreetmap.org/relation/7931939","tech":"Onshore","commissioning_year":2016},"geometry":{"type":"Point","coordinates":[4.053,47.72]}},{"type":"Feature","properties":{"id":"ppm-fr-6714","name":"Limodores Wind Farm","capacity_mw":20.0,"fuel_type":"wind","status":"operational","precision":"approximate","source":"powerplantmatching v0.9.0, 2026-10-03 · Global Energy Monitor, OpenStreetMap","source_url":"https://www.openstreetmap.org/relation/17667953","tech":"Onshore","commissioning_year":2024},"geometry":{"type":"Point","coordinates":[5.205,48.23]}},{"type":"Feature","properties":{"id":"ppm-fr-6736","name":"Les Moulins De Fruges Wind","capacity_mw":20.0,"fuel_type":"wind","status":"operational","precision":"approximate","source":"powerplantmatching v0.9.0, 2026-10-03 · Global Energy Monitor, OpenStreetMap","source_url":"https://www.openstreetmap.org/relation/12572203","tech":"Onshore","commissioning_year":2007},"geometry":{"type":"Point","coordinates":[2.182,50.511]}},{"type":"Feature","properties":{"id":"ppm-fr-6801","name":"Launstroff Waldwisse Wind Farm","capacity_mw":20.0,"fuel_type":"wind","status":"operational","precision":"approximate","source":"powerplantmatching v0.9.0, 2026-10-03 · Global Energy Monitor, OpenStreetMap","source_url":"https://www.openstreetmap.org/relation/7985971","tech":"Onshore","commissioning_year":2018},"geometry":{"type":"Point","coordinates":[6.514,49.44]}},{"type":"Feature","properties":{"id":"ppm-fr-6815","name":"Laucourt Beuvraignes Wind Farm","capacity_mw":20.0,"fuel_type":"wind","status":"operational","precision":"approximate","source":"powerplantmatching v0.9.0, 2026-10-03 · Global Energy Monitor, OpenStreetMap","source_url":"https://www.openstreetmap.org/relation/10124276","tech":"Onshore","commissioning_year":2009},"geometry":{"type":"Point","coordinates":[2.784,49.671]}},{"type":"Feature","properties":{"id":"ppm-fr-6818","name":"Les Coudrays Wind Farm","capacity_mw":20.0,"fuel_type":"wind","status":"operational","precision":"approximate","source":"powerplantmatching v0.9.0, 2026-10-03 · Global Energy Monitor, OpenStreetMap","source_url":"https://www.openstreetmap.org/relation/7340031","tech":"Onshore","commissioning_year":2011},"geometry":{"type":"Point","coordinates":[2.234,47.082]}},{"type":"Feature","properties":{"id":"ppm-fr-6829","name":"Les Bouchats Wind Park","capacity_mw":20.0,"fuel_type":"wind","status":"operational","precision":"approximate","source":"powerplantmatching v0.9.0, 2026-10-03 · Global Energy Monitor, OpenStreetMap","source_url":"https://www.openstreetmap.org/relation/15589854","tech":"Onshore","commissioning_year":2022},"geometry":{"type":"Point","coordinates":[3.859,48.589]}},{"type":"Feature","properties":{"id":"ppm-fr-6842","name":"La Couturelle Wind Farm","capacity_mw":20.0,"fuel_type":"wind","status":"operational","precision":"approximate","source":"powerplantmatching v0.9.0, 2026-10-03 · Global Energy Monitor, OpenStreetMap","source_url":"https://www.openstreetmap.org/relation/7943905","tech":"Onshore","commissioning_year":2017},"geometry":{"type":"Point","coordinates":[2.884,49.914]}},{"type":"Feature","properties":{"id":"ppm-fr-6914","name":"La Carnoye Wind Farm","capacity_mw":20.0,"fuel_type":"wind","status":"operational","precision":"approximate","source":"powerplantmatching v0.9.0, 2026-10-03 · Global Energy Monitor, OpenStreetMap","source_url":"https://www.openstreetmap.org/relation/8591917","tech":"Onshore","commissioning_year":2017},"geometry":{"type":"Point","coordinates":[2.311,50.567]}},{"type":"Feature","properties":{"id":"ppm-fr-6927","name":"La Brie Champenoise Wind Farm","capacity_mw":20.0,"fuel_type":"wind","status":"operational","precision":"approximate","source":"powerplantmatching v0.9.0, 2026-10-03 · Global Energy Monitor, OpenStreetMap","source_url":"https://www.openstreetmap.org/relation/7985979","tech":"Onshore","commissioning_year":2015},"geometry":{"type":"Point","coordinates":[3.682,48.821]}},{"type":"Feature","properties":{"id":"ppm-fr-7094","name":"Haut Cabardes Cabrespine Wind Farm","capacity_mw":20.0,"fuel_type":"wind","status":"operational","precision":"approximate","source":"powerplantmatching v0.9.0, 2026-10-03 · Global Energy Monitor, OpenStreetMap","source_url":"https://www.openstreetmap.org/relation/4031901","tech":"Onshore","commissioning_year":2005},"geometry":{"type":"Point","coordinates":[2.445,43.386]}},{"type":"Feature","properties":{"id":"ppm-fr-7137","name":"Hauts De Comble Wind Farm","capacity_mw":20.0,"fuel_type":"wind","status":"operational","precision":"approximate","source":"powerplantmatching v0.9.0, 2026-10-03 · Global Energy Monitor, OpenStreetMap","source_url":"https://www.openstreetmap.org/relation/10704975","tech":"Onshore","commissioning_year":2018},"geometry":{"type":"Point","coordinates":[2.838,50.027]}},{"type":"Feature","properties":{"id":"ppm-fr-7182","name":"Fond De Fresne Wind Farm","capacity_mw":20.0,"fuel_type":"wind","status":"operational","precision":"approximate","source":"powerplantmatching v0.9.0, 2026-10-03 · Global Energy Monitor, OpenStreetMap","source_url":"https://www.openstreetmap.org/relation/20364231","tech":"Onshore","commissioning_year":2005},"geometry":{"type":"Point","coordinates":[1.743,49.992]}},{"type":"Feature","properties":{"id":"ppm-fr-7267","name":"Courtibeaux Wind Farm","capacity_mw":20.0,"fuel_type":"wind","status":"operational","precision":"approximate","source":"powerplantmatching v0.9.0, 2026-10-03 · Global Energy Monitor, OpenStreetMap","source_url":"https://www.openstreetmap.org/relation/10723751","tech":"Onshore","commissioning_year":2018},"geometry":{"type":"Point","coordinates":[0.521,46.233]}},{"type":"Feature","properties":{"id":"ppm-fr-7297","name":"Chilly Fransart Wind Farm","capacity_mw":20.0,"fuel_type":"wind","status":"operational","precision":"approximate","source":"powerplantmatching v0.9.0, 2026-10-03 · Global Energy Monitor, OpenStreetMap","source_url":"https://www.openstreetmap.org/relation/10110270","tech":"Onshore","commissioning_year":2018},"geometry":{"type":"Point","coordinates":[2.766,49.777]}},{"type":"Feature","properties":{"id":"ppm-fr-7338","name":"Cotes De Champagne Wind Farm","capacity_mw":20.0,"fuel_type":"wind","status":"operational","precision":"approximate","source":"powerplantmatching v0.9.0, 2026-10-03 · Global Energy Monitor, OpenStreetMap","source_url":"https://www.openstreetmap.org/relation/20345593","tech":"Onshore","commissioning_year":2005},"geometry":{"type":"Point","coordinates":[4.637,48.825]}},{"type":"Feature","properties":{"id":"ppm-fr-7417","name":"La Chaussee Brunehaut Jpee Wind Farm","capacity_mw":20.0,"fuel_type":"wind","status":"operational","precision":"approximate","source":"powerplantmatching v0.9.0, 2026-10-03 · Global Energy Monitor, OpenStreetMap","source_url":"https://www.openstreetmap.org/relation/7947893","tech":"Onshore","commissioning_year":2016},"geometry":{"type":"Point","coordinates":[3.479,50.237]}},{"type":"Feature","properties":{"id":"ppm-fr-7426","name":"Chaussee De Cesar Wind Farm","capacity_mw":20.0,"fuel_type":"wind","status":"operational","precision":"approximate","source":"powerplantmatching v0.9.0, 2026-10-03 · Global Energy Monitor, OpenStreetMap","source_url":"https://www.openstreetmap.org/relation/13090530","tech":"Onshore","commissioning_year":2011},"geometry":{"type":"Point","coordinates":[2.199,46.97]}},{"type":"Feature","properties":{"id":"ppm-fr-7435","name":"Chassepain Wind Farm","capacity_mw":20.0,"fuel_type":"wind","status":"operational","precision":"approximate","source":"powerplantmatching v0.9.0, 2026-10-03 · Global Energy Monitor, OpenStreetMap","source_url":"https://www.openstreetmap.org/relation/10109335","tech":"Onshore","commissioning_year":2018},"geometry":{"type":"Point","coordinates":[1.978,46.702]}},{"type":"Feature","properties":{"id":"ppm-fr-7458","name":"Lazer Solar Facility","capacity_mw":20.0,"fuel_type":"solar","status":"operational","precision":"approximate","source":"powerplantmatching v0.9.0, 2026-10-03 · Global Energy Monitor, OpenStreetMap","source_url":"https://www.openstreetmap.org/relation/17328511","tech":"PV","commissioning_year":2022},"geometry":{"type":"Point","coordinates":[5.857,44.346]}},{"type":"Feature","properties":{"id":"ppm-fr-7528","name":"Bois Saint Aubert Wind Farm","capacity_mw":20.0,"fuel_type":"wind","status":"operational","precision":"approximate","source":"powerplantmatching v0.9.0, 2026-10-03 · Global Energy Monitor, OpenStreetMap","source_url":"https://www.openstreetmap.org/relation/17081763","tech":"Onshore","commissioning_year":2024},"geometry":{"type":"Point","coordinates":[3.348,50.094]}},{"type":"Feature","properties":{"id":"ppm-fr-7606","name":"Bois De Belfays Wind Farm","capacity_mw":20.0,"fuel_type":"wind","status":"operational","precision":"approximate","source":"powerplantmatching v0.9.0, 2026-10-03 · Global Energy Monitor, OpenStreetMap","source_url":"https://www.openstreetmap.org/relation/7985975","tech":"Onshore","commissioning_year":2017},"geometry":{"type":"Point","coordinates":[7.059,48.354]}},{"type":"Feature","properties":{"id":"ppm-fr-7615","name":"Blancfosse Wind Farm","capacity_mw":20.0,"fuel_type":"wind","status":"operational","precision":"approximate","source":"powerplantmatching v0.9.0, 2026-10-03 · Global Energy Monitor, OpenStreetMap","source_url":"https://www.openstreetmap.org/relation/2684338","tech":"Onshore","commissioning_year":2006},"geometry":{"type":"Point","coordinates":[1.891,48.22]}},{"type":"Feature","properties":{"id":"ppm-fr-12147","name":"Adriers Wind Farm","capacity_mw":20.0,"fuel_type":"wind","status":"operational","precision":"approximate","source":"powerplantmatching v0.9.0, 2026-10-03 · Global Energy Monitor","source_url":"https://github.com/PyPSA/powerplantmatching","tech":"Onshore","commissioning_year":2014},"geometry":{"type":"Point","coordinates":[0.763,46.253]}},{"type":"Feature","properties":{"id":"ppm-fr-12935","name":"Avesnes Bosc Hyons Solar Farm","capacity_mw":20.0,"fuel_type":"solar","status":"operational","precision":"approximate","source":"powerplantmatching v0.9.0, 2026-10-03 · Global Energy Monitor","source_url":"https://github.com/PyPSA/powerplantmatching","tech":"PV"},"geometry":{"type":"Point","coordinates":[1.647,49.455]}},{"type":"Feature","properties":{"id":"ppm-fr-13852","name":"Bouin Wind Farm","capacity_mw":20.0,"fuel_type":"wind","status":"operational","precision":"approximate","source":"powerplantmatching v0.9.0, 2026-10-03 · Global Energy Monitor","source_url":"https://github.com/PyPSA/powerplantmatching","tech":"Onshore","commissioning_year":2003},"geometry":{"type":"Point","coordinates":[-2.054,46.952]}},{"type":"Feature","properties":{"id":"ppm-fr-15063","name":"Chapelle Darblay Paper Mill","capacity_mw":20.0,"fuel_type":"biomass","status":"operational","precision":"approximate","source":"powerplantmatching v0.9.0, 2026-10-03 · Global Energy Monitor","source_url":"https://github.com/PyPSA/powerplantmatching","commissioning_year":2007},"geometry":{"type":"Point","coordinates":[1.01,49.37]}},{"type":"Feature","properties":{"id":"ppm-fr-17375","name":"Grande Piece Wind Farm","capacity_mw":20.0,"fuel_type":"wind","status":"operational","precision":"approximate","source":"powerplantmatching v0.9.0, 2026-10-03 · Global Energy Monitor","source_url":"https://github.com/PyPSA/powerplantmatching","tech":"Onshore","commissioning_year":2017},"geometry":{"type":"Point","coordinates":[1.784,48.341]}},{"type":"Feature","properties":{"id":"ppm-fr-17677","name":"Haut Val Azette Wind Farm","capacity_mw":20.0,"fuel_type":"wind","status":"operational","precision":"approximate","source":"powerplantmatching v0.9.0, 2026-10-03 · Global Energy Monitor","source_url":"https://github.com/PyPSA/powerplantmatching","tech":"Onshore","commissioning_year":2018},"geometry":{"type":"Point","coordinates":[6.538,49.021]}},{"type":"Feature","properties":{"id":"ppm-fr-17709","name":"Helfaut Wind Farm","capacity_mw":20.0,"fuel_type":"wind","status":"operational","precision":"approximate","source":"powerplantmatching v0.9.0, 2026-10-03 · Global Energy Monitor","source_url":"https://github.com/PyPSA/powerplantmatching","tech":"Onshore","commissioning_year":2024},"geometry":{"type":"Point","coordinates":[2.254,50.691]}},{"type":"Feature","properties":{"id":"ppm-fr-19700","name":"Les Communes Wind Farm","capacity_mw":20.0,"fuel_type":"wind","status":"operational","precision":"approximate","source":"powerplantmatching v0.9.0, 2026-10-03 · Global Energy Monitor","source_url":"https://github.com/PyPSA/powerplantmatching","tech":"Onshore","commissioning_year":2016},"geometry":{"type":"Point","coordinates":[4.585,49.346]}},{"type":"Feature","properties":{"id":"ppm-fr-19719","name":"Les Nouillers Wind Farm","capacity_mw":20.0,"fuel_type":"wind","status":"operational","precision":"approximate","source":"powerplantmatching v0.9.0, 2026-10-03 · Global Energy Monitor","source_url":"https://github.com/PyPSA/powerplantmatching","tech":"Onshore","commissioning_year":2014},"geometry":{"type":"Point","coordinates":[-0.645,45.935]}},{"type":"Feature","properties":{"id":"ppm-fr-19976","name":"Longueval Wind Farm","capacity_mw":20.0,"fuel_type":"wind","status":"operational","precision":"approximate","source":"powerplantmatching v0.9.0, 2026-10-03 · Global Energy Monitor","source_url":"https://github.com/PyPSA/powerplantmatching","tech":"Onshore","commissioning_year":2009},"geometry":{"type":"Point","coordinates":[4.038,49.264]}},{"type":"Feature","properties":{"id":"ppm-fr-20139","name":"Lyon Saint Exupery Airport Solar Farm","capacity_mw":20.0,"fuel_type":"solar","status":"operational","precision":"approximate","source":"powerplantmatching v0.9.0, 2026-10-03 · Global Energy Monitor","source_url":"https://github.com/PyPSA/powerplantmatching","tech":"PV"},"geometry":{"type":"Point","coordinates":[5.095,45.714]}},{"type":"Feature","properties":{"id":"ppm-fr-20517","name":"Merry Sec Wind Farm","capacity_mw":20.0,"fuel_type":"wind","status":"operational","precision":"approximate","source":"powerplantmatching v0.9.0, 2026-10-03 · Global Energy Monitor","source_url":"https://github.com/PyPSA/powerplantmatching","tech":"Onshore","commissioning_year":2013},"geometry":{"type":"Point","coordinates":[3.503,47.671]}},{"type":"Feature","properties":{"id":"ppm-fr-21493","name":"Ollieres Solar Farm","capacity_mw":20.0,"fuel_type":"solar","status":"operational","precision":"approximate","source":"powerplantmatching v0.9.0, 2026-10-03 · Global Energy Monitor","source_url":"https://github.com/PyPSA/powerplantmatching","tech":"PV"},"geometry":{"type":"Point","coordinates":[5.789,43.495]}},{"type":"Feature","properties":{"id":"ppm-fr-22387","name":"Plo De Laurier Wind Farm","capacity_mw":20.0,"fuel_type":"wind","status":"operational","precision":"approximate","source":"powerplantmatching v0.9.0, 2026-10-03 · Global Energy Monitor","source_url":"https://github.com/PyPSA/powerplantmatching","tech":"Onshore"},"geometry":{"type":"Point","coordinates":[3.218,43.684]}},{"type":"Feature","properties":{"id":"ppm-fr-22559","name":"Pont Melvez Wind Farm","capacity_mw":20.0,"fuel_type":"wind","status":"operational","precision":"approximate","source":"powerplantmatching v0.9.0, 2026-10-03 · Global Energy Monitor","source_url":"https://github.com/PyPSA/powerplantmatching","tech":"Onshore","commissioning_year":2006},"geometry":{"type":"Point","coordinates":[-3.285,48.468]}},{"type":"Feature","properties":{"id":"ppm-fr-23463","name":"Saint Symphorien Confidentiel Solar Farm","capacity_mw":20.0,"fuel_type":"solar","status":"operational","precision":"approximate","source":"powerplantmatching v0.9.0, 2026-10-03 · Global Energy Monitor","source_url":"https://github.com/PyPSA/powerplantmatching","tech":"PV","commissioning_year":2011},"geometry":{"type":"Point","coordinates":[-0.491,44.431]}},{"type":"Feature","properties":{"id":"ppm-fr-23708","name":"Senerval","capacity_mw":20.0,"fuel_type":"waste","status":"operational","precision":"approximate","source":"powerplantmatching v0.9.0, 2026-10-03 · Global Energy Monitor","source_url":"https://github.com/PyPSA/powerplantmatching","commissioning_year":2019},"geometry":{"type":"Point","coordinates":[7.789,48.519]}},{"type":"Feature","properties":{"id":"ppm-fr-24166","name":"Solvay Chalampe","capacity_mw":20.0,"fuel_type":"gas","status":"operational","precision":"approximate","source":"powerplantmatching v0.9.0, 2026-10-03 · Global Energy Monitor","source_url":"https://github.com/PyPSA/powerplantmatching","tech":"Steam Turbine","commissioning_year":2001},"geometry":{"type":"Point","coordinates":[7.534,47.808]}},{"type":"Feature","properties":{"id":"ppm-fr-25880","name":"Volkswagen Group Solar Carpark","capacity_mw":20.0,"fuel_type":"solar","status":"operational","precision":"approximate","source":"powerplantmatching v0.9.0, 2026-10-03 · Global Energy Monitor","source_url":"https://github.com/PyPSA/powerplantmatching","tech":"PV","commissioning_year":2021},"geometry":{"type":"Point","coordinates":[3.087,49.242]}},{"type":"Feature","properties":{"id":"ppm-fr-22745","name":"Proville Solar","capacity_mw":19.9,"fuel_type":"solar","status":"operational","precision":"approximate","source":"powerplantmatching v0.9.0, 2026-10-03 · Global Energy Monitor","source_url":"https://github.com/PyPSA/powerplantmatching","tech":"PV","commissioning_year":2021},"geometry":{"type":"Point","coordinates":[3.208,50.158]}},{"type":"Feature","properties":{"id":"ppm-fr-3550","name":"Calypso","capacity_mw":19.8,"fuel_type":"hydro","status":"operational","precision":"approximate","source":"powerplantmatching v0.9.0, 2026-10-03 · JRC (European Commission), Global Hydropower Resources, OpenStreetMap","source_url":"https://www.openstreetmap.org/relation/7346401","tech":"Run-Of-River","commissioning_year":1916},"geometry":{"type":"Point","coordinates":[6.44,45.235]}},{"type":"Feature","properties":{"id":"ppm-fr-15344","name":"Commer Martigne Sur Mayenne Wind Farm","capacity_mw":19.8,"fuel_type":"wind","status":"operational","precision":"approximate","source":"powerplantmatching v0.9.0, 2026-10-03 · Global Energy Monitor","source_url":"https://github.com/PyPSA/powerplantmatching","tech":"Onshore","commissioning_year":2025},"geometry":{"type":"Point","coordinates":[-0.62,48.235]}},{"type":"Feature","properties":{"id":"ppm-fr-22304","name":"Piolenc Confidentiel Solar Farm","capacity_mw":19.8,"fuel_type":"solar","status":"operational","precision":"approximate","source":"powerplantmatching v0.9.0, 2026-10-03 · Global Energy Monitor","source_url":"https://github.com/PyPSA/powerplantmatching","tech":"PV","commissioning_year":2019},"geometry":{"type":"Point","coordinates":[4.763,44.179]}},{"type":"Feature","properties":{"id":"ppm-fr-3390","name":"Bessens Solar Farm","capacity_mw":19.5,"fuel_type":"solar","status":"operational","precision":"approximate","source":"powerplantmatching v0.9.0, 2026-10-03 · Global Energy Monitor, WRI GPPD, OpenStreetMap","source_url":"https://www.openstreetmap.org/relation/15036781","tech":"PV","commissioning_year":2016},"geometry":{"type":"Point","coordinates":[1.29,43.888]}},{"type":"Feature","properties":{"id":"ppm-fr-7424","name":"Saint Pierre De Cheville Confidentiel Solar","capacity_mw":19.5,"fuel_type":"solar","status":"operational","precision":"approximate","source":"powerplantmatching v0.9.0, 2026-10-03 · Global Energy Monitor, OpenStreetMap","source_url":"https://www.openstreetmap.org/way/41713538","tech":"PV","commissioning_year":2024},"geometry":{"type":"Point","coordinates":[0.439,47.646]}},{"type":"Feature","properties":{"id":"ppm-fr-16514","name":"Essigny Le Grand Wind Farm","capacity_mw":19.5,"fuel_type":"wind","status":"operational","precision":"approximate","source":"powerplantmatching v0.9.0, 2026-10-03 · Global Energy Monitor","source_url":"https://github.com/PyPSA/powerplantmatching","tech":"Onshore"},"geometry":{"type":"Point","coordinates":[3.272,49.774]}},{"type":"Feature","properties":{"id":"ppm-fr-23044","name":"Rians Solar","capacity_mw":19.4,"fuel_type":"solar","status":"operational","precision":"approximate","source":"powerplantmatching v0.9.0, 2026-10-03 · Global Energy Monitor","source_url":"https://github.com/PyPSA/powerplantmatching","tech":"PV","commissioning_year":2022},"geometry":{"type":"Point","coordinates":[5.757,43.606]}},{"type":"Feature","properties":{"id":"ppm-fr-3552","name":"Centrale De Nouaux","capacity_mw":19.2,"fuel_type":"hydro","status":"operational","precision":"approximate","source":"powerplantmatching v0.9.0, 2026-10-03 · JRC (European Commission), Global Hydropower Resources, OpenStreetMap","source_url":"https://www.openstreetmap.org/relation/9991279","tech":"Run-Of-River","commissioning_year":1970},"geometry":{"type":"Point","coordinates":[-0.143,42.984]}},{"type":"Feature","properties":{"id":"ppm-fr-12380","name":"Algoux Wind Farm","capacity_mw":19.2,"fuel_type":"wind","status":"operational","precision":"approximate","source":"powerplantmatching v0.9.0, 2026-10-03 · Global Energy Monitor","source_url":"https://github.com/PyPSA/powerplantmatching","tech":"Onshore"},"geometry":{"type":"Point","coordinates":[2.156,44.841]}},{"type":"Feature","properties":{"id":"ppm-fr-20788","name":"Montagne Engie Wind Farm","capacity_mw":19.2,"fuel_type":"wind","status":"operational","precision":"approximate","source":"powerplantmatching v0.9.0, 2026-10-03 · Global Energy Monitor","source_url":"https://github.com/PyPSA/powerplantmatching","tech":"Onshore","commissioning_year":2018},"geometry":{"type":"Point","coordinates":[0.166,45.259]}},{"type":"Feature","properties":{"id":"ppm-fr-25605","name":"Varennes Sur Allier Confidentiel Solar Farm","capacity_mw":19.2,"fuel_type":"solar","status":"operational","precision":"approximate","source":"powerplantmatching v0.9.0, 2026-10-03 · Global Energy Monitor","source_url":"https://github.com/PyPSA/powerplantmatching","tech":"PV","commissioning_year":2020},"geometry":{"type":"Point","coordinates":[3.403,46.313]}},{"type":"Feature","properties":{"id":"ppm-fr-6915","name":"La Centrale Solaire De Prauthoy Solar","capacity_mw":19.1,"fuel_type":"solar","status":"operational","precision":"approximate","source":"powerplantmatching v0.9.0, 2026-10-03 · Global Energy Monitor, OpenStreetMap","source_url":"https://www.openstreetmap.org/way/1453454968","tech":"PV","commissioning_year":2025},"geometry":{"type":"Point","coordinates":[5.289,47.664]}},{"type":"Feature","properties":{"id":"ppm-fr-1888","name":"Monceaux La Virolle Monceaux La Virolle","capacity_mw":19.0,"fuel_type":"hydro","status":"operational","precision":"approximate","source":"powerplantmatching v0.9.0, 2026-10-03 · JRC (European Commission), Global Hydropower Resources, OpenStreetMap, GEO","source_url":"https://www.openstreetmap.org/relation/8763712","tech":"Reservoir","commissioning_year":1946},"geometry":{"type":"Point","coordinates":[1.84,45.576]}},{"type":"Feature","properties":{"id":"ppm-fr-6383","name":"Valbin Wind Farm","capacity_mw":19.0,"fuel_type":"wind","status":"operational","precision":"approximate","source":"powerplantmatching v0.9.0, 2026-10-03 · Global Energy Monitor, OpenStreetMap","source_url":"https://www.openstreetmap.org/relation/10766885","tech":"Onshore","commissioning_year":2018},"geometry":{"type":"Point","coordinates":[4.385,48.155]}},{"type":"Feature","properties":{"id":"ppm-fr-6838","name":"La Montagne Wind Farm","capacity_mw":19.0,"fuel_type":"wind","status":"operational","precision":"approximate","source":"powerplantmatching v0.9.0, 2026-10-03 · Global Energy Monitor, OpenStreetMap","source_url":"https://www.openstreetmap.org/relation/10775442","tech":"Onshore","commissioning_year":2016},"geometry":{"type":"Point","coordinates":[4.092,48.414]}},{"type":"Feature","properties":{"id":"ppm-fr-19405","name":"Laperriere Wind Farm","capacity_mw":19.0,"fuel_type":"wind","status":"operational","precision":"approximate","source":"powerplantmatching v0.9.0, 2026-10-03 · Global Energy Monitor","source_url":"https://github.com/PyPSA/powerplantmatching","tech":"Onshore","commissioning_year":2019},"geometry":{"type":"Point","coordinates":[4.69,47.559]}},{"type":"Feature","properties":{"id":"ppm-fr-24858","name":"Temple","capacity_mw":19.0,"fuel_type":"hydro","status":"operational","precision":"approximate","source":"powerplantmatching v0.9.0, 2026-10-03 · Global Energy Monitor","source_url":"https://github.com/PyPSA/powerplantmatching","tech":"Run-Of-River","commissioning_year":1951},"geometry":{"type":"Point","coordinates":[0.497,44.392]}},{"type":"Feature","properties":{"id":"ppm-fr-24884","name":"Terres Noires Wind Farm","capacity_mw":19.0,"fuel_type":"wind","status":"operational","precision":"approximate","source":"powerplantmatching v0.9.0, 2026-10-03 · Global Energy Monitor","source_url":"https://github.com/PyPSA/powerplantmatching","tech":"Onshore","commissioning_year":2017},"geometry":{"type":"Point","coordinates":[3.294,49.781]}},{"type":"Feature","properties":{"id":"ppm-fr-26324","name":"Yvre Eveque Confidentiel Solar","capacity_mw":19.0,"fuel_type":"solar","status":"operational","precision":"approximate","source":"powerplantmatching v0.9.0, 2026-10-03 · Global Energy Monitor","source_url":"https://github.com/PyPSA/powerplantmatching","tech":"PV","commissioning_year":2024},"geometry":{"type":"Point","coordinates":[0.271,48.014]}},{"type":"Feature","properties":{"id":"ppm-fr-6225","name":"Villognon Confidentiel Solar","capacity_mw":18.7,"fuel_type":"solar","status":"operational","precision":"approximate","source":"powerplantmatching v0.9.0, 2026-10-03 · Global Energy Monitor, OpenStreetMap","source_url":"https://www.openstreetmap.org/way/1229853313","tech":"PV","commissioning_year":2023},"geometry":{"type":"Point","coordinates":[0.098,45.861]}},{"type":"Feature","properties":{"id":"ppm-fr-12811","name":"Arles Confidentiel Solar Farm","capacity_mw":18.6,"fuel_type":"solar","status":"operational","precision":"approximate","source":"powerplantmatching v0.9.0, 2026-10-03 · Global Energy Monitor","source_url":"https://github.com/PyPSA/powerplantmatching","tech":"PV","commissioning_year":2011},"geometry":{"type":"Point","coordinates":[4.631,43.678]}},{"type":"Feature","properties":{"id":"ppm-fr-17851","name":"Hostens Confidentiel Solar Farm","capacity_mw":18.6,"fuel_type":"solar","status":"operational","precision":"approximate","source":"powerplantmatching v0.9.0, 2026-10-03 · Global Energy Monitor","source_url":"https://github.com/PyPSA/powerplantmatching","tech":"PV","commissioning_year":2014},"geometry":{"type":"Point","coordinates":[-0.638,44.493]}},{"type":"Feature","properties":{"id":"ppm-fr-7445","name":"Calce","capacity_mw":18.5,"fuel_type":"waste","status":"operational","precision":"approximate","source":"powerplantmatching v0.9.0, 2026-10-03 · Global Energy Monitor, OpenStreetMap","source_url":"https://www.openstreetmap.org/way/93450083","tech":"CCGT","commissioning_year":2003},"geometry":{"type":"Point","coordinates":[2.772,42.733]}},{"type":"Feature","properties":{"id":"ppm-fr-13358","name":"Bergerac Confidentiel Solar Farm","capacity_mw":18.5,"fuel_type":"solar","status":"operational","precision":"approximate","source":"powerplantmatching v0.9.0, 2026-10-03 · Global Energy Monitor","source_url":"https://github.com/PyPSA/powerplantmatching","tech":"PV","commissioning_year":2017},"geometry":{"type":"Point","coordinates":[0.487,44.853]}},{"type":"Feature","properties":{"id":"ppm-fr-6550","name":"Plo Del Montal Wind Farm","capacity_mw":18.4,"fuel_type":"wind","status":"operational","precision":"approximate","source":"powerplantmatching v0.9.0, 2026-10-03 · Global Energy Monitor, OpenStreetMap","source_url":"https://www.openstreetmap.org/relation/15355678","tech":"Onshore","commissioning_year":2012},"geometry":{"type":"Point","coordinates":[3.081,43.895]}},{"type":"Feature","properties":{"id":"ppm-fr-6787","name":"Les Vingt Setiers Wind Farm","capacity_mw":18.4,"fuel_type":"wind","status":"operational","precision":"approximate","source":"powerplantmatching v0.9.0, 2026-10-03 · Global Energy Monitor, OpenStreetMap","source_url":"https://www.openstreetmap.org/relation/13088434","tech":"Onshore","commissioning_year":2011},"geometry":{"type":"Point","coordinates":[1.943,48.395]}},{"type":"Feature","properties":{"id":"ppm-fr-20395","name":"Mauleon Wind Farm","capacity_mw":18.4,"fuel_type":"wind","status":"operational","precision":"approximate","source":"powerplantmatching v0.9.0, 2026-10-03 · Global Energy Monitor","source_url":"https://github.com/PyPSA/powerplantmatching","tech":"Onshore"},"geometry":{"type":"Point","coordinates":[-0.911,43.227]}},{"type":"Feature","properties":{"id":"ppm-fr-7234","name":"Csu Solar Farm","capacity_mw":18.1,"fuel_type":"solar","status":"operational","precision":"approximate","source":"powerplantmatching v0.9.0, 2026-10-03 · Global Energy Monitor, OpenStreetMap","source_url":"https://www.openstreetmap.org/way/1074576165","tech":"PV","commissioning_year":2021},"geometry":{"type":"Point","coordinates":[2.321,47.063]}},{"type":"Feature","properties":{"id":"ppm-fr-6372","name":"Vallee De Torfou Wind Farm","capacity_mw":18.0,"fuel_type":"wind","status":"operational","precision":"approximate","source":"powerplantmatching v0.9.0, 2026-10-03 · Global Energy Monitor, OpenStreetMap","source_url":"https://www.openstreetmap.org/relation/10109389","tech":"Onshore","commissioning_year":2018},"geometry":{"type":"Point","coordinates":[1.962,47.01]}},{"type":"Feature","properties":{"id":"ppm-fr-6444","name":"Tout Vent Wind Farm","capacity_mw":18.0,"fuel_type":"wind","status":"operational","precision":"approximate","source":"powerplantmatching v0.9.0, 2026-10-03 · Global Energy Monitor, OpenStreetMap","source_url":"https://www.openstreetmap.org/relation/14372613","tech":"Onshore","commissioning_year":2021},"geometry":{"type":"Point","coordinates":[-0.643,45.963]}},{"type":"Feature","properties":{"id":"ppm-fr-6500","name":"Savigny Waleppe Wind Farm","capacity_mw":18.0,"fuel_type":"wind","status":"operational","precision":"approximate","source":"powerplantmatching v0.9.0, 2026-10-03 · Global Energy Monitor, OpenStreetMap","source_url":"https://www.openstreetmap.org/relation/7985963","tech":"Onshore","commissioning_year":2011},"geometry":{"type":"Point","coordinates":[4.058,49.625]}},{"type":"Feature","properties":{"id":"ppm-fr-6501","name":"Scaer Wind Farm","capacity_mw":18.0,"fuel_type":"wind","status":"operational","precision":"approximate","source":"powerplantmatching v0.9.0, 2026-10-03 · Global Energy Monitor, OpenStreetMap","source_url":"https://www.openstreetmap.org/relation/13093214","tech":"Onshore","commissioning_year":2017},"geometry":{"type":"Point","coordinates":[-3.754,48.085]}},{"type":"Feature","properties":{"id":"ppm-fr-6515","name":"Quint Wind Farm","capacity_mw":18.0,"fuel_type":"wind","status":"operational","precision":"approximate","source":"powerplantmatching v0.9.0, 2026-10-03 · Global Energy Monitor, OpenStreetMap","source_url":"https://www.openstreetmap.org/relation/7952590","tech":"Onshore","commissioning_year":2017},"geometry":{"type":"Point","coordinates":[2.246,49.715]}},{"type":"Feature","properties":{"id":"ppm-fr-6528","name":"Saint Jean Lachalm Wind Farm","capacity_mw":18.0,"fuel_type":"wind","status":"operational","precision":"approximate","source":"powerplantmatching v0.9.0, 2026-10-03 · Global Energy Monitor, OpenStreetMap","source_url":"https://www.openstreetmap.org/relation/3866054","tech":"Onshore","commissioning_year":2008},"geometry":{"type":"Point","coordinates":[3.738,44.962]}},{"type":"Feature","properties":{"id":"ppm-fr-6530","name":"Saint Laurs Et Beugnon Thireul Wind Farm","capacity_mw":18.0,"fuel_type":"wind","status":"operational","precision":"approximate","source":"powerplantmatching v0.9.0, 2026-10-03 · Global Energy Monitor, OpenStreetMap","source_url":"https://www.openstreetmap.org/relation/17072315","tech":"Onshore","commissioning_year":2023},"geometry":{"type":"Point","coordinates":[-0.577,46.539]}},{"type":"Feature","properties":{"id":"ppm-fr-6568","name":"Remigny Ly Fontaine Wind Farm","capacity_mw":18.0,"fuel_type":"wind","status":"operational","precision":"approximate","source":"powerplantmatching v0.9.0, 2026-10-03 · Global Energy Monitor, OpenStreetMap","source_url":"https://www.openstreetmap.org/relation/7943918","tech":"Onshore","commissioning_year":2014},"geometry":{"type":"Point","coordinates":[3.313,49.727]}},{"type":"Feature","properties":{"id":"ppm-fr-6577","name":"Pays Part Wind Farm","capacity_mw":18.0,"fuel_type":"wind","status":"operational","precision":"approximate","source":"powerplantmatching v0.9.0, 2026-10-03 · Global Energy Monitor, OpenStreetMap","source_url":"https://www.openstreetmap.org/relation/19423113","tech":"Onshore","commissioning_year":2025},"geometry":{"type":"Point","coordinates":[2.288,50.538]}},{"type":"Feature","properties":{"id":"ppm-fr-6599","name":"Patay Wind Farm","capacity_mw":18.0,"fuel_type":"wind","status":"operational","precision":"approximate","source":"powerplantmatching v0.9.0, 2026-10-03 · Global Energy Monitor, OpenStreetMap","source_url":"https://www.openstreetmap.org/relation/7938720","tech":"Onshore","commissioning_year":2007},"geometry":{"type":"Point","coordinates":[1.687,48.069]}},{"type":"Feature","properties":{"id":"ppm-fr-6723","name":"Montagne Gaillard Wind Farm","capacity_mw":18.0,"fuel_type":"wind","status":"operational","precision":"approximate","source":"powerplantmatching v0.9.0, 2026-10-03 · Global Energy Monitor, OpenStreetMap","source_url":"https://www.openstreetmap.org/relation/7943908","tech":"Onshore","commissioning_year":2013},"geometry":{"type":"Point","coordinates":[3.104,49.993]}},{"type":"Feature","properties":{"id":"ppm-fr-6751","name":"Les Landes Wind Farm","capacity_mw":18.0,"fuel_type":"wind","status":"operational","precision":"approximate","source":"powerplantmatching v0.9.0, 2026-10-03 · Global Energy Monitor, OpenStreetMap","source_url":"https://www.openstreetmap.org/relation/13333519","tech":"Onshore","commissioning_year":2019},"geometry":{"type":"Point","coordinates":[0.909,46.163]}},{"type":"Feature","properties":{"id":"ppm-fr-6790","name":"Le Menec Wind Farm","capacity_mw":18.0,"fuel_type":"wind","status":"operational","precision":"approximate","source":"powerplantmatching v0.9.0, 2026-10-03 · Global Energy Monitor, OpenStreetMap","source_url":"https://www.openstreetmap.org/relation/15413729","tech":"Onshore","commissioning_year":2022},"geometry":{"type":"Point","coordinates":[-2.8,48.2]}},{"type":"Feature","properties":{"id":"ppm-fr-6853","name":"Le Mee Wind Farm","capacity_mw":18.0,"fuel_type":"wind","status":"operational","precision":"approximate","source":"powerplantmatching v0.9.0, 2026-10-03 · Global Energy Monitor, OpenStreetMap","source_url":"https://www.openstreetmap.org/relation/15688740","tech":"Onshore","commissioning_year":2010},"geometry":{"type":"Point","coordinates":[1.812,47.034]}},{"type":"Feature","properties":{"id":"ppm-fr-6872","name":"Ids Saint Roch Touchay Wind Farm","capacity_mw":18.0,"fuel_type":"wind","status":"operational","precision":"approximate","source":"powerplantmatching v0.9.0, 2026-10-03 · Global Energy Monitor, OpenStreetMap","source_url":"https://www.openstreetmap.org/relation/14376883","tech":"Onshore","commissioning_year":2020},"geometry":{"type":"Point","coordinates":[2.245,46.733]}},{"type":"Feature","properties":{"id":"ppm-fr-6891","name":"La Roche Quatre Rivieres Wind Farm","capacity_mw":18.0,"fuel_type":"wind","status":"operational","precision":"approximate","source":"powerplantmatching v0.9.0, 2026-10-03 · Global Energy Monitor, OpenStreetMap","source_url":"https://www.openstreetmap.org/relation/12140128","tech":"Onshore","commissioning_year":2019},"geometry":{"type":"Point","coordinates":[5.662,47.676]}},{"type":"Feature","properties":{"id":"ppm-fr-7097","name":"Grande Combe Wind Farm","capacity_mw":18.0,"fuel_type":"wind","status":"operational","precision":"approximate","source":"powerplantmatching v0.9.0, 2026-10-03 · Global Energy Monitor, OpenStreetMap","source_url":"https://www.openstreetmap.org/relation/14045775","tech":"Onshore","commissioning_year":2019},"geometry":{"type":"Point","coordinates":[5.476,48.326]}},{"type":"Feature","properties":{"id":"ppm-fr-7173","name":"Foret De Thivolet Wind Farm","capacity_mw":18.0,"fuel_type":"wind","status":"operational","precision":"approximate","source":"powerplantmatching v0.9.0, 2026-10-03 · Global Energy Monitor, OpenStreetMap","source_url":"https://www.openstreetmap.org/relation/10780235","tech":"Onshore","commissioning_year":2018},"geometry":{"type":"Point","coordinates":[5.181,45.172]}},{"type":"Feature","properties":{"id":"ppm-fr-7206","name":"Eole Les Patoures Wind Farm","capacity_mw":18.0,"fuel_type":"wind","status":"operational","precision":"approximate","source":"powerplantmatching v0.9.0, 2026-10-03 · Global Energy Monitor, OpenStreetMap","source_url":"https://www.openstreetmap.org/relation/10077896","tech":"Onshore","commissioning_year":2017},"geometry":{"type":"Point","coordinates":[1.156,46.367]}},{"type":"Feature","properties":{"id":"ppm-fr-7391","name":"Champagne Conlinoise Wind Farm","capacity_mw":18.0,"fuel_type":"wind","status":"operational","precision":"approximate","source":"powerplantmatching v0.9.0, 2026-10-03 · Global Energy Monitor, OpenStreetMap","source_url":"https://www.openstreetmap.org/relation/14357103","tech":"Onshore","commissioning_year":2019},"geometry":{"type":"Point","coordinates":[-0.018,48.136]}},{"type":"Feature","properties":{"id":"ppm-fr-7419","name":"Chemin Perre Wind Farm","capacity_mw":18.0,"fuel_type":"wind","status":"operational","precision":"approximate","source":"powerplantmatching v0.9.0, 2026-10-03 · Global Energy Monitor, OpenStreetMap","source_url":"https://www.openstreetmap.org/relation/7881587","tech":"Onshore","commissioning_year":2016},"geometry":{"type":"Point","coordinates":[3.516,48.599]}},{"type":"Feature","properties":{"id":"ppm-fr-7425","name":"Chaunay Wind Farm","capacity_mw":18.0,"fuel_type":"wind","status":"operational","precision":"approximate","source":"powerplantmatching v0.9.0, 2026-10-03 · Global Energy Monitor, OpenStreetMap","source_url":"https://www.openstreetmap.org/relation/9452663","tech":"Onshore","commissioning_year":2018},"geometry":{"type":"Point","coordinates":[0.158,46.205]}},{"type":"Feature","properties":{"id":"ppm-fr-7450","name":"Chamole Wind Farm","capacity_mw":18.0,"fuel_type":"wind","status":"operational","precision":"approximate","source":"powerplantmatching v0.9.0, 2026-10-03 · Global Energy Monitor, OpenStreetMap","source_url":"https://www.openstreetmap.org/relation/7931955","tech":"Onshore","commissioning_year":2017},"geometry":{"type":"Point","coordinates":[5.747,46.847]}},{"type":"Feature","properties":{"id":"ppm-fr-7452","name":"Champ De Epee Wind Farm","capacity_mw":18.0,"fuel_type":"wind","status":"operational","precision":"approximate","source":"powerplantmatching v0.9.0, 2026-10-03 · Global Energy Monitor, OpenStreetMap","source_url":"https://www.openstreetmap.org/relation/13461681","tech":"Onshore","commissioning_year":2012},"geometry":{"type":"Point","coordinates":[4.149,48.601]}},{"type":"Feature","properties":{"id":"ppm-fr-7472","name":"Bois Des Saulx Wind Farm","capacity_mw":18.0,"fuel_type":"wind","status":"operational","precision":"approximate","source":"powerplantmatching v0.9.0, 2026-10-03 · Global Energy Monitor, OpenStreetMap","source_url":"https://www.openstreetmap.org/relation/16192482","tech":"Onshore","commissioning_year":2023},"geometry":{"type":"Point","coordinates":[4.987,47.598]}},{"type":"Feature","properties":{"id":"ppm-fr-7478","name":"Bois Nanette Et Bois Duvivier Wind Farm","capacity_mw":18.0,"fuel_type":"wind","status":"operational","precision":"approximate","source":"powerplantmatching v0.9.0, 2026-10-03 · Global Energy Monitor, OpenStreetMap","source_url":"https://www.openstreetmap.org/relation/7952608","tech":"Onshore","commissioning_year":2010},"geometry":{"type":"Point","coordinates":[1.907,49.799]}},{"type":"Feature","properties":{"id":"ppm-fr-7686","name":"Andilly Les Marais Wind Farm","capacity_mw":18.0,"fuel_type":"wind","status":"operational","precision":"approximate","source":"powerplantmatching v0.9.0, 2026-10-03 · Global Energy Monitor, OpenStreetMap","source_url":"https://www.openstreetmap.org/relation/17638767","tech":"Onshore","commissioning_year":2024},"geometry":{"type":"Point","coordinates":[-1.009,46.249]}},{"type":"Feature","properties":{"id":"ppm-fr-12909","name":"Audunois Nord Wind Farm","capacity_mw":18.0,"fuel_type":"wind","status":"operational","precision":"approximate","source":"powerplantmatching v0.9.0, 2026-10-03 · Global Energy Monitor","source_url":"https://github.com/PyPSA/powerplantmatching","tech":"Onshore"},"geometry":{"type":"Point","coordinates":[5.97,49.464]}},{"type":"Feature","properties":{"id":"ppm-fr-13849","name":"Bougainville Repowering Wind Farm","capacity_mw":18.0,"fuel_type":"wind","status":"operational","precision":"approximate","source":"powerplantmatching v0.9.0, 2026-10-03 · Global Energy Monitor","source_url":"https://github.com/PyPSA/powerplantmatching","tech":"Onshore","commissioning_year":2022},"geometry":{"type":"Point","coordinates":[2.044,49.861]}},{"type":"Feature","properties":{"id":"ppm-fr-13949","name":"Brinay Wind Farm","capacity_mw":18.0,"fuel_type":"wind","status":"operational","precision":"approximate","source":"powerplantmatching v0.9.0, 2026-10-03 · Global Energy Monitor","source_url":"https://github.com/PyPSA/powerplantmatching","tech":"Onshore","commissioning_year":2019},"geometry":{"type":"Point","coordinates":[2.12,47.172]}},{"type":"Feature","properties":{"id":"ppm-fr-15105","name":"Chemin De Valenciennes Wind Farm","capacity_mw":18.0,"fuel_type":"wind","status":"operational","precision":"approximate","source":"powerplantmatching v0.9.0, 2026-10-03 · Global Energy Monitor","source_url":"https://github.com/PyPSA/powerplantmatching","tech":"Onshore"},"geometry":{"type":"Point","coordinates":[3.487,50.24]}},{"type":"Feature","properties":{"id":"ppm-fr-15460","name":"Cpenr Les Essards Solar","capacity_mw":18.0,"fuel_type":"solar","status":"operational","precision":"approximate","source":"powerplantmatching v0.9.0, 2026-10-03 · Global Energy Monitor","source_url":"https://github.com/PyPSA/powerplantmatching","tech":"PV","commissioning_year":2025},"geometry":{"type":"Point","coordinates":[0.148,45.864]}},{"type":"Feature","properties":{"id":"ppm-fr-15525","name":"Cruscades Villedaigne Ornaisons Wind Farm","capacity_mw":18.0,"fuel_type":"wind","status":"operational","precision":"approximate","source":"powerplantmatching v0.9.0, 2026-10-03 · Global Energy Monitor","source_url":"https://github.com/PyPSA/powerplantmatching","tech":"Onshore","commissioning_year":2017},"geometry":{"type":"Point","coordinates":[2.843,43.12]}},{"type":"Feature","properties":{"id":"ppm-fr-16430","name":"Energie Iwuy Wind Farm","capacity_mw":18.0,"fuel_type":"wind","status":"operational","precision":"approximate","source":"powerplantmatching v0.9.0, 2026-10-03 · Global Energy Monitor","source_url":"https://github.com/PyPSA/powerplantmatching","tech":"Onshore","commissioning_year":2019},"geometry":{"type":"Point","coordinates":[3.366,50.233]}},{"type":"Feature","properties":{"id":"ppm-fr-16783","name":"Fief Sauvin Wind Farm","capacity_mw":18.0,"fuel_type":"wind","status":"operational","precision":"approximate","source":"powerplantmatching v0.9.0, 2026-10-03 · Global Energy Monitor","source_url":"https://github.com/PyPSA/powerplantmatching","tech":"Onshore","commissioning_year":2025},"geometry":{"type":"Point","coordinates":[-1.082,47.288]}},{"type":"Feature","properties":{"id":"ppm-fr-16784","name":"Fiefs Wind Farm","capacity_mw":18.0,"fuel_type":"wind","status":"operational","precision":"approximate","source":"powerplantmatching v0.9.0, 2026-10-03 · Global Energy Monitor","source_url":"https://github.com/PyPSA/powerplantmatching","tech":"Onshore","commissioning_year":2012},"geometry":{"type":"Point","coordinates":[2.327,50.486]}},{"type":"Feature","properties":{"id":"ppm-fr-17683","name":"Hautes Fages Wind Farm","capacity_mw":18.0,"fuel_type":"wind","status":"operational","precision":"approximate","source":"powerplantmatching v0.9.0, 2026-10-03 · Global Energy Monitor","source_url":"https://github.com/PyPSA/powerplantmatching","tech":"Onshore","commissioning_year":2017},"geometry":{"type":"Point","coordinates":[3.048,43.803]}},{"type":"Feature","properties":{"id":"ppm-fr-19625","name":"Le Chemin Vert Wind Farm","capacity_mw":18.0,"fuel_type":"wind","status":"operational","precision":"approximate","source":"powerplantmatching v0.9.0, 2026-10-03 · Global Energy Monitor","source_url":"https://github.com/PyPSA/powerplantmatching","tech":"Onshore","commissioning_year":2008},"geometry":{"type":"Point","coordinates":[3.561,48.177]}},{"type":"Feature","properties":{"id":"ppm-fr-19707","name":"Les Hauts Bouleaux Wind Farm","capacity_mw":18.0,"fuel_type":"wind","status":"operational","precision":"approximate","source":"powerplantmatching v0.9.0, 2026-10-03 · Global Energy Monitor","source_url":"https://github.com/PyPSA/powerplantmatching","tech":"Onshore","commissioning_year":2022},"geometry":{"type":"Point","coordinates":[2.644,49.011]}},{"type":"Feature","properties":{"id":"ppm-fr-20836","name":"Montendre Confidentiel Solar","capacity_mw":18.0,"fuel_type":"solar","status":"operational","precision":"approximate","source":"powerplantmatching v0.9.0, 2026-10-03 · Global Energy Monitor","source_url":"https://github.com/PyPSA/powerplantmatching","tech":"PV","commissioning_year":2010},"geometry":{"type":"Point","coordinates":[-0.409,45.285]}},{"type":"Feature","properties":{"id":"ppm-fr-23008","name":"Renneville Wind Farm","capacity_mw":18.0,"fuel_type":"wind","status":"operational","precision":"approximate","source":"powerplantmatching v0.9.0, 2026-10-03 · Global Energy Monitor","source_url":"https://github.com/PyPSA/powerplantmatching","tech":"Onshore","commissioning_year":2014},"geometry":{"type":"Point","coordinates":[4.144,49.648]}},{"type":"Feature","properties":{"id":"ppm-fr-23229","name":"Roustans Wind Farm","capacity_mw":18.0,"fuel_type":"wind","status":"operational","precision":"approximate","source":"powerplantmatching v0.9.0, 2026-10-03 · Global Energy Monitor","source_url":"https://github.com/PyPSA/powerplantmatching","tech":"Onshore","commissioning_year":2017},"geometry":{"type":"Point","coordinates":[3.049,43.78]}},{"type":"Feature","properties":{"id":"ppm-fr-24975","name":"Thibie Wind Farm","capacity_mw":18.0,"fuel_type":"wind","status":"operational","precision":"approximate","source":"powerplantmatching v0.9.0, 2026-10-03 · Global Energy Monitor","source_url":"https://github.com/PyPSA/powerplantmatching","tech":"Onshore","commissioning_year":2016},"geometry":{"type":"Point","coordinates":[4.215,48.903]}},{"type":"Feature","properties":{"id":"ppm-fr-24982","name":"Thory Wind Farm","capacity_mw":18.0,"fuel_type":"wind","status":"operational","precision":"approximate","source":"powerplantmatching v0.9.0, 2026-10-03 · Global Energy Monitor","source_url":"https://github.com/PyPSA/powerplantmatching","tech":"Onshore","commissioning_year":2022},"geometry":{"type":"Point","coordinates":[5.953,46.248]}},{"type":"Feature","properties":{"id":"ppm-fr-25638","name":"Vatan Wind Farm","capacity_mw":18.0,"fuel_type":"wind","status":"operational","precision":"approximate","source":"powerplantmatching v0.9.0, 2026-10-03 · Global Energy Monitor","source_url":"https://github.com/PyPSA/powerplantmatching","tech":"Onshore","commissioning_year":2010},"geometry":{"type":"Point","coordinates":[1.805,47.042]}},{"type":"Feature","properties":{"id":"ppm-fr-22033","name":"Perpignan Confidentiel Solar Farm","capacity_mw":17.8,"fuel_type":"solar","status":"operational","precision":"approximate","source":"powerplantmatching v0.9.0, 2026-10-03 · Global Energy Monitor","source_url":"https://github.com/PyPSA/powerplantmatching","tech":"PV","commissioning_year":2010},"geometry":{"type":"Point","coordinates":[2.895,42.699]}},{"type":"Feature","properties":{"id":"ppm-fr-23469","name":"Sainte Agathe La Bouteresse Confidentiel Solar","capacity_mw":17.8,"fuel_type":"solar","status":"operational","precision":"approximate","source":"powerplantmatching v0.9.0, 2026-10-03 · Global Energy Monitor","source_url":"https://github.com/PyPSA/powerplantmatching","tech":"PV","commissioning_year":2017},"geometry":{"type":"Point","coordinates":[4.055,45.734]}},{"type":"Feature","properties":{"id":"ppm-fr-7488","name":"Carbonne Confidentiel Solar","capacity_mw":17.7,"fuel_type":"solar","status":"operational","precision":"approximate","source":"powerplantmatching v0.9.0, 2026-10-03 · Global Energy Monitor, OpenStreetMap","source_url":"https://www.openstreetmap.org/relation/20145397","tech":"PV","commissioning_year":2022},"geometry":{"type":"Point","coordinates":[1.21,43.288]}},{"type":"Feature","properties":{"id":"ppm-fr-6239","name":"Villers Saint Christophe Wind Farm","capacity_mw":17.6,"fuel_type":"wind","status":"operational","precision":"approximate","source":"powerplantmatching v0.9.0, 2026-10-03 · Global Energy Monitor, OpenStreetMap","source_url":"https://www.openstreetmap.org/relation/17578563","tech":"Onshore","commissioning_year":2024},"geometry":{"type":"Point","coordinates":[3.09,49.779]}},{"type":"Feature","properties":{"id":"ppm-fr-6761","name":"Lunaires Wind Farm","capacity_mw":17.6,"fuel_type":"wind","status":"operational","precision":"approximate","source":"powerplantmatching v0.9.0, 2026-10-03 · Global Energy Monitor, OpenStreetMap","source_url":"https://www.openstreetmap.org/relation/14972099","tech":"Onshore","commissioning_year":2023},"geometry":{"type":"Point","coordinates":[6.172,48.028]}},{"type":"Feature","properties":{"id":"ppm-fr-7721","name":"Aubigne Racan Confidentiel Solar Farm","capacity_mw":17.6,"fuel_type":"solar","status":"operational","precision":"approximate","source":"powerplantmatching v0.9.0, 2026-10-03 · Global Energy Monitor, OpenStreetMap","source_url":"https://www.openstreetmap.org/way/1078513711","tech":"PV","commissioning_year":2021},"geometry":{"type":"Point","coordinates":[0.291,47.68]}},{"type":"Feature","properties":{"id":"ppm-fr-19726","name":"Les Terrajeaux Wind Farm","capacity_mw":17.6,"fuel_type":"wind","status":"operational","precision":"approximate","source":"powerplantmatching v0.9.0, 2026-10-03 · Global Energy Monitor","source_url":"https://github.com/PyPSA/powerplantmatching","tech":"Onshore","commissioning_year":2022},"geometry":{"type":"Point","coordinates":[1.563,46.857]}},{"type":"Feature","properties":{"id":"ppm-fr-13372","name":"Bessay Sur Allier Confidentiel Solar","capacity_mw":17.5,"fuel_type":"solar","status":"operational","precision":"approximate","source":"powerplantmatching v0.9.0, 2026-10-03 · Global Energy Monitor","source_url":"https://github.com/PyPSA/powerplantmatching","tech":"PV","commissioning_year":2023},"geometry":{"type":"Point","coordinates":[3.363,46.442]}},{"type":"Feature","properties":{"id":"ppm-fr-15442","name":"Coume Wind Farm","capacity_mw":17.5,"fuel_type":"wind","status":"operational","precision":"approximate","source":"powerplantmatching v0.9.0, 2026-10-03 · Global Energy Monitor","source_url":"https://github.com/PyPSA/powerplantmatching","tech":"Onshore","commissioning_year":2011},"geometry":{"type":"Point","coordinates":[6.591,49.194]}},{"type":"Feature","properties":{"id":"ppm-fr-23427","name":"Saint Martin De Valgalgues Confidentiel Solar","capacity_mw":17.5,"fuel_type":"solar","status":"operational","precision":"approximate","source":"powerplantmatching v0.9.0, 2026-10-03 · Global Energy Monitor","source_url":"https://github.com/PyPSA/powerplantmatching","tech":"PV","commissioning_year":2015},"geometry":{"type":"Point","coordinates":[4.083,44.162]}},{"type":"Feature","properties":{"id":"ppm-fr-7480","name":"Caumont Cheriennes Wind Farm","capacity_mw":17.3,"fuel_type":"wind","status":"operational","precision":"approximate","source":"powerplantmatching v0.9.0, 2026-10-03 · Global Energy Monitor, OpenStreetMap","source_url":"https://www.openstreetmap.org/relation/17075206","tech":"Onshore","commissioning_year":2023},"geometry":{"type":"Point","coordinates":[2.029,50.302]}},{"type":"Feature","properties":{"id":"ppm-fr-12783","name":"Argent Sur Sauldre Confidentiel Solar","capacity_mw":17.3,"fuel_type":"solar","status":"operational","precision":"approximate","source":"powerplantmatching v0.9.0, 2026-10-03 · Global Energy Monitor","source_url":"https://github.com/PyPSA/powerplantmatching","tech":"PV","commissioning_year":2023},"geometry":{"type":"Point","coordinates":[2.446,47.559]}},{"type":"Feature","properties":{"id":"ppm-fr-19267","name":"La Plaine Des Moulins Wind Farm","capacity_mw":17.3,"fuel_type":"wind","status":"operational","precision":"approximate","source":"powerplantmatching v0.9.0, 2026-10-03 · Global Energy Monitor","source_url":"https://github.com/PyPSA/powerplantmatching","tech":"Onshore"},"geometry":{"type":"Point","coordinates":[0.064,46.546]}},{"type":"Feature","properties":{"id":"ppm-fr-23398","name":"Saint Gilles Confidentiel Solar Farm","capacity_mw":17.3,"fuel_type":"solar","status":"operational","precision":"approximate","source":"powerplantmatching v0.9.0, 2026-10-03 · Global Energy Monitor","source_url":"https://github.com/PyPSA/powerplantmatching","tech":"PV","commissioning_year":2016},"geometry":{"type":"Point","coordinates":[4.432,43.677]}},{"type":"Feature","properties":{"id":"ppm-fr-25813","name":"Villaniere Confidentiel Solar Farm","capacity_mw":17.3,"fuel_type":"solar","status":"operational","precision":"approximate","source":"powerplantmatching v0.9.0, 2026-10-03 · Global Energy Monitor","source_url":"https://github.com/PyPSA/powerplantmatching","tech":"PV","commissioning_year":2011},"geometry":{"type":"Point","coordinates":[2.36,43.338]}},{"type":"Feature","properties":{"id":"ppm-fr-6282","name":"Vron Wind Farm","capacity_mw":17.2,"fuel_type":"wind","status":"operational","precision":"approximate","source":"powerplantmatching v0.9.0, 2026-10-03 · Global Energy Monitor, OpenStreetMap","source_url":"https://www.openstreetmap.org/relation/20428777","tech":"Onshore","commissioning_year":2013},"geometry":{"type":"Point","coordinates":[1.774,50.319]}},{"type":"Feature","properties":{"id":"ppm-fr-7619","name":"Berroute Solar Farm","capacity_mw":17.2,"fuel_type":"solar","status":"operational","precision":"approximate","source":"powerplantmatching v0.9.0, 2026-10-03 · Global Energy Monitor, OpenStreetMap","source_url":"https://www.openstreetmap.org/relation/10153373","tech":"PV","commissioning_year":2015},"geometry":{"type":"Point","coordinates":[-0.913,44.218]}},{"type":"Feature","properties":{"id":"ppm-fr-13386","name":"Beziers Confidentiel Solar Farm","capacity_mw":17.2,"fuel_type":"solar","status":"operational","precision":"approximate","source":"powerplantmatching v0.9.0, 2026-10-03 · Global Energy Monitor","source_url":"https://github.com/PyPSA/powerplantmatching","tech":"PV","commissioning_year":2010},"geometry":{"type":"Point","coordinates":[3.213,43.343]}},{"type":"Feature","properties":{"id":"ppm-fr-16455","name":"Eole Bts Wind Farm","capacity_mw":17.1,"fuel_type":"wind","status":"operational","precision":"approximate","source":"powerplantmatching v0.9.0, 2026-10-03 · Global Energy Monitor","source_url":"https://github.com/PyPSA/powerplantmatching","tech":"Onshore","commissioning_year":2016},"geometry":{"type":"Point","coordinates":[3.672,49.935]}},{"type":"Feature","properties":{"id":"ppm-fr-6523","name":"Pv Nb Volgelsheim Solar","capacity_mw":17.0,"fuel_type":"solar","status":"operational","precision":"approximate","source":"powerplantmatching v0.9.0, 2026-10-03 · Global Energy Monitor, OpenStreetMap","source_url":"https://www.openstreetmap.org/way/1328194529","tech":"PV","commissioning_year":2022},"geometry":{"type":"Point","coordinates":[7.547,48.017]}},{"type":"Feature","properties":{"id":"ppm-fr-6536","name":"Saint Generoux Irais Wind Farm","capacity_mw":17.0,"fuel_type":"wind","status":"operational","precision":"approximate","source":"powerplantmatching v0.9.0, 2026-10-03 · Global Energy Monitor, OpenStreetMap","source_url":"https://www.openstreetmap.org/relation/12140075","tech":"Onshore","commissioning_year":2019},"geometry":{"type":"Point","coordinates":[-0.119,46.879]}},{"type":"Feature","properties":{"id":"ppm-fr-6587","name":"Pays De Boussac Wind Farm","capacity_mw":17.0,"fuel_type":"wind","status":"operational","precision":"approximate","source":"powerplantmatching v0.9.0, 2026-10-03 · Global Energy Monitor, OpenStreetMap","source_url":"https://www.openstreetmap.org/relation/9406124","tech":"Onshore","commissioning_year":2012},"geometry":{"type":"Point","coordinates":[2.172,46.418]}},{"type":"Feature","properties":{"id":"ppm-fr-6755","name":"Marmanhac Solar Farm","capacity_mw":17.0,"fuel_type":"solar","status":"operational","precision":"approximate","source":"powerplantmatching v0.9.0, 2026-10-03 · Global Energy Monitor, OpenStreetMap","source_url":"https://www.openstreetmap.org/relation/20145367","tech":"PV","commissioning_year":2014},"geometry":{"type":"Point","coordinates":[2.483,45.004]}},{"type":"Feature","properties":{"id":"ppm-fr-6798","name":"Les Trois Ormes Wind Farm","capacity_mw":17.0,"fuel_type":"wind","status":"operational","precision":"approximate","source":"powerplantmatching v0.9.0, 2026-10-03 · Global Energy Monitor, OpenStreetMap","source_url":"https://www.openstreetmap.org/relation/7320894","tech":"Onshore","commissioning_year":2015},"geometry":{"type":"Point","coordinates":[2.091,47.092]}},{"type":"Feature","properties":{"id":"ppm-fr-6821","name":"Les Eparmonts Wind Farm","capacity_mw":17.0,"fuel_type":"wind","status":"operational","precision":"approximate","source":"powerplantmatching v0.9.0, 2026-10-03 · Global Energy Monitor, OpenStreetMap","source_url":"https://www.openstreetmap.org/relation/7985944","tech":"Onshore","commissioning_year":2008},"geometry":{"type":"Point","coordinates":[5.067,48.385]}},{"type":"Feature","properties":{"id":"ppm-fr-6857","name":"Le Donjon Confidentiel Solar Farm","capacity_mw":17.0,"fuel_type":"solar","status":"operational","precision":"approximate","source":"powerplantmatching v0.9.0, 2026-10-03 · Global Energy Monitor, OpenStreetMap","source_url":"https://www.openstreetmap.org/way/1153860360","tech":"PV","commissioning_year":2021},"geometry":{"type":"Point","coordinates":[3.793,46.351]}},{"type":"Feature","properties":{"id":"ppm-fr-7680","name":"Allainville Aux Bois Wind Farm","capacity_mw":17.0,"fuel_type":"wind","status":"operational","precision":"approximate","source":"powerplantmatching v0.9.0, 2026-10-03 · Global Energy Monitor, OpenStreetMap","source_url":"https://www.openstreetmap.org/relation/8408961","tech":"Onshore","commissioning_year":2020},"geometry":{"type":"Point","coordinates":[1.908,48.467]}},{"type":"Feature","properties":{"id":"ppm-fr-10580","name":"Cagnac Les Mines Confidentiel Solar Farm","capacity_mw":17.0,"fuel_type":"solar","status":"operational","precision":"approximate","source":"powerplantmatching v0.9.0, 2026-10-03 · Global Energy Monitor, WRI GPPD","source_url":"https://github.com/PyPSA/powerplantmatching","tech":"PV","commissioning_year":2016},"geometry":{"type":"Point","coordinates":[2.152,43.999]}},{"type":"Feature","properties":{"id":"ppm-fr-16113","name":"Dongay Solar Farm","capacity_mw":17.0,"fuel_type":"solar","status":"operational","precision":"approximate","source":"powerplantmatching v0.9.0, 2026-10-03 · Global Energy Monitor","source_url":"https://github.com/PyPSA/powerplantmatching","tech":"PV"},"geometry":{"type":"Point","coordinates":[2.302,44.404]}},{"type":"Feature","properties":{"id":"ppm-fr-16205","name":"Ducandeau Wind Farm","capacity_mw":17.0,"fuel_type":"wind","status":"operational","precision":"approximate","source":"powerplantmatching v0.9.0, 2026-10-03 · Global Energy Monitor","source_url":"https://github.com/PyPSA/powerplantmatching","tech":"Onshore","commissioning_year":2019},"geometry":{"type":"Point","coordinates":[5.196,48.947]}},{"type":"Feature","properties":{"id":"ppm-fr-16498","name":"Ersa Rogliano Wind Farm","capacity_mw":17.0,"fuel_type":"wind","status":"operational","precision":"approximate","source":"powerplantmatching v0.9.0, 2026-10-03 · Global Energy Monitor","source_url":"https://github.com/PyPSA/powerplantmatching","tech":"Onshore","commissioning_year":2023},"geometry":{"type":"Point","coordinates":[9.391,42.996]}},{"type":"Feature","properties":{"id":"ppm-fr-19718","name":"Les Nesloises Wind Farm","capacity_mw":17.0,"fuel_type":"wind","status":"operational","precision":"approximate","source":"powerplantmatching v0.9.0, 2026-10-03 · Global Energy Monitor","source_url":"https://github.com/PyPSA/powerplantmatching","tech":"Onshore","commissioning_year":2020},"geometry":{"type":"Point","coordinates":[2.935,49.807]}},{"type":"Feature","properties":{"id":"ppm-fr-23432","name":"Saint Maurice Etusson Prive Solar","capacity_mw":17.0,"fuel_type":"solar","status":"operational","precision":"approximate","source":"powerplantmatching v0.9.0, 2026-10-03 · Global Energy Monitor","source_url":"https://github.com/PyPSA/powerplantmatching","tech":"PV","commissioning_year":2024},"geometry":{"type":"Point","coordinates":[-0.504,47.034]}},{"type":"Feature","properties":{"id":"ppm-fr-25680","name":"Vemars Solar","capacity_mw":17.0,"fuel_type":"solar","status":"operational","precision":"approximate","source":"powerplantmatching v0.9.0, 2026-10-03 · Global Energy Monitor","source_url":"https://github.com/PyPSA/powerplantmatching","tech":"PV","commissioning_year":2025},"geometry":{"type":"Point","coordinates":[2.566,49.067]}},{"type":"Feature","properties":{"id":"ppm-fr-7237","name":"Cuxac Cabardes Confidentiel Solar","capacity_mw":16.9,"fuel_type":"solar","status":"operational","precision":"approximate","source":"powerplantmatching v0.9.0, 2026-10-03 · Global Energy Monitor, OpenStreetMap","source_url":"https://www.openstreetmap.org/relation/20143052","tech":"PV","commissioning_year":2024},"geometry":{"type":"Point","coordinates":[2.283,43.371]}},{"type":"Feature","properties":{"id":"ppm-fr-6565","name":"Rouans Wind Farm","capacity_mw":16.8,"fuel_type":"wind","status":"operational","precision":"approximate","source":"powerplantmatching v0.9.0, 2026-10-03 · Global Energy Monitor, OpenStreetMap","source_url":"https://www.openstreetmap.org/relation/18986930","tech":"Onshore","commissioning_year":2024},"geometry":{"type":"Point","coordinates":[-1.815,47.14]}},{"type":"Feature","properties":{"id":"ppm-fr-6635","name":"Peyroules Site De Production Solar","capacity_mw":16.8,"fuel_type":"solar","status":"operational","precision":"approximate","source":"powerplantmatching v0.9.0, 2026-10-03 · Global Energy Monitor, OpenStreetMap","source_url":"https://www.openstreetmap.org/relation/16758646","tech":"PV","commissioning_year":2023},"geometry":{"type":"Point","coordinates":[6.709,43.797]}},{"type":"Feature","properties":{"id":"ppm-fr-6884","name":"Lachapelle Auzac Confidentiel Solar","capacity_mw":16.8,"fuel_type":"solar","status":"operational","precision":"approximate","source":"powerplantmatching v0.9.0, 2026-10-03 · Global Energy Monitor, OpenStreetMap","source_url":"https://www.openstreetmap.org/relation/18210291","tech":"PV","commissioning_year":2023},"geometry":{"type":"Point","coordinates":[1.481,44.938]}},{"type":"Feature","properties":{"id":"ppm-fr-7664","name":"Arpajon Sur Cere Confidentiel Solar Farm","capacity_mw":16.8,"fuel_type":"solar","status":"operational","precision":"approximate","source":"powerplantmatching v0.9.0, 2026-10-03 · Global Energy Monitor, OpenStreetMap","source_url":"https://www.openstreetmap.org/relation/7929689","tech":"PV","commissioning_year":2014},"geometry":{"type":"Point","coordinates":[2.45,44.916]}},{"type":"Feature","properties":{"id":"ppm-fr-7722","name":"Aubusson Confidentiel Solar","capacity_mw":16.8,"fuel_type":"solar","status":"operational","precision":"approximate","source":"powerplantmatching v0.9.0, 2026-10-03 · Global Energy Monitor, OpenStreetMap","source_url":"https://www.openstreetmap.org/way/1291947033","tech":"PV","commissioning_year":2024},"geometry":{"type":"Point","coordinates":[2.167,45.955]}},{"type":"Feature","properties":{"id":"ppm-fr-19746","name":"Leutenheim Floating Solar Farm","capacity_mw":16.8,"fuel_type":"solar","status":"operational","precision":"approximate","source":"powerplantmatching v0.9.0, 2026-10-03 · Global Energy Monitor","source_url":"https://github.com/PyPSA/powerplantmatching","tech":"PV","commissioning_year":2025},"geometry":{"type":"Point","coordinates":[8.014,48.851]}},{"type":"Feature","properties":{"id":"ppm-fr-20427","name":"Measnes Wind Farm","capacity_mw":16.8,"fuel_type":"wind","status":"operational","precision":"approximate","source":"powerplantmatching v0.9.0, 2026-10-03 · Global Energy Monitor","source_url":"https://github.com/PyPSA/powerplantmatching","tech":"Onshore"},"geometry":{"type":"Point","coordinates":[1.777,46.434]}},{"type":"Feature","properties":{"id":"ppm-fr-6238","name":"Villefranche Sur Cher Confidentiel Solar Farm","capacity_mw":16.7,"fuel_type":"solar","status":"operational","precision":"approximate","source":"powerplantmatching v0.9.0, 2026-10-03 · Global Energy Monitor, OpenStreetMap","source_url":"https://www.openstreetmap.org/way/555335041","tech":"PV","commissioning_year":2015},"geometry":{"type":"Point","coordinates":[1.771,47.29]}},{"type":"Feature","properties":{"id":"ppm-fr-6768","name":"Le Pouzin Confidentiel Solar Farm","capacity_mw":16.7,"fuel_type":"solar","status":"operational","precision":"approximate","source":"powerplantmatching v0.9.0, 2026-10-03 · Global Energy Monitor, OpenStreetMap","source_url":"https://www.openstreetmap.org/relation/18262464","tech":"PV","commissioning_year":2013},"geometry":{"type":"Point","coordinates":[4.749,44.756]}},{"type":"Feature","properties":{"id":"ppm-fr-6421","name":"Solaire Montebeton Solar Farm","capacity_mw":16.6,"fuel_type":"solar","status":"operational","precision":"approximate","source":"powerplantmatching v0.9.0, 2026-10-03 · Global Energy Monitor, OpenStreetMap","source_url":"https://www.openstreetmap.org/way/721050210","tech":"PV","commissioning_year":2016},"geometry":{"type":"Point","coordinates":[1.275,43.999]}},{"type":"Feature","properties":{"id":"ppm-fr-9595","name":"Chatelus Le Marcheix","capacity_mw":16.6,"fuel_type":"hydro","status":"operational","precision":"approximate","source":"powerplantmatching v0.9.0, 2026-10-03 · Global Hydropower Resources, OpenStreetMap","source_url":"https://www.openstreetmap.org/relation/11182747","tech":"Reservoir","commissioning_year":1970},"geometry":{"type":"Point","coordinates":[1.599,45.992]}},{"type":"Feature","properties":{"id":"ppm-fr-13651","name":"Blaye Les Mines Confidentiel Solar Farm","capacity_mw":16.6,"fuel_type":"solar","status":"operational","precision":"approximate","source":"powerplantmatching v0.9.0, 2026-10-03 · Global Energy Monitor","source_url":"https://github.com/PyPSA/powerplantmatching","tech":"PV","commissioning_year":2016},"geometry":{"type":"Point","coordinates":[2.132,44.03]}},{"type":"Feature","properties":{"id":"ppm-fr-3401","name":"Lavernose Lacasse Confidentiel Solar Farm","capacity_mw":16.5,"fuel_type":"solar","status":"operational","precision":"approximate","source":"powerplantmatching v0.9.0, 2026-10-03 · Global Energy Monitor, WRI GPPD, OpenStreetMap","source_url":"https://www.openstreetmap.org/way/686314348","tech":"PV","commissioning_year":2015},"geometry":{"type":"Point","coordinates":[1.249,43.408]}},{"type":"Feature","properties":{"id":"ppm-fr-14961","name":"Centrale Solaire Champblanc Solar","capacity_mw":16.5,"fuel_type":"solar","status":"operational","precision":"approximate","source":"powerplantmatching v0.9.0, 2026-10-03 · Global Energy Monitor","source_url":"https://github.com/PyPSA/powerplantmatching","tech":"PV","commissioning_year":2025},"geometry":{"type":"Point","coordinates":[-0.339,45.748]}},{"type":"Feature","properties":{"id":"ppm-fr-19295","name":"La Voie Verte Wind Farm","capacity_mw":16.5,"fuel_type":"wind","status":"operational","precision":"approximate","source":"powerplantmatching v0.9.0, 2026-10-03 · Global Energy Monitor","source_url":"https://github.com/PyPSA/powerplantmatching","tech":"Onshore"},"geometry":{"type":"Point","coordinates":[0.298,48.355]}},{"type":"Feature","properties":{"id":"ppm-fr-20360","name":"Marson Sur Barboure Wind Farm","capacity_mw":16.4,"fuel_type":"wind","status":"operational","precision":"approximate","source":"powerplantmatching v0.9.0, 2026-10-03 · Global Energy Monitor","source_url":"https://github.com/PyPSA/powerplantmatching","tech":"Onshore","commissioning_year":2005},"geometry":{"type":"Point","coordinates":[5.468,48.644]}},{"type":"Feature","properties":{"id":"ppm-fr-3345","name":"Lazer Le Lazer Le Lazer Le","capacity_mw":16.3,"fuel_type":"hydro","status":"operational","precision":"approximate","source":"powerplantmatching v0.9.0, 2026-10-03 · JRC (European Commission), Global Hydropower Resources, GEO","source_url":"https://github.com/PyPSA/powerplantmatching","tech":"Reservoir","commissioning_year":1994},"geometry":{"type":"Point","coordinates":[5.868,44.346]}},{"type":"Feature","properties":{"id":"ppm-fr-6876","name":"Iovi Solar Farm","capacity_mw":16.2,"fuel_type":"solar","status":"operational","precision":"approximate","source":"powerplantmatching v0.9.0, 2026-10-03 · Global Energy Monitor, OpenStreetMap","source_url":"https://www.openstreetmap.org/way/545657125","tech":"PV","commissioning_year":2014},"geometry":{"type":"Point","coordinates":[5.97,43.281]}},{"type":"Feature","properties":{"id":"ppm-fr-7485","name":"Centrale Pv De Venoy Solar","capacity_mw":16.2,"fuel_type":"solar","status":"operational","precision":"approximate","source":"powerplantmatching v0.9.0, 2026-10-03 · Global Energy Monitor, OpenStreetMap","source_url":"https://www.openstreetmap.org/way/777320680","tech":"PV","commissioning_year":2024},"geometry":{"type":"Point","coordinates":[3.637,47.806]}},{"type":"Feature","properties":{"id":"ppm-fr-14852","name":"Cen Solar Farm","capacity_mw":16.2,"fuel_type":"solar","status":"operational","precision":"approximate","source":"powerplantmatching v0.9.0, 2026-10-03 · Global Energy Monitor","source_url":"https://github.com/PyPSA/powerplantmatching","tech":"PV","commissioning_year":2021},"geometry":{"type":"Point","coordinates":[0.56,46.868]}},{"type":"Feature","properties":{"id":"ppm-fr-6440","name":"Til Chatel Solar Farm","capacity_mw":16.1,"fuel_type":"solar","status":"operational","precision":"approximate","source":"powerplantmatching v0.9.0, 2026-10-03 · Global Energy Monitor, OpenStreetMap","source_url":"https://www.openstreetmap.org/way/983825049","tech":"PV","commissioning_year":2022},"geometry":{"type":"Point","coordinates":[5.18,47.515]}},{"type":"Feature","properties":{"id":"ppm-fr-6672","name":"Migne Auxances Confidentiel Solar","capacity_mw":16.1,"fuel_type":"solar","status":"operational","precision":"approximate","source":"powerplantmatching v0.9.0, 2026-10-03 · Global Energy Monitor, OpenStreetMap","source_url":"https://www.openstreetmap.org/relation/20141897","tech":"PV","commissioning_year":2024},"geometry":{"type":"Point","coordinates":[0.311,46.627]}},{"type":"Feature","properties":{"id":"ppm-fr-6281","name":"Voyennes Wind Farm","capacity_mw":16.0,"fuel_type":"wind","status":"operational","precision":"approximate","source":"powerplantmatching v0.9.0, 2026-10-03 · Global Energy Monitor, OpenStreetMap","source_url":"https://www.openstreetmap.org/relation/14386182","tech":"Onshore","commissioning_year":2011},"geometry":{"type":"Point","coordinates":[2.965,49.765]}},{"type":"Feature","properties":{"id":"ppm-fr-6423","name":"Solairedo Solar Farm","capacity_mw":16.0,"fuel_type":"solar","status":"operational","precision":"approximate","source":"powerplantmatching v0.9.0, 2026-10-03 · Global Energy Monitor, OpenStreetMap","source_url":"https://www.openstreetmap.org/way/1227055942","tech":"PV","commissioning_year":2022},"geometry":{"type":"Point","coordinates":[5.849,43.591]}},{"type":"Feature","properties":{"id":"ppm-fr-6426","name":"Semide Wind Farm","capacity_mw":16.0,"fuel_type":"wind","status":"operational","precision":"approximate","source":"powerplantmatching v0.9.0, 2026-10-03 · Global Energy Monitor, OpenStreetMap","source_url":"https://www.openstreetmap.org/relation/10778856","tech":"Onshore","commissioning_year":2018},"geometry":{"type":"Point","coordinates":[4.551,49.347]}},{"type":"Feature","properties":{"id":"ppm-fr-6459","name":"Saint Philbert De Bouaine Wind Farm","capacity_mw":16.0,"fuel_type":"wind","status":"operational","precision":"approximate","source":"powerplantmatching v0.9.0, 2026-10-03 · Global Energy Monitor, OpenStreetMap","source_url":"https://www.openstreetmap.org/relation/13092202","tech":"Onshore","commissioning_year":2010},"geometry":{"type":"Point","coordinates":[-1.498,47.002]}},{"type":"Feature","properties":{"id":"ppm-fr-6462","name":"Saint Quentin En Mauges Wind Farm","capacity_mw":16.0,"fuel_type":"wind","status":"operational","precision":"approximate","source":"powerplantmatching v0.9.0, 2026-10-03 · Global Energy Monitor, OpenStreetMap","source_url":"https://www.openstreetmap.org/relation/6618907","tech":"Onshore","commissioning_year":2010},"geometry":{"type":"Point","coordinates":[-0.896,47.278]}},{"type":"Feature","properties":{"id":"ppm-fr-6591","name":"Pays Jusseen Wind Farm","capacity_mw":16.0,"fuel_type":"wind","status":"operational","precision":"approximate","source":"powerplantmatching v0.9.0, 2026-10-03 · Global Energy Monitor, OpenStreetMap","source_url":"https://www.openstreetmap.org/relation/8334679","tech":"Onshore","commissioning_year":2018},"geometry":{"type":"Point","coordinates":[5.797,47.814]}},{"type":"Feature","properties":{"id":"ppm-fr-6600","name":"Plumieux Wind Farm","capacity_mw":16.0,"fuel_type":"wind","status":"operational","precision":"approximate","source":"powerplantmatching v0.9.0, 2026-10-03 · Global Energy Monitor, OpenStreetMap","source_url":"https://www.openstreetmap.org/relation/6004072","tech":"Onshore","commissioning_year":2010},"geometry":{"type":"Point","coordinates":[-2.609,48.114]}},{"type":"Feature","properties":{"id":"ppm-fr-6609","name":"Nozay Wind Farm","capacity_mw":16.0,"fuel_type":"wind","status":"operational","precision":"approximate","source":"powerplantmatching v0.9.0, 2026-10-03 · Global Energy Monitor, OpenStreetMap","source_url":"https://www.openstreetmap.org/relation/5628043","tech":"Onshore","commissioning_year":2013},"geometry":{"type":"Point","coordinates":[-1.572,47.531]}},{"type":"Feature","properties":{"id":"ppm-fr-6654","name":"Moquepanier Wind Farm","capacity_mw":16.0,"fuel_type":"wind","status":"operational","precision":"approximate","source":"powerplantmatching v0.9.0, 2026-10-03 · Global Energy Monitor, OpenStreetMap","source_url":"https://www.openstreetmap.org/relation/6002516","tech":"Onshore","commissioning_year":2013},"geometry":{"type":"Point","coordinates":[0.33,45.864]}},{"type":"Feature","properties":{"id":"ppm-fr-6655","name":"Moreac Wind Farm","capacity_mw":16.0,"fuel_type":"wind","status":"operational","precision":"approximate","source":"powerplantmatching v0.9.0, 2026-10-03 · Global Energy Monitor, OpenStreetMap","source_url":"https://www.openstreetmap.org/relation/6017191","tech":"Onshore","commissioning_year":2010},"geometry":{"type":"Point","coordinates":[-2.784,47.943]}},{"type":"Feature","properties":{"id":"ppm-fr-6871","name":"Kergrist Wind Farm","capacity_mw":16.0,"fuel_type":"wind","status":"operational","precision":"approximate","source":"powerplantmatching v0.9.0, 2026-10-03 · Global Energy Monitor, OpenStreetMap","source_url":"https://www.openstreetmap.org/relation/6017171","tech":"Onshore","commissioning_year":2005},"geometry":{"type":"Point","coordinates":[-2.932,48.147]}},{"type":"Feature","properties":{"id":"ppm-fr-7143","name":"Hombleux Wind Farm","capacity_mw":16.0,"fuel_type":"wind","status":"operational","precision":"approximate","source":"powerplantmatching v0.9.0, 2026-10-03 · Global Energy Monitor, OpenStreetMap","source_url":"https://www.openstreetmap.org/relation/18226748","tech":"Onshore","commissioning_year":2008},"geometry":{"type":"Point","coordinates":[3.006,49.735]}},{"type":"Feature","properties":{"id":"ppm-fr-7158","name":"Gorges Gonfreville Wind Farm","capacity_mw":16.0,"fuel_type":"wind","status":"operational","precision":"approximate","source":"powerplantmatching v0.9.0, 2026-10-03 · Global Energy Monitor, OpenStreetMap","source_url":"https://www.openstreetmap.org/relation/7966846","tech":"Onshore","commissioning_year":2014},"geometry":{"type":"Point","coordinates":[-1.409,49.245]}},{"type":"Feature","properties":{"id":"ppm-fr-7197","name":"Esparron De Verdon Confidentiel Solar Farm","capacity_mw":16.0,"fuel_type":"solar","status":"operational","precision":"approximate","source":"powerplantmatching v0.9.0, 2026-10-03 · Global Energy Monitor, OpenStreetMap","source_url":"https://www.openstreetmap.org/relation/3501961","tech":"PV","commissioning_year":2011},"geometry":{"type":"Point","coordinates":[5.974,43.739]}},{"type":"Feature","properties":{"id":"ppm-fr-7213","name":"Enclave Wind Farm","capacity_mw":16.0,"fuel_type":"wind","status":"operational","precision":"approximate","source":"powerplantmatching v0.9.0, 2026-10-03 · Global Energy Monitor, OpenStreetMap","source_url":"https://www.openstreetmap.org/relation/7947890","tech":"Onshore","commissioning_year":2016},"geometry":{"type":"Point","coordinates":[3.048,50.159]}},{"type":"Feature","properties":{"id":"ppm-fr-7251","name":"Croix Saint Marc Wind Farm","capacity_mw":16.0,"fuel_type":"wind","status":"operational","precision":"approximate","source":"powerplantmatching v0.9.0, 2026-10-03 · Global Energy Monitor, OpenStreetMap","source_url":"https://www.openstreetmap.org/relation/10118012","tech":"Onshore","commissioning_year":2018},"geometry":{"type":"Point","coordinates":[6.006,49.434]}},{"type":"Feature","properties":{"id":"ppm-fr-7388","name":"Champ Des Soeurettes Wind Farm","capacity_mw":16.0,"fuel_type":"wind","status":"operational","precision":"approximate","source":"powerplantmatching v0.9.0, 2026-10-03 · Global Energy Monitor, OpenStreetMap","source_url":"https://www.openstreetmap.org/relation/7947900","tech":"Onshore","commissioning_year":2009},"geometry":{"type":"Point","coordinates":[1.544,50.009]}},{"type":"Feature","properties":{"id":"ppm-fr-7430","name":"Chemin De La Ligue Wind Farm","capacity_mw":16.0,"fuel_type":"wind","status":"operational","precision":"approximate","source":"powerplantmatching v0.9.0, 2026-10-03 · Global Energy Monitor, OpenStreetMap","source_url":"https://www.openstreetmap.org/relation/20428787","tech":"Onshore","commissioning_year":2010},"geometry":{"type":"Point","coordinates":[3.694,46.027]}},{"type":"Feature","properties":{"id":"ppm-fr-7657","name":"Bois De Merdelou Wind Farm","capacity_mw":16.0,"fuel_type":"wind","status":"operational","precision":"approximate","source":"powerplantmatching v0.9.0, 2026-10-03 · Global Energy Monitor, OpenStreetMap","source_url":"https://www.openstreetmap.org/relation/1617325","tech":"Onshore","commissioning_year":2002},"geometry":{"type":"Point","coordinates":[2.896,43.76]}},{"type":"Feature","properties":{"id":"ppm-fr-7673","name":"Antezant La Chapelle Wind Farm","capacity_mw":16.0,"fuel_type":"wind","status":"operational","precision":"approximate","source":"powerplantmatching v0.9.0, 2026-10-03 · Global Energy Monitor, OpenStreetMap","source_url":"https://www.openstreetmap.org/relation/10723651","tech":"Onshore","commissioning_year":2019},"geometry":{"type":"Point","coordinates":[-0.488,45.998]}},{"type":"Feature","properties":{"id":"ppm-fr-7675","name":"Arc En Thierache Wind Farm","capacity_mw":16.0,"fuel_type":"wind","status":"operational","precision":"approximate","source":"powerplantmatching v0.9.0, 2026-10-03 · Global Energy Monitor, OpenStreetMap","source_url":"https://www.openstreetmap.org/relation/11354419","tech":"Onshore","commissioning_year":2019},"geometry":{"type":"Point","coordinates":[3.735,49.843]}},{"type":"Feature","properties":{"id":"ppm-fr-7691","name":"Beausemblant Wind Farm","capacity_mw":16.0,"fuel_type":"wind","status":"operational","precision":"approximate","source":"powerplantmatching v0.9.0, 2026-10-03 · Global Energy Monitor, OpenStreetMap","source_url":"https://www.openstreetmap.org/relation/4020760","tech":"Onshore","commissioning_year":2007},"geometry":{"type":"Point","coordinates":[4.863,45.208]}},{"type":"Feature","properties":{"id":"ppm-fr-12340","name":"Albine Wind Farm","capacity_mw":16.0,"fuel_type":"wind","status":"operational","precision":"approximate","source":"powerplantmatching v0.9.0, 2026-10-03 · Global Energy Monitor","source_url":"https://github.com/PyPSA/powerplantmatching","tech":"Onshore","commissioning_year":2017},"geometry":{"type":"Point","coordinates":[2.543,43.438]}},{"type":"Feature","properties":{"id":"ppm-fr-12768","name":"Arcy Precy Wind Farm","capacity_mw":16.0,"fuel_type":"wind","status":"operational","precision":"approximate","source":"powerplantmatching v0.9.0, 2026-10-03 · Global Energy Monitor","source_url":"https://github.com/PyPSA/powerplantmatching","tech":"Onshore"},"geometry":{"type":"Point","coordinates":[3.474,47.363]}},{"type":"Feature","properties":{"id":"ppm-fr-14293","name":"Carreau Manceau Wind Farm","capacity_mw":16.0,"fuel_type":"wind","status":"operational","precision":"approximate","source":"powerplantmatching v0.9.0, 2026-10-03 · Global Energy Monitor","source_url":"https://github.com/PyPSA/powerplantmatching","tech":"Onshore","commissioning_year":2015},"geometry":{"type":"Point","coordinates":[3.994,49.638]}},{"type":"Feature","properties":{"id":"ppm-fr-15057","name":"Chantereine Menaucourt Wind Farm","capacity_mw":16.0,"fuel_type":"wind","status":"operational","precision":"approximate","source":"powerplantmatching v0.9.0, 2026-10-03 · Global Energy Monitor","source_url":"https://github.com/PyPSA/powerplantmatching","tech":"Onshore","commissioning_year":2008},"geometry":{"type":"Point","coordinates":[5.355,48.651]}},{"type":"Feature","properties":{"id":"ppm-fr-15809","name":"Derval Lusanger Wind Farm","capacity_mw":16.0,"fuel_type":"wind","status":"operational","precision":"approximate","source":"powerplantmatching v0.9.0, 2026-10-03 · Global Energy Monitor","source_url":"https://github.com/PyPSA/powerplantmatching","tech":"Onshore","commissioning_year":2007},"geometry":{"type":"Point","coordinates":[-1.678,47.658]}},{"type":"Feature","properties":{"id":"ppm-fr-19974","name":"Longueil Wind Farm","capacity_mw":16.0,"fuel_type":"wind","status":"operational","precision":"approximate","source":"powerplantmatching v0.9.0, 2026-10-03 · Global Energy Monitor","source_url":"https://github.com/PyPSA/powerplantmatching","tech":"Onshore"},"geometry":{"type":"Point","coordinates":[0.56,49.516]}},{"type":"Feature","properties":{"id":"ppm-fr-20230","name":"Maisontiers Wind Farm","capacity_mw":16.0,"fuel_type":"wind","status":"operational","precision":"approximate","source":"powerplantmatching v0.9.0, 2026-10-03 · Global Energy Monitor","source_url":"https://github.com/PyPSA/powerplantmatching","tech":"Onshore","commissioning_year":2016},"geometry":{"type":"Point","coordinates":[-0.237,46.798]}},{"type":"Feature","properties":{"id":"ppm-fr-20352","name":"Marsais Wind Farm","capacity_mw":16.0,"fuel_type":"wind","status":"operational","precision":"approximate","source":"powerplantmatching v0.9.0, 2026-10-03 · Global Energy Monitor","source_url":"https://github.com/PyPSA/powerplantmatching","tech":"Onshore","commissioning_year":2015},"geometry":{"type":"Point","coordinates":[0.651,44.712]}},{"type":"Feature","properties":{"id":"ppm-fr-20787","name":"Montagne Aureille Wind Farm","capacity_mw":16.0,"fuel_type":"wind","status":"operational","precision":"approximate","source":"powerplantmatching v0.9.0, 2026-10-03 · Global Energy Monitor","source_url":"https://github.com/PyPSA/powerplantmatching","tech":"Onshore","commissioning_year":2007},"geometry":{"type":"Point","coordinates":[5.647,44.565]}},{"type":"Feature","properties":{"id":"ppm-fr-22035","name":"Perrieres Wind Farm","capacity_mw":16.0,"fuel_type":"wind","status":"operational","precision":"approximate","source":"powerplantmatching v0.9.0, 2026-10-03 · Global Energy Monitor","source_url":"https://github.com/PyPSA/powerplantmatching","tech":"Onshore","commissioning_year":2014},"geometry":{"type":"Point","coordinates":[4.483,48.726]}},{"type":"Feature","properties":{"id":"ppm-fr-25207","name":"Troyes Wind Farm","capacity_mw":16.0,"fuel_type":"wind","status":"operational","precision":"approximate","source":"powerplantmatching v0.9.0, 2026-10-03 · Global Energy Monitor","source_url":"https://github.com/PyPSA/powerplantmatching","tech":"Onshore"},"geometry":{"type":"Point","coordinates":[4.071,48.301]}},{"type":"Feature","properties":{"id":"ppm-fr-10581","name":"Braize Confidentiel Solar Farm","capacity_mw":15.9,"fuel_type":"solar","status":"operational","precision":"approximate","source":"powerplantmatching v0.9.0, 2026-10-03 · Global Energy Monitor, WRI GPPD","source_url":"https://github.com/PyPSA/powerplantmatching","tech":"PV","commissioning_year":2018},"geometry":{"type":"Point","coordinates":[2.651,46.667]}},{"type":"Feature","properties":{"id":"ppm-fr-13276","name":"Beauce La Romaine Confidentiel Solar","capacity_mw":15.9,"fuel_type":"solar","status":"operational","precision":"approximate","source":"powerplantmatching v0.9.0, 2026-10-03 · Global Energy Monitor","source_url":"https://github.com/PyPSA/powerplantmatching","tech":"PV","commissioning_year":2025},"geometry":{"type":"Point","coordinates":[1.42,47.936]}},{"type":"Feature","properties":{"id":"ppm-fr-2176","name":"Bellac Solar","capacity_mw":15.8,"fuel_type":"solar","status":"operational","precision":"approximate","source":"powerplantmatching v0.9.0, 2026-10-03 · Global Energy Monitor, EESI, WRI GPPD, OpenStreetMap","source_url":"https://www.openstreetmap.org/relation/18208055","tech":"PV","commissioning_year":2024},"geometry":{"type":"Point","coordinates":[1.05,46.121]}},{"type":"Feature","properties":{"id":"ppm-fr-6690","name":"Narbonne Confidentiel Solar Farm","capacity_mw":15.8,"fuel_type":"solar","status":"operational","precision":"approximate","source":"powerplantmatching v0.9.0, 2026-10-03 · Global Energy Monitor, OpenStreetMap","source_url":"https://www.openstreetmap.org/relation/15884444","tech":"PV","commissioning_year":2008},"geometry":{"type":"Point","coordinates":[3.004,43.184]}},{"type":"Feature","properties":{"id":"ppm-fr-7410","name":"Centrale Solaire Arandon Solar Farm","capacity_mw":15.8,"fuel_type":"solar","status":"operational","precision":"approximate","source":"powerplantmatching v0.9.0, 2026-10-03 · Global Energy Monitor, OpenStreetMap","source_url":"https://www.openstreetmap.org/relation/15036807","tech":"PV","commissioning_year":2022},"geometry":{"type":"Point","coordinates":[5.437,45.706]}},{"type":"Feature","properties":{"id":"ppm-fr-7513","name":"Bradiancourt Neufbosc Wind Farm","capacity_mw":15.8,"fuel_type":"wind","status":"operational","precision":"approximate","source":"powerplantmatching v0.9.0, 2026-10-03 · Global Energy Monitor, OpenStreetMap","source_url":"https://www.openstreetmap.org/relation/15586417","tech":"Onshore","commissioning_year":2022},"geometry":{"type":"Point","coordinates":[1.388,49.661]}},{"type":"Feature","properties":{"id":"ppm-fr-19805","name":"Lihons Et Vermandovillers Wind Farm","capacity_mw":15.8,"fuel_type":"wind","status":"operational","precision":"approximate","source":"powerplantmatching v0.9.0, 2026-10-03 · Global Energy Monitor","source_url":"https://github.com/PyPSA/powerplantmatching","tech":"Onshore","commissioning_year":2023},"geometry":{"type":"Point","coordinates":[2.765,49.84]}},{"type":"Feature","properties":{"id":"ppm-fr-25130","name":"Toulouse Confidentiel Solar Farm","capacity_mw":15.8,"fuel_type":"solar","status":"operational","precision":"approximate","source":"powerplantmatching v0.9.0, 2026-10-03 · Global Energy Monitor","source_url":"https://github.com/PyPSA/powerplantmatching","tech":"PV","commissioning_year":2016},"geometry":{"type":"Point","coordinates":[1.444,43.605]}},{"type":"Feature","properties":{"id":"ppm-fr-7298","name":"Stva Avrigny Centre Solar Farm","capacity_mw":15.7,"fuel_type":"solar","status":"operational","precision":"approximate","source":"powerplantmatching v0.9.0, 2026-10-03 · Global Energy Monitor, OpenStreetMap","source_url":"https://www.openstreetmap.org/relation/18267956","tech":"PV","commissioning_year":2022},"geometry":{"type":"Point","coordinates":[2.579,49.382]}},{"type":"Feature","properties":{"id":"ppm-fr-12149","name":"Ae Solar","capacity_mw":15.7,"fuel_type":"solar","status":"operational","precision":"approximate","source":"powerplantmatching v0.9.0, 2026-10-03 · Global Energy Monitor","source_url":"https://github.com/PyPSA/powerplantmatching","tech":"PV","commissioning_year":2022},"geometry":{"type":"Point","coordinates":[-1.02,44.688]}},{"type":"Feature","properties":{"id":"ppm-fr-9632","name":"Tolla","capacity_mw":15.6,"fuel_type":"hydro","status":"operational","precision":"approximate","source":"powerplantmatching v0.9.0, 2026-10-03 · Global Hydropower Resources, OpenStreetMap","source_url":"https://www.openstreetmap.org/way/1073197936","commissioning_year":1961},"geometry":{"type":"Point","coordinates":[8.953,41.963]}},{"type":"Feature","properties":{"id":"ppm-fr-10628","name":"Lue Confidentiel Solar Farm","capacity_mw":15.5,"fuel_type":"solar","status":"operational","precision":"approximate","source":"powerplantmatching v0.9.0, 2026-10-03 · Global Energy Monitor, WRI GPPD","source_url":"https://github.com/PyPSA/powerplantmatching","tech":"PV","commissioning_year":2014},"geometry":{"type":"Point","coordinates":[-0.985,44.231]}},{"type":"Feature","properties":{"id":"ppm-fr-6389","name":"Thiaville Solar Farm","capacity_mw":15.4,"fuel_type":"solar","status":"construction","precision":"approximate","source":"powerplantmatching v0.9.0, 2026-10-03 · Global Energy Monitor, OpenStreetMap","source_url":"https://www.openstreetmap.org/way/1433583838","tech":"PV","commissioning_year":2026},"geometry":{"type":"Point","coordinates":[6.821,48.408]}},{"type":"Feature","properties":{"id":"ppm-fr-6407","name":"Sousville Confidentiel Solar","capacity_mw":15.4,"fuel_type":"solar","status":"operational","precision":"approximate","source":"powerplantmatching v0.9.0, 2026-10-03 · Global Energy Monitor, OpenStreetMap","source_url":"https://www.openstreetmap.org/relation/10021311","tech":"PV","commissioning_year":2018},"geometry":{"type":"Point","coordinates":[5.79,44.917]}},{"type":"Feature","properties":{"id":"ppm-fr-6696","name":"Moulin De La Houssaye Wind Farm","capacity_mw":15.4,"fuel_type":"wind","status":"operational","precision":"approximate","source":"powerplantmatching v0.9.0, 2026-10-03 · Global Energy Monitor, OpenStreetMap","source_url":"https://www.openstreetmap.org/relation/15590683","tech":"Onshore","commissioning_year":2022},"geometry":{"type":"Point","coordinates":[1.083,49.64]}},{"type":"Feature","properties":{"id":"ppm-fr-12794","name":"Argilas Solar Farm","capacity_mw":15.4,"fuel_type":"solar","status":"operational","precision":"approximate","source":"powerplantmatching v0.9.0, 2026-10-03 · Global Energy Monitor","source_url":"https://github.com/PyPSA/powerplantmatching","tech":"PV","commissioning_year":2014},"geometry":{"type":"Point","coordinates":[-0.596,44.653]}},{"type":"Feature","properties":{"id":"ppm-fr-13939","name":"Bressuire Prive Solar","capacity_mw":15.4,"fuel_type":"solar","status":"operational","precision":"approximate","source":"powerplantmatching v0.9.0, 2026-10-03 · Global Energy Monitor","source_url":"https://github.com/PyPSA/powerplantmatching","tech":"PV","commissioning_year":2023},"geometry":{"type":"Point","coordinates":[-0.493,46.843]}},{"type":"Feature","properties":{"id":"ppm-fr-6616","name":"Nevian Wind Farm","capacity_mw":15.3,"fuel_type":"wind","status":"operational","precision":"approximate","source":"powerplantmatching v0.9.0, 2026-10-03 · Global Energy Monitor, OpenStreetMap","source_url":"https://www.openstreetmap.org/relation/20364227","tech":"Onshore","commissioning_year":2002},"geometry":{"type":"Point","coordinates":[2.874,43.207]}},{"type":"Feature","properties":{"id":"ppm-fr-6691","name":"Neo Avel Wind Farm","capacity_mw":15.2,"fuel_type":"wind","status":"operational","precision":"approximate","source":"powerplantmatching v0.9.0, 2026-10-03 · Global Energy Monitor, OpenStreetMap","source_url":"https://www.openstreetmap.org/relation/19878116","tech":"Onshore","commissioning_year":2025},"geometry":{"type":"Point","coordinates":[-3.1,48.332]}},{"type":"Feature","properties":{"id":"ppm-fr-13274","name":"Beaucaire Confidentiel Solar","capacity_mw":15.2,"fuel_type":"solar","status":"operational","precision":"approximate","source":"powerplantmatching v0.9.0, 2026-10-03 · Global Energy Monitor","source_url":"https://github.com/PyPSA/powerplantmatching","tech":"PV","commissioning_year":2021},"geometry":{"type":"Point","coordinates":[4.639,43.809]}},{"type":"Feature","properties":{"id":"ppm-fr-22577","name":"Port Saint Louis Du Rhone Confidentiel Solar Farm","capacity_mw":15.2,"fuel_type":"solar","status":"operational","precision":"approximate","source":"powerplantmatching v0.9.0, 2026-10-03 · Global Energy Monitor","source_url":"https://github.com/PyPSA/powerplantmatching","tech":"PV","commissioning_year":2010},"geometry":{"type":"Point","coordinates":[4.803,43.389]}},{"type":"Feature","properties":{"id":"ppm-fr-25827","name":"Villers Cotterets Confidentiel Solar","capacity_mw":15.2,"fuel_type":"solar","status":"operational","precision":"approximate","source":"powerplantmatching v0.9.0, 2026-10-03 · Global Energy Monitor","source_url":"https://github.com/PyPSA/powerplantmatching","tech":"PV","commissioning_year":2022},"geometry":{"type":"Point","coordinates":[3.091,49.255]}},{"type":"Feature","properties":{"id":"ppm-fr-6681","name":"Meaux Confidentiel Solar Farm","capacity_mw":15.1,"fuel_type":"solar","status":"operational","precision":"approximate","source":"powerplantmatching v0.9.0, 2026-10-03 · Global Energy Monitor, OpenStreetMap","source_url":"https://www.openstreetmap.org/way/770760258","tech":"PV","commissioning_year":2019},"geometry":{"type":"Point","coordinates":[2.877,48.958]}},{"type":"Feature","properties":{"id":"ppm-fr-24093","name":"Solaire Varages Solar Farm","capacity_mw":15.1,"fuel_type":"solar","status":"operational","precision":"approximate","source":"powerplantmatching v0.9.0, 2026-10-03 · Global Energy Monitor","source_url":"https://github.com/PyPSA/powerplantmatching","tech":"PV","commissioning_year":2011},"geometry":{"type":"Point","coordinates":[5.979,43.596]}},{"type":"Feature","properties":{"id":"ppm-fr-512","name":"Ocana","capacity_mw":15.0,"fuel_type":"hydro","status":"operational","precision":"approximate","source":"powerplantmatching v0.9.0, 2026-10-03 · Global Energy Monitor, JRC (European Commission), Global Hydropower Resources, WRI GPPD, OpenStreetMap, GEO","source_url":"https://www.openstreetmap.org/way/399142442","tech":"Run-Of-River","commissioning_year":1961},"geometry":{"type":"Point","coordinates":[8.935,41.946]}},{"type":"Feature","properties":{"id":"ppm-fr-6366","name":"Vent De La Javigne Wind Farm","capacity_mw":15.0,"fuel_type":"wind","status":"operational","precision":"approximate","source":"powerplantmatching v0.9.0, 2026-10-03 · Global Energy Monitor, OpenStreetMap","source_url":"https://www.openstreetmap.org/relation/14383969","tech":"Onshore","commissioning_year":2021},"geometry":{"type":"Point","coordinates":[0.41,46.315]}},{"type":"Feature","properties":{"id":"ppm-fr-6377","name":"Urba Solar","capacity_mw":15.0,"fuel_type":"solar","status":"operational","precision":"approximate","source":"powerplantmatching v0.9.0, 2026-10-03 · Global Energy Monitor, OpenStreetMap","source_url":"https://www.openstreetmap.org/way/1328284312","tech":"PV","commissioning_year":2023},"geometry":{"type":"Point","coordinates":[2.003,48.981]}},{"type":"Feature","properties":{"id":"ppm-fr-6419","name":"Smermesnil Wind Farm","capacity_mw":15.0,"fuel_type":"wind","status":"operational","precision":"approximate","source":"powerplantmatching v0.9.0, 2026-10-03 · Global Energy Monitor, OpenStreetMap","source_url":"https://www.openstreetmap.org/relation/9470127","tech":"Onshore","commissioning_year":2017},"geometry":{"type":"Point","coordinates":[1.488,49.849]}},{"type":"Feature","properties":{"id":"ppm-fr-6454","name":"Sainte Valiere Wind Farm","capacity_mw":15.0,"fuel_type":"wind","status":"operational","precision":"approximate","source":"powerplantmatching v0.9.0, 2026-10-03 · Global Energy Monitor, OpenStreetMap","source_url":"https://www.openstreetmap.org/relation/17710746","tech":"Onshore","commissioning_year":2024},"geometry":{"type":"Point","coordinates":[2.848,43.282]}},{"type":"Feature","properties":{"id":"ppm-fr-6496","name":"Sasseville Drosay Wind Farm","capacity_mw":15.0,"fuel_type":"wind","status":"operational","precision":"approximate","source":"powerplantmatching v0.9.0, 2026-10-03 · Global Energy Monitor, OpenStreetMap","source_url":"https://www.openstreetmap.org/relation/7970501","tech":"Onshore","commissioning_year":2016},"geometry":{"type":"Point","coordinates":[0.737,49.778]}},{"type":"Feature","properties":{"id":"ppm-fr-6503","name":"Roussac Wind Farm","capacity_mw":15.0,"fuel_type":"wind","status":"operational","precision":"approximate","source":"powerplantmatching v0.9.0, 2026-10-03 · Global Energy Monitor, OpenStreetMap","source_url":"https://www.openstreetmap.org/relation/13923631","tech":"Onshore","commissioning_year":2021},"geometry":{"type":"Point","coordinates":[1.184,46.075]}},{"type":"Feature","properties":{"id":"ppm-fr-6584","name":"Paudy Wind Farm","capacity_mw":15.0,"fuel_type":"wind","status":"operational","precision":"approximate","source":"powerplantmatching v0.9.0, 2026-10-03 · Global Energy Monitor, OpenStreetMap","source_url":"https://www.openstreetmap.org/relation/10763104","tech":"Onshore","commissioning_year":2019},"geometry":{"type":"Point","coordinates":[1.899,47.022]}},{"type":"Feature","properties":{"id":"ppm-fr-6595","name":"Prechac Confidentiel Solar","capacity_mw":15.0,"fuel_type":"solar","status":"operational","precision":"approximate","source":"powerplantmatching v0.9.0, 2026-10-03 · Global Energy Monitor, OpenStreetMap","source_url":"https://www.openstreetmap.org/way/1193050860","tech":"PV","commissioning_year":2022},"geometry":{"type":"Point","coordinates":[-0.353,44.399]}},{"type":"Feature","properties":{"id":"ppm-fr-6612","name":"Oigny Wind Farm","capacity_mw":15.0,"fuel_type":"wind","status":"operational","precision":"approximate","source":"powerplantmatching v0.9.0, 2026-10-03 · Global Energy Monitor, OpenStreetMap","source_url":"https://www.openstreetmap.org/relation/17067997","tech":"Onshore","commissioning_year":2023},"geometry":{"type":"Point","coordinates":[4.727,47.584]}},{"type":"Feature","properties":{"id":"ppm-fr-6720","name":"Mont Louis Wind Farm","capacity_mw":15.0,"fuel_type":"wind","status":"operational","precision":"approximate","source":"powerplantmatching v0.9.0, 2026-10-03 · Global Energy Monitor, OpenStreetMap","source_url":"https://www.openstreetmap.org/relation/17710737","tech":"Onshore","commissioning_year":2024},"geometry":{"type":"Point","coordinates":[4.472,49.458]}},{"type":"Feature","properties":{"id":"ppm-fr-6742","name":"Les Quatre Chemins Wind Farm","capacity_mw":15.0,"fuel_type":"wind","status":"operational","precision":"approximate","source":"powerplantmatching v0.9.0, 2026-10-03 · Global Energy Monitor, OpenStreetMap","source_url":"https://www.openstreetmap.org/relation/7985991","tech":"Onshore","commissioning_year":2006},"geometry":{"type":"Point","coordinates":[4.614,48.882]}},{"type":"Feature","properties":{"id":"ppm-fr-6759","name":"Les Gabots Solar Farm","capacity_mw":15.0,"fuel_type":"solar","status":"operational","precision":"approximate","source":"powerplantmatching v0.9.0, 2026-10-03 · Global Energy Monitor, OpenStreetMap","source_url":"https://www.openstreetmap.org/relation/17988702","tech":"PV","commissioning_year":2020},"geometry":{"type":"Point","coordinates":[2.719,48.926]}},{"type":"Feature","properties":{"id":"ppm-fr-6763","name":"Lys Wind Farm","capacity_mw":15.0,"fuel_type":"wind","status":"operational","precision":"approximate","source":"powerplantmatching v0.9.0, 2026-10-03 · Global Energy Monitor, OpenStreetMap","source_url":"https://www.openstreetmap.org/relation/16683125","tech":"Onshore","commissioning_year":2023},"geometry":{"type":"Point","coordinates":[1.977,47.137]}},{"type":"Feature","properties":{"id":"ppm-fr-6795","name":"Les Touches Wind Farm","capacity_mw":15.0,"fuel_type":"wind","status":"operational","precision":"approximate","source":"powerplantmatching v0.9.0, 2026-10-03 · Global Energy Monitor, OpenStreetMap","source_url":"https://www.openstreetmap.org/relation/17079661","tech":"Onshore","commissioning_year":2015},"geometry":{"type":"Point","coordinates":[-1.413,47.475]}},{"type":"Feature","properties":{"id":"ppm-fr-6925","name":"La Benitiere Wind Farm","capacity_mw":15.0,"fuel_type":"wind","status":"operational","precision":"approximate","source":"powerplantmatching v0.9.0, 2026-10-03 · Global Energy Monitor, OpenStreetMap","source_url":"https://www.openstreetmap.org/relation/17070751","tech":"Onshore","commissioning_year":2023},"geometry":{"type":"Point","coordinates":[0.569,46.147]}},{"type":"Feature","properties":{"id":"ppm-fr-7145","name":"Haut Du Saule Wind Farm","capacity_mw":15.0,"fuel_type":"wind","status":"operational","precision":"approximate","source":"powerplantmatching v0.9.0, 2026-10-03 · Global Energy Monitor, OpenStreetMap","source_url":"https://www.openstreetmap.org/relation/14375358","tech":"Onshore","commissioning_year":2020},"geometry":{"type":"Point","coordinates":[5.29,48.677]}},{"type":"Feature","properties":{"id":"ppm-fr-7262","name":"Croix De Cuitot Wind Farm","capacity_mw":15.0,"fuel_type":"wind","status":"operational","precision":"approximate","source":"powerplantmatching v0.9.0, 2026-10-03 · Global Energy Monitor, OpenStreetMap","source_url":"https://www.openstreetmap.org/relation/7985966","tech":"Onshore","commissioning_year":2010},"geometry":{"type":"Point","coordinates":[4.577,48.873]}},{"type":"Feature","properties":{"id":"ppm-fr-7283","name":"Coren Wind Farm","capacity_mw":15.0,"fuel_type":"wind","status":"operational","precision":"approximate","source":"powerplantmatching v0.9.0, 2026-10-03 · Global Energy Monitor, OpenStreetMap","source_url":"https://www.openstreetmap.org/relation/3401420","tech":"Onshore","commissioning_year":2007},"geometry":{"type":"Point","coordinates":[3.109,45.087]}},{"type":"Feature","properties":{"id":"ppm-fr-7287","name":"Cote Notre Dame Wind Farm","capacity_mw":15.0,"fuel_type":"wind","status":"operational","precision":"approximate","source":"powerplantmatching v0.9.0, 2026-10-03 · Global Energy Monitor, OpenStreetMap","source_url":"https://www.openstreetmap.org/relation/7985974","tech":"Onshore","commissioning_year":2016},"geometry":{"type":"Point","coordinates":[4.142,48.61]}},{"type":"Feature","properties":{"id":"ppm-fr-7530","name":"Boissy La Riviere Wind Farm","capacity_mw":15.0,"fuel_type":"wind","status":"operational","precision":"approximate","source":"powerplantmatching v0.9.0, 2026-10-03 · Global Energy Monitor, OpenStreetMap","source_url":"https://www.openstreetmap.org/relation/10003469","tech":"Onshore","commissioning_year":2017},"geometry":{"type":"Point","coordinates":[2.173,48.385]}},{"type":"Feature","properties":{"id":"ppm-fr-7535","name":"Bornay Wind Farm","capacity_mw":15.0,"fuel_type":"wind","status":"operational","precision":"approximate","source":"powerplantmatching v0.9.0, 2026-10-03 · Global Energy Monitor, OpenStreetMap","source_url":"https://www.openstreetmap.org/relation/16683065","tech":"Onshore","commissioning_year":2022},"geometry":{"type":"Point","coordinates":[2.01,47.105]}},{"type":"Feature","properties":{"id":"ppm-fr-13738","name":"Bois Bodin Wind Farm","capacity_mw":15.0,"fuel_type":"wind","status":"operational","precision":"approximate","source":"powerplantmatching v0.9.0, 2026-10-03 · Global Energy Monitor","source_url":"https://github.com/PyPSA/powerplantmatching","tech":"Onshore"},"geometry":{"type":"Point","coordinates":[0.814,47.103]}},{"type":"Feature","properties":{"id":"ppm-fr-13948","name":"Brignoles Confidentiel Solar Farm","capacity_mw":15.0,"fuel_type":"solar","status":"operational","precision":"approximate","source":"powerplantmatching v0.9.0, 2026-10-03 · Global Energy Monitor","source_url":"https://github.com/PyPSA/powerplantmatching","tech":"PV","commissioning_year":2013},"geometry":{"type":"Point","coordinates":[6.062,43.406]}},{"type":"Feature","properties":{"id":"ppm-fr-15296","name":"Col De La Fageole Wind Farm","capacity_mw":15.0,"fuel_type":"wind","status":"operational","precision":"approximate","source":"powerplantmatching v0.9.0, 2026-10-03 · Global Energy Monitor","source_url":"https://github.com/PyPSA/powerplantmatching","tech":"Onshore","commissioning_year":2007},"geometry":{"type":"Point","coordinates":[2.629,45.178]}},{"type":"Feature","properties":{"id":"ppm-fr-17050","name":"Gcawallonlemeux Solar","capacity_mw":15.0,"fuel_type":"solar","status":"operational","precision":"approximate","source":"powerplantmatching v0.9.0, 2026-10-03 · Global Energy Monitor","source_url":"https://github.com/PyPSA/powerplantmatching","tech":"PV","commissioning_year":2021},"geometry":{"type":"Point","coordinates":[2.744,49.367]}},{"type":"Feature","properties":{"id":"ppm-fr-19733","name":"Les Vents Du Santerre Wind Farm","capacity_mw":15.0,"fuel_type":"wind","status":"operational","precision":"approximate","source":"powerplantmatching v0.9.0, 2026-10-03 · Global Energy Monitor","source_url":"https://github.com/PyPSA/powerplantmatching","tech":"Onshore","commissioning_year":2020},"geometry":{"type":"Point","coordinates":[2.72,49.863]}},{"type":"Feature","properties":{"id":"ppm-fr-20218","name":"Magremont Wind Farm","capacity_mw":15.0,"fuel_type":"wind","status":"operational","precision":"approximate","source":"powerplantmatching v0.9.0, 2026-10-03 · Global Energy Monitor","source_url":"https://github.com/PyPSA/powerplantmatching","tech":"Onshore","commissioning_year":2012},"geometry":{"type":"Point","coordinates":[2.296,50.06]}},{"type":"Feature","properties":{"id":"ppm-fr-20367","name":"Martinpuich Wind Farm","capacity_mw":15.0,"fuel_type":"wind","status":"operational","precision":"approximate","source":"powerplantmatching v0.9.0, 2026-10-03 · Global Energy Monitor","source_url":"https://github.com/PyPSA/powerplantmatching","tech":"Onshore","commissioning_year":2022},"geometry":{"type":"Point","coordinates":[2.777,50.055]}},{"type":"Feature","properties":{"id":"ppm-fr-20922","name":"Mottenberg Wind Farm","capacity_mw":15.0,"fuel_type":"wind","status":"operational","precision":"approximate","source":"powerplantmatching v0.9.0, 2026-10-03 · Global Energy Monitor","source_url":"https://github.com/PyPSA/powerplantmatching","tech":"Onshore","commissioning_year":2020},"geometry":{"type":"Point","coordinates":[6.566,49.14]}},{"type":"Feature","properties":{"id":"ppm-fr-23436","name":"Saint Medard Excideuil Confidentiel Solar Farm","capacity_mw":15.0,"fuel_type":"solar","status":"operational","precision":"approximate","source":"powerplantmatching v0.9.0, 2026-10-03 · Global Energy Monitor","source_url":"https://github.com/PyPSA/powerplantmatching","tech":"PV","commissioning_year":2019},"geometry":{"type":"Point","coordinates":[1.071,45.342]}},{"type":"Feature","properties":{"id":"ppm-fr-23470","name":"Sainte Colombe Wind Farm","capacity_mw":15.0,"fuel_type":"wind","status":"operational","precision":"approximate","source":"powerplantmatching v0.9.0, 2026-10-03 · Global Energy Monitor","source_url":"https://github.com/PyPSA/powerplantmatching","tech":"Onshore","commissioning_year":2018},"geometry":{"type":"Point","coordinates":[3.942,47.574]}},{"type":"Feature","properties":{"id":"ppm-fr-24862","name":"Tenbonrev Wind Farm","capacity_mw":15.0,"fuel_type":"wind","status":"operational","precision":"approximate","source":"powerplantmatching v0.9.0, 2026-10-03 · Global Energy Monitor","source_url":"https://github.com/PyPSA/powerplantmatching","tech":"Onshore","commissioning_year":2016},"geometry":{"type":"Point","coordinates":[4.704,48.832]}},{"type":"Feature","properties":{"id":"ppm-fr-25091","name":"Tonkin Wind Farm","capacity_mw":15.0,"fuel_type":"wind","status":"operational","precision":"approximate","source":"powerplantmatching v0.9.0, 2026-10-03 · Global Energy Monitor","source_url":"https://github.com/PyPSA/powerplantmatching","tech":"Onshore","commissioning_year":2012},"geometry":{"type":"Point","coordinates":[4.686,43.57]}},{"type":"Feature","properties":{"id":"ppm-fr-25828","name":"Villers Le Tourneur Wind Farm","capacity_mw":15.0,"fuel_type":"wind","status":"operational","precision":"approximate","source":"powerplantmatching v0.9.0, 2026-10-03 · Global Energy Monitor","source_url":"https://github.com/PyPSA/powerplantmatching","tech":"Onshore"},"geometry":{"type":"Point","coordinates":[4.566,49.63]}},{"type":"Feature","properties":{"id":"ppm-fr-25842","name":"Vilpion Wind Farm","capacity_mw":15.0,"fuel_type":"wind","status":"operational","precision":"approximate","source":"powerplantmatching v0.9.0, 2026-10-03 · Global Energy Monitor","source_url":"https://github.com/PyPSA/powerplantmatching","tech":"Onshore","commissioning_year":2024},"geometry":{"type":"Point","coordinates":[3.793,49.786]}},{"type":"Feature","properties":{"id":"ppm-fr-13645","name":"Blanquefort Confidentiel Solar","capacity_mw":14.9,"fuel_type":"solar","status":"operational","precision":"approximate","source":"powerplantmatching v0.9.0, 2026-10-03 · Global Energy Monitor","source_url":"https://github.com/PyPSA/powerplantmatching","tech":"PV","commissioning_year":2012},"geometry":{"type":"Point","coordinates":[-0.63,44.909]}},{"type":"Feature","properties":{"id":"ppm-fr-7694","name":"Beg Ar Hra Wind Farm","capacity_mw":14.7,"fuel_type":"wind","status":"operational","precision":"approximate","source":"powerplantmatching v0.9.0, 2026-10-03 · Global Energy Monitor, OpenStreetMap","source_url":"https://www.openstreetmap.org/relation/17710776","tech":"Onshore","commissioning_year":2024},"geometry":{"type":"Point","coordinates":[-3.493,48.551]}},{"type":"Feature","properties":{"id":"ppm-fr-15049","name":"Champigny En Rochereau Wind Farm","capacity_mw":14.7,"fuel_type":"wind","status":"operational","precision":"approximate","source":"powerplantmatching v0.9.0, 2026-10-03 · Global Energy Monitor","source_url":"https://github.com/PyPSA/powerplantmatching","tech":"Onshore","commissioning_year":2008},"geometry":{"type":"Point","coordinates":[0.146,46.718]}},{"type":"Feature","properties":{"id":"ppm-fr-6660","name":"Parc Du Telegraphe Wind Farm","capacity_mw":14.4,"fuel_type":"wind","status":"operational","precision":"approximate","source":"powerplantmatching v0.9.0, 2026-10-03 · Global Energy Monitor, OpenStreetMap","source_url":"https://www.openstreetmap.org/relation/13255932","tech":"Onshore","commissioning_year":2021},"geometry":{"type":"Point","coordinates":[3.82,47.693]}},{"type":"Feature","properties":{"id":"ppm-fr-7201","name":"Entre Coole Et Marne Wind Farm","capacity_mw":14.4,"fuel_type":"wind","status":"operational","precision":"approximate","source":"powerplantmatching v0.9.0, 2026-10-03 · Global Energy Monitor, OpenStreetMap","source_url":"https://www.openstreetmap.org/relation/20345598","tech":"Onshore","commissioning_year":2016},"geometry":{"type":"Point","coordinates":[5.639,46.404]}},{"type":"Feature","properties":{"id":"ppm-fr-7239","name":"Cvse Saint Paulet Solar Farm","capacity_mw":14.4,"fuel_type":"solar","status":"operational","precision":"approximate","source":"powerplantmatching v0.9.0, 2026-10-03 · Global Energy Monitor, OpenStreetMap","source_url":"https://www.openstreetmap.org/way/1093085123","tech":"PV","commissioning_year":2021},"geometry":{"type":"Point","coordinates":[1.878,43.406]}},{"type":"Feature","properties":{"id":"ppm-fr-7260","name":"Croix De Bertault Wind Farm","capacity_mw":14.4,"fuel_type":"wind","status":"operational","precision":"approximate","source":"powerplantmatching v0.9.0, 2026-10-03 · Global Energy Monitor, OpenStreetMap","source_url":"https://www.openstreetmap.org/relation/15355754","tech":"Onshore","commissioning_year":2023},"geometry":{"type":"Point","coordinates":[0.506,46.419]}},{"type":"Feature","properties":{"id":"ppm-fr-15158","name":"Choisy La Victoire Confidentiel Solar Farm","capacity_mw":14.4,"fuel_type":"solar","status":"operational","precision":"approximate","source":"powerplantmatching v0.9.0, 2026-10-03 · Global Energy Monitor","source_url":"https://github.com/PyPSA/powerplantmatching","tech":"PV","commissioning_year":2021},"geometry":{"type":"Point","coordinates":[2.584,49.377]}},{"type":"Feature","properties":{"id":"ppm-fr-16287","name":"Ecoparc Des Energies Wind Farm","capacity_mw":14.4,"fuel_type":"wind","status":"operational","precision":"approximate","source":"powerplantmatching v0.9.0, 2026-10-03 · Global Energy Monitor","source_url":"https://github.com/PyPSA/powerplantmatching","tech":"Onshore"},"geometry":{"type":"Point","coordinates":[1.46,49.88]}},{"type":"Feature","properties":{"id":"ppm-fr-12939","name":"Avignon Confidentiel Solar Farm","capacity_mw":14.3,"fuel_type":"solar","status":"operational","precision":"approximate","source":"powerplantmatching v0.9.0, 2026-10-03 · Global Energy Monitor","source_url":"https://github.com/PyPSA/powerplantmatching","tech":"PV","commissioning_year":2014},"geometry":{"type":"Point","coordinates":[4.806,43.949]}},{"type":"Feature","properties":{"id":"ppm-fr-15047","name":"Champblanc Solar Farm","capacity_mw":14.3,"fuel_type":"solar","status":"operational","precision":"approximate","source":"powerplantmatching v0.9.0, 2026-10-03 · Global Energy Monitor","source_url":"https://github.com/PyPSA/powerplantmatching","tech":"PV"},"geometry":{"type":"Point","coordinates":[-0.317,45.756]}},{"type":"Feature","properties":{"id":"ppm-fr-19380","name":"Lanas Confidentiel Solar Farm","capacity_mw":14.2,"fuel_type":"solar","status":"operational","precision":"approximate","source":"powerplantmatching v0.9.0, 2026-10-03 · Global Energy Monitor","source_url":"https://github.com/PyPSA/powerplantmatching","tech":"PV","commissioning_year":2018},"geometry":{"type":"Point","coordinates":[4.399,44.532]}},{"type":"Feature","properties":{"id":"ppm-fr-22849","name":"Quincieux Confidentiel Solar Farm","capacity_mw":14.2,"fuel_type":"solar","status":"operational","precision":"approximate","source":"powerplantmatching v0.9.0, 2026-10-03 · Global Energy Monitor","source_url":"https://github.com/PyPSA/powerplantmatching","tech":"PV","commissioning_year":2012},"geometry":{"type":"Point","coordinates":[4.774,45.914]}},{"type":"Feature","properties":{"id":"ppm-fr-7148","name":"Haut Vignoble Wind Farm","capacity_mw":14.1,"fuel_type":"wind","status":"operational","precision":"approximate","source":"powerplantmatching v0.9.0, 2026-10-03 · Global Energy Monitor, OpenStreetMap","source_url":"https://www.openstreetmap.org/relation/17578634","tech":"Onshore","commissioning_year":2024},"geometry":{"type":"Point","coordinates":[-1.194,47.185]}},{"type":"Feature","properties":{"id":"ppm-fr-7684","name":"Amoures Bouissac Wind Farm","capacity_mw":14.1,"fuel_type":"wind","status":"operational","precision":"approximate","source":"powerplantmatching v0.9.0, 2026-10-03 · Global Energy Monitor, OpenStreetMap","source_url":"https://www.openstreetmap.org/relation/18226741","tech":"Onshore","commissioning_year":2024},"geometry":{"type":"Point","coordinates":[3.072,43.829]}},{"type":"Feature","properties":{"id":"ppm-fr-9640","name":"Pont De Roide","capacity_mw":14.1,"fuel_type":"hydro","status":"operational","precision":"approximate","source":"powerplantmatching v0.9.0, 2026-10-03 · Global Hydropower Resources, OpenStreetMap","source_url":"https://www.openstreetmap.org/relation/9956602","tech":"Run-Of-River","commissioning_year":1970},"geometry":{"type":"Point","coordinates":[-0.035,42.905]}},{"type":"Feature","properties":{"id":"ppm-fr-12908","name":"Audinchtun Wind Farm","capacity_mw":14.1,"fuel_type":"wind","status":"operational","precision":"approximate","source":"powerplantmatching v0.9.0, 2026-10-03 · Global Energy Monitor","source_url":"https://github.com/PyPSA/powerplantmatching","tech":"Onshore"},"geometry":{"type":"Point","coordinates":[2.816,50.362]}},{"type":"Feature","properties":{"id":"ppm-fr-15255","name":"Clamecy Confidentiel Solar","capacity_mw":14.1,"fuel_type":"solar","status":"operational","precision":"approximate","source":"powerplantmatching v0.9.0, 2026-10-03 · Global Energy Monitor","source_url":"https://github.com/PyPSA/powerplantmatching","tech":"PV","commissioning_year":2025},"geometry":{"type":"Point","coordinates":[3.519,47.46]}},{"type":"Feature","properties":{"id":"ppm-fr-22271","name":"Pierrelatte Confidentiel Solar Farm","capacity_mw":14.1,"fuel_type":"solar","status":"operational","precision":"approximate","source":"powerplantmatching v0.9.0, 2026-10-03 · Global Energy Monitor","source_url":"https://github.com/PyPSA/powerplantmatching","tech":"PV","commissioning_year":2010},"geometry":{"type":"Point","coordinates":[4.698,44.378]}},{"type":"Feature","properties":{"id":"ppm-fr-6385","name":"Terres Blanches Wind Farm","capacity_mw":14.0,"fuel_type":"wind","status":"operational","precision":"approximate","source":"powerplantmatching v0.9.0, 2026-10-03 · Global Energy Monitor, OpenStreetMap","source_url":"https://www.openstreetmap.org/relation/10068709","tech":"Onshore","commissioning_year":2016},"geometry":{"type":"Point","coordinates":[5.072,45.282]}},{"type":"Feature","properties":{"id":"ppm-fr-6443","name":"Tourny Wind Farm","capacity_mw":14.0,"fuel_type":"wind","status":"operational","precision":"approximate","source":"powerplantmatching v0.9.0, 2026-10-03 · Global Energy Monitor, OpenStreetMap","source_url":"https://www.openstreetmap.org/relation/9246180","tech":"Onshore","commissioning_year":2017},"geometry":{"type":"Point","coordinates":[1.53,49.194]}},{"type":"Feature","properties":{"id":"ppm-fr-6456","name":"Saint Nicolas Des Biefs Wind Farm","capacity_mw":14.0,"fuel_type":"wind","status":"operational","precision":"approximate","source":"powerplantmatching v0.9.0, 2026-10-03 · Global Energy Monitor, OpenStreetMap","source_url":"https://www.openstreetmap.org/relation/10691719","tech":"Onshore","commissioning_year":2015},"geometry":{"type":"Point","coordinates":[3.808,46.083]}},{"type":"Feature","properties":{"id":"ppm-fr-6497","name":"Saulgond Lesterps Wind Farm","capacity_mw":14.0,"fuel_type":"wind","status":"operational","precision":"approximate","source":"powerplantmatching v0.9.0, 2026-10-03 · Global Energy Monitor, OpenStreetMap","source_url":"https://www.openstreetmap.org/relation/13090633","tech":"Onshore","commissioning_year":2010},"geometry":{"type":"Point","coordinates":[0.79,45.991]}},{"type":"Feature","properties":{"id":"ppm-fr-6498","name":"Saulzet Wind Farm","capacity_mw":14.0,"fuel_type":"wind","status":"operational","precision":"approximate","source":"powerplantmatching v0.9.0, 2026-10-03 · Global Energy Monitor, OpenStreetMap","source_url":"https://www.openstreetmap.org/relation/17080116","tech":"Onshore","commissioning_year":2008},"geometry":{"type":"Point","coordinates":[3.037,45.438]}},{"type":"Feature","properties":{"id":"ppm-fr-6514","name":"Quincy Le Vicomte Wind Farm","capacity_mw":14.0,"fuel_type":"wind","status":"operational","precision":"approximate","source":"powerplantmatching v0.9.0, 2026-10-03 · Global Energy Monitor, OpenStreetMap","source_url":"https://www.openstreetmap.org/relation/10780290","tech":"Onshore","commissioning_year":2018},"geometry":{"type":"Point","coordinates":[4.234,47.623]}},{"type":"Feature","properties":{"id":"ppm-fr-6520","name":"Puech Cornet Wind Farm","capacity_mw":14.0,"fuel_type":"wind","status":"operational","precision":"approximate","source":"powerplantmatching v0.9.0, 2026-10-03 · Global Energy Monitor, OpenStreetMap","source_url":"https://www.openstreetmap.org/relation/4037973","tech":"Onshore","commissioning_year":2008},"geometry":{"type":"Point","coordinates":[2.591,43.668]}},{"type":"Feature","properties":{"id":"ppm-fr-6586","name":"Pays Chaumontais Wind Farm","capacity_mw":14.0,"fuel_type":"wind","status":"operational","precision":"approximate","source":"powerplantmatching v0.9.0, 2026-10-03 · Global Energy Monitor, OpenStreetMap","source_url":"https://www.openstreetmap.org/relation/10778859","tech":"Onshore","commissioning_year":2018},"geometry":{"type":"Point","coordinates":[5.041,48.156]}},{"type":"Feature","properties":{"id":"ppm-fr-6601","name":"Poirier Major Wind Farm","capacity_mw":14.0,"fuel_type":"wind","status":"operational","precision":"approximate","source":"powerplantmatching v0.9.0, 2026-10-03 · Global Energy Monitor, OpenStreetMap","source_url":"https://www.openstreetmap.org/relation/11174792","tech":"Onshore","commissioning_year":2019},"geometry":{"type":"Point","coordinates":[1.84,49.736]}},{"type":"Feature","properties":{"id":"ppm-fr-6664","name":"Orme Champagne Wind Farm","capacity_mw":14.0,"fuel_type":"wind","status":"operational","precision":"approximate","source":"powerplantmatching v0.9.0, 2026-10-03 · Global Energy Monitor, OpenStreetMap","source_url":"https://www.openstreetmap.org/relation/7985978","tech":"Onshore","commissioning_year":2016},"geometry":{"type":"Point","coordinates":[4.465,48.755]}},{"type":"Feature","properties":{"id":"ppm-fr-6706","name":"Lou Paou Wind Farm","capacity_mw":14.0,"fuel_type":"wind","status":"operational","precision":"approximate","source":"powerplantmatching v0.9.0, 2026-10-03 · Global Energy Monitor, OpenStreetMap","source_url":"https://www.openstreetmap.org/relation/7992807","tech":"Onshore","commissioning_year":2006},"geometry":{"type":"Point","coordinates":[3.45,44.578]}},{"type":"Feature","properties":{"id":"ppm-fr-6732","name":"Mont De Maisnil Wind Farm","capacity_mw":14.0,"fuel_type":"wind","status":"operational","precision":"approximate","source":"powerplantmatching v0.9.0, 2026-10-03 · Global Energy Monitor, OpenStreetMap","source_url":"https://www.openstreetmap.org/relation/10762848","tech":"Onshore","commissioning_year":2019},"geometry":{"type":"Point","coordinates":[2.147,50.607]}},{"type":"Feature","properties":{"id":"ppm-fr-6745","name":"Les Hauts Chemins Wind Farm","capacity_mw":14.0,"fuel_type":"wind","status":"operational","precision":"approximate","source":"powerplantmatching v0.9.0, 2026-10-03 · Global Energy Monitor, OpenStreetMap","source_url":"https://www.openstreetmap.org/relation/9798244","tech":"Onshore","commissioning_year":2019},"geometry":{"type":"Point","coordinates":[6.059,48.187]}},{"type":"Feature","properties":{"id":"ppm-fr-6766","name":"Manneville Es Plains Wind Farm","capacity_mw":14.0,"fuel_type":"wind","status":"operational","precision":"approximate","source":"powerplantmatching v0.9.0, 2026-10-03 · Global Energy Monitor, OpenStreetMap","source_url":"https://www.openstreetmap.org/relation/7970513","tech":"Onshore","commissioning_year":2011},"geometry":{"type":"Point","coordinates":[0.751,49.865]}},{"type":"Feature","properties":{"id":"ppm-fr-6773","name":"Leigne Les Bois Wind Farm","capacity_mw":14.0,"fuel_type":"wind","status":"operational","precision":"approximate","source":"powerplantmatching v0.9.0, 2026-10-03 · Global Energy Monitor, OpenStreetMap","source_url":"https://www.openstreetmap.org/relation/14367055","tech":"Onshore","commissioning_year":2020},"geometry":{"type":"Point","coordinates":[0.713,46.742]}},{"type":"Feature","properties":{"id":"ppm-fr-6814","name":"Lassicourt Energies Solar Farm","capacity_mw":14.0,"fuel_type":"solar","status":"operational","precision":"approximate","source":"powerplantmatching v0.9.0, 2026-10-03 · Global Energy Monitor, OpenStreetMap","source_url":"https://www.openstreetmap.org/way/710885083","tech":"PV","commissioning_year":2019},"geometry":{"type":"Point","coordinates":[4.489,48.443]}},{"type":"Feature","properties":{"id":"ppm-fr-6816","name":"Les Chataigniers Wind Farm","capacity_mw":14.0,"fuel_type":"wind","status":"operational","precision":"approximate","source":"powerplantmatching v0.9.0, 2026-10-03 · Global Energy Monitor, OpenStreetMap","source_url":"https://www.openstreetmap.org/relation/7986012","tech":"Onshore","commissioning_year":2015},"geometry":{"type":"Point","coordinates":[3.572,48.878]}},{"type":"Feature","properties":{"id":"ppm-fr-6835","name":"La Luzette Wind Farm","capacity_mw":14.0,"fuel_type":"wind","status":"operational","precision":"approximate","source":"powerplantmatching v0.9.0, 2026-10-03 · Global Energy Monitor, OpenStreetMap","source_url":"https://www.openstreetmap.org/relation/7992812","tech":"Onshore","commissioning_year":2016},"geometry":{"type":"Point","coordinates":[2.111,44.857]}},{"type":"Feature","properties":{"id":"ppm-fr-6840","name":"La Citadelle Wind Farm","capacity_mw":14.0,"fuel_type":"wind","status":"operational","precision":"approximate","source":"powerplantmatching v0.9.0, 2026-10-03 · Global Energy Monitor, OpenStreetMap","source_url":"https://www.openstreetmap.org/relation/4020764","tech":"Onshore","commissioning_year":2006},"geometry":{"type":"Point","coordinates":[4.444,44.969]}},{"type":"Feature","properties":{"id":"ppm-fr-6851","name":"Le Horps Wind Farm","capacity_mw":14.0,"fuel_type":"wind","status":"operational","precision":"approximate","source":"powerplantmatching v0.9.0, 2026-10-03 · Global Energy Monitor, OpenStreetMap","source_url":"https://www.openstreetmap.org/relation/6618886","tech":"Onshore","commissioning_year":2009},"geometry":{"type":"Point","coordinates":[-0.503,48.389]}},{"type":"Feature","properties":{"id":"ppm-fr-6913","name":"La Bruyere Wind Farm","capacity_mw":14.0,"fuel_type":"wind","status":"operational","precision":"approximate","source":"powerplantmatching v0.9.0, 2026-10-03 · Global Energy Monitor, OpenStreetMap","source_url":"https://www.openstreetmap.org/relation/10109046","tech":"Onshore","commissioning_year":2018},"geometry":{"type":"Point","coordinates":[2.177,43.005]}},{"type":"Feature","properties":{"id":"ppm-fr-7161","name":"Fresnoy Bancourt Wind Farm","capacity_mw":14.0,"fuel_type":"wind","status":"operational","precision":"approximate","source":"powerplantmatching v0.9.0, 2026-10-03 · Global Energy Monitor, OpenStreetMap","source_url":"https://www.openstreetmap.org/relation/7943920","tech":"Onshore","commissioning_year":2014},"geometry":{"type":"Point","coordinates":[3.389,49.962]}},{"type":"Feature","properties":{"id":"ppm-fr-7171","name":"Forbach Confidentiel Solar Farm","capacity_mw":14.0,"fuel_type":"solar","status":"operational","precision":"approximate","source":"powerplantmatching v0.9.0, 2026-10-03 · Global Energy Monitor, OpenStreetMap","source_url":"https://www.openstreetmap.org/way/672680003","tech":"PV","commissioning_year":2020},"geometry":{"type":"Point","coordinates":[6.875,49.184]}},{"type":"Feature","properties":{"id":"ppm-fr-7214","name":"Energie Boule Bleue Wind Farm","capacity_mw":14.0,"fuel_type":"wind","status":"operational","precision":"approximate","source":"powerplantmatching v0.9.0, 2026-10-03 · Global Energy Monitor, OpenStreetMap","source_url":"https://www.openstreetmap.org/relation/9324761","tech":"Onshore","commissioning_year":2017},"geometry":{"type":"Point","coordinates":[3.071,49.963]}},{"type":"Feature","properties":{"id":"ppm-fr-7273","name":"Dye Wind Farm","capacity_mw":14.0,"fuel_type":"wind","status":"operational","precision":"approximate","source":"powerplantmatching v0.9.0, 2026-10-03 · Global Energy Monitor, OpenStreetMap","source_url":"https://www.openstreetmap.org/relation/10073046","tech":"Onshore","commissioning_year":2017},"geometry":{"type":"Point","coordinates":[3.848,47.882]}},{"type":"Feature","properties":{"id":"ppm-fr-7296","name":"Chery Wind Farm","capacity_mw":14.0,"fuel_type":"wind","status":"operational","precision":"approximate","source":"powerplantmatching v0.9.0, 2026-10-03 · Global Energy Monitor, OpenStreetMap","source_url":"https://www.openstreetmap.org/relation/7320895","tech":"Onshore","commissioning_year":2012},"geometry":{"type":"Point","coordinates":[2.026,47.133]}},{"type":"Feature","properties":{"id":"ppm-fr-7432","name":"Chappes Et Remaucourt Wind Farm","capacity_mw":14.0,"fuel_type":"wind","status":"operational","precision":"approximate","source":"powerplantmatching v0.9.0, 2026-10-03 · Global Energy Monitor, OpenStreetMap","source_url":"https://www.openstreetmap.org/relation/10778855","tech":"Onshore","commissioning_year":2018},"geometry":{"type":"Point","coordinates":[4.248,49.602]}},{"type":"Feature","properties":{"id":"ppm-fr-7442","name":"Butte De Soigny Wind Farm","capacity_mw":14.0,"fuel_type":"wind","status":"operational","precision":"approximate","source":"powerplantmatching v0.9.0, 2026-10-03 · Global Energy Monitor, OpenStreetMap","source_url":"https://www.openstreetmap.org/relation/10775438","tech":"Onshore","commissioning_year":2019},"geometry":{"type":"Point","coordinates":[3.639,48.829]}},{"type":"Feature","properties":{"id":"ppm-fr-7446","name":"Calmont Wind Farm","capacity_mw":14.0,"fuel_type":"wind","status":"operational","precision":"approximate","source":"powerplantmatching v0.9.0, 2026-10-03 · Global Energy Monitor, OpenStreetMap","source_url":"https://www.openstreetmap.org/relation/7992804","tech":"Onshore","commissioning_year":2015},"geometry":{"type":"Point","coordinates":[1.616,43.324]}},{"type":"Feature","properties":{"id":"ppm-fr-7473","name":"Bois Du Frou Wind Farm","capacity_mw":14.0,"fuel_type":"wind","status":"operational","precision":"approximate","source":"powerplantmatching v0.9.0, 2026-10-03 · Global Energy Monitor, OpenStreetMap","source_url":"https://www.openstreetmap.org/relation/14034957","tech":"Onshore","commissioning_year":2021},"geometry":{"type":"Point","coordinates":[1.955,48.212]}},{"type":"Feature","properties":{"id":"ppm-fr-7490","name":"Castanet Wind Farm","capacity_mw":14.0,"fuel_type":"wind","status":"operational","precision":"approximate","source":"powerplantmatching v0.9.0, 2026-10-03 · Global Energy Monitor, OpenStreetMap","source_url":"https://www.openstreetmap.org/relation/4037950","tech":"Onshore","commissioning_year":2008},"geometry":{"type":"Point","coordinates":[2.91,43.66]}},{"type":"Feature","properties":{"id":"ppm-fr-7500","name":"Canehan Wind Farm","capacity_mw":14.0,"fuel_type":"wind","status":"operational","precision":"approximate","source":"powerplantmatching v0.9.0, 2026-10-03 · Global Energy Monitor, OpenStreetMap","source_url":"https://www.openstreetmap.org/relation/7970530","tech":"Onshore","commissioning_year":2015},"geometry":{"type":"Point","coordinates":[1.332,49.971]}},{"type":"Feature","properties":{"id":"ppm-fr-7610","name":"Biterne Sud Wind Farm","capacity_mw":14.0,"fuel_type":"wind","status":"operational","precision":"approximate","source":"powerplantmatching v0.9.0, 2026-10-03 · Global Energy Monitor, OpenStreetMap","source_url":"https://www.openstreetmap.org/relation/13018174","tech":"Onshore","commissioning_year":2020},"geometry":{"type":"Point","coordinates":[-2.221,48.325]}},{"type":"Feature","properties":{"id":"ppm-fr-7614","name":"Blanc Mont Wind Farm","capacity_mw":14.0,"fuel_type":"wind","status":"operational","precision":"approximate","source":"powerplantmatching v0.9.0, 2026-10-03 · Global Energy Monitor, OpenStreetMap","source_url":"https://www.openstreetmap.org/relation/7943921","tech":"Onshore","commissioning_year":2016},"geometry":{"type":"Point","coordinates":[4.029,49.511]}},{"type":"Feature","properties":{"id":"ppm-fr-9664","name":"Chatel Montagne","capacity_mw":14.0,"fuel_type":"hydro","status":"operational","precision":"approximate","source":"powerplantmatching v0.9.0, 2026-10-03 · Global Hydropower Resources, OpenStreetMap","source_url":"https://www.openstreetmap.org/relation/3107017","tech":"Run-Of-River","commissioning_year":1970},"geometry":{"type":"Point","coordinates":[6.472,45.211]}},{"type":"Feature","properties":{"id":"ppm-fr-15708","name":"Dameraucourt Wind Farm","capacity_mw":14.0,"fuel_type":"wind","status":"operational","precision":"approximate","source":"powerplantmatching v0.9.0, 2026-10-03 · Global Energy Monitor","source_url":"https://github.com/PyPSA/powerplantmatching","tech":"Onshore","commissioning_year":2018},"geometry":{"type":"Point","coordinates":[1.925,49.698]}},{"type":"Feature","properties":{"id":"ppm-fr-16555","name":"Evits Et Josaphat Wind Farm","capacity_mw":14.0,"fuel_type":"wind","status":"operational","precision":"approximate","source":"powerplantmatching v0.9.0, 2026-10-03 · Global Energy Monitor","source_url":"https://github.com/PyPSA/powerplantmatching","tech":"Onshore","commissioning_year":2022},"geometry":{"type":"Point","coordinates":[1.799,48.335]}},{"type":"Feature","properties":{"id":"ppm-fr-22365","name":"Plestan Wind Farm","capacity_mw":14.0,"fuel_type":"wind","status":"operational","precision":"approximate","source":"powerplantmatching v0.9.0, 2026-10-03 · Global Energy Monitor","source_url":"https://github.com/PyPSA/powerplantmatching","tech":"Onshore","commissioning_year":2007},"geometry":{"type":"Point","coordinates":[-2.422,48.424]}},{"type":"Feature","properties":{"id":"ppm-fr-22397","name":"Plougras Wind Farm","capacity_mw":14.0,"fuel_type":"wind","status":"operational","precision":"approximate","source":"powerplantmatching v0.9.0, 2026-10-03 · Global Energy Monitor","source_url":"https://github.com/PyPSA/powerplantmatching","tech":"Onshore","commissioning_year":2003},"geometry":{"type":"Point","coordinates":[-3.576,48.49]}},{"type":"Feature","properties":{"id":"ppm-fr-25562","name":"Vallee De Herault Wind Farm","capacity_mw":14.0,"fuel_type":"wind","status":"operational","precision":"approximate","source":"powerplantmatching v0.9.0, 2026-10-03 · Global Energy Monitor","source_url":"https://github.com/PyPSA/powerplantmatching","tech":"Onshore","commissioning_year":2014},"geometry":{"type":"Point","coordinates":[3.627,43.576]}},{"type":"Feature","properties":{"id":"ppm-fr-6707","name":"Loubressac Confidentiel Solar Farm","capacity_mw":13.9,"fuel_type":"solar","status":"operational","precision":"approximate","source":"powerplantmatching v0.9.0, 2026-10-03 · Global Energy Monitor, OpenStreetMap","source_url":"https://www.openstreetmap.org/way/986679821","tech":"PV","commissioning_year":2021},"geometry":{"type":"Point","coordinates":[1.804,44.872]}},{"type":"Feature","properties":{"id":"ppm-fr-22126","name":"Photosol Spv Solar","capacity_mw":13.9,"fuel_type":"solar","status":"operational","precision":"approximate","source":"powerplantmatching v0.9.0, 2026-10-03 · Global Energy Monitor","source_url":"https://github.com/PyPSA/powerplantmatching","tech":"PV","commissioning_year":2024},"geometry":{"type":"Point","coordinates":[0.484,45.552]}},{"type":"Feature","properties":{"id":"ppm-fr-7337","name":"Coteaux Wind Farm","capacity_mw":13.8,"fuel_type":"wind","status":"operational","precision":"approximate","source":"powerplantmatching v0.9.0, 2026-10-03 · Global Energy Monitor, OpenStreetMap","source_url":"https://www.openstreetmap.org/relation/6622015","tech":"Onshore","commissioning_year":2015},"geometry":{"type":"Point","coordinates":[-1.278,47.611]}},{"type":"Feature","properties":{"id":"ppm-fr-7489","name":"Carcares Solar","capacity_mw":13.8,"fuel_type":"solar","status":"operational","precision":"approximate","source":"powerplantmatching v0.9.0, 2026-10-03 · Global Energy Monitor, OpenStreetMap","source_url":"https://www.openstreetmap.org/relation/18267967","tech":"PV","commissioning_year":2014},"geometry":{"type":"Point","coordinates":[-0.798,43.862]}},{"type":"Feature","properties":{"id":"ppm-fr-14962","name":"Centrale Solaire Cln Solar Farm","capacity_mw":13.8,"fuel_type":"solar","status":"operational","precision":"approximate","source":"powerplantmatching v0.9.0, 2026-10-03 · Global Energy Monitor","source_url":"https://github.com/PyPSA/powerplantmatching","tech":"PV","commissioning_year":2021},"geometry":{"type":"Point","coordinates":[-0.568,43.371]}},{"type":"Feature","properties":{"id":"ppm-fr-15086","name":"Chatres Wind Farm","capacity_mw":13.8,"fuel_type":"wind","status":"operational","precision":"approximate","source":"powerplantmatching v0.9.0, 2026-10-03 · Global Energy Monitor","source_url":"https://github.com/PyPSA/powerplantmatching","tech":"Onshore"},"geometry":{"type":"Point","coordinates":[2.816,48.715]}},{"type":"Feature","properties":{"id":"ppm-fr-19709","name":"Les Huchanes Solar","capacity_mw":13.8,"fuel_type":"solar","status":"operational","precision":"approximate","source":"powerplantmatching v0.9.0, 2026-10-03 · Global Energy Monitor","source_url":"https://github.com/PyPSA/powerplantmatching","tech":"PV","commissioning_year":2025},"geometry":{"type":"Point","coordinates":[6.233,43.564]}},{"type":"Feature","properties":{"id":"ppm-fr-3387","name":"Le Soler Confidentiel Solar Farm","capacity_mw":13.7,"fuel_type":"solar","status":"operational","precision":"approximate","source":"powerplantmatching v0.9.0, 2026-10-03 · Global Energy Monitor, WRI GPPD, OpenStreetMap","source_url":"https://www.openstreetmap.org/relation/8553917","tech":"PV","commissioning_year":2016},"geometry":{"type":"Point","coordinates":[2.801,42.682]}},{"type":"Feature","properties":{"id":"ppm-fr-6548","name":"Pleugriffet Confidentiel Solar Farm","capacity_mw":13.7,"fuel_type":"solar","status":"operational","precision":"approximate","source":"powerplantmatching v0.9.0, 2026-10-03 · Global Energy Monitor, OpenStreetMap","source_url":"https://www.openstreetmap.org/relation/18262482","tech":"PV","commissioning_year":2022},"geometry":{"type":"Point","coordinates":[-2.686,47.989]}},{"type":"Feature","properties":{"id":"ppm-fr-6669","name":"Oxelaere Confidentiel Solar Farm","capacity_mw":13.7,"fuel_type":"solar","status":"operational","precision":"approximate","source":"powerplantmatching v0.9.0, 2026-10-03 · Global Energy Monitor, OpenStreetMap","source_url":"https://www.openstreetmap.org/way/67408504","tech":"PV","commissioning_year":2021},"geometry":{"type":"Point","coordinates":[2.476,50.789]}},{"type":"Feature","properties":{"id":"ppm-fr-13767","name":"Bordeaux Confidentiel Solar Farm","capacity_mw":13.6,"fuel_type":"solar","status":"operational","precision":"approximate","source":"powerplantmatching v0.9.0, 2026-10-03 · Global Energy Monitor","source_url":"https://github.com/PyPSA/powerplantmatching","tech":"PV","commissioning_year":2012},"geometry":{"type":"Point","coordinates":[-0.58,44.841]}},{"type":"Feature","properties":{"id":"ppm-fr-7464","name":"Centrale Solaire De Lourches Solar Farm","capacity_mw":13.5,"fuel_type":"solar","status":"operational","precision":"approximate","source":"powerplantmatching v0.9.0, 2026-10-03 · Global Energy Monitor, OpenStreetMap","source_url":"https://www.openstreetmap.org/way/1152688711","tech":"PV","commissioning_year":2021},"geometry":{"type":"Point","coordinates":[3.353,50.315]}},{"type":"Feature","properties":{"id":"ppm-fr-7628","name":"Bena Wind Farm","capacity_mw":13.5,"fuel_type":"wind","status":"operational","precision":"approximate","source":"powerplantmatching v0.9.0, 2026-10-03 · Global Energy Monitor, OpenStreetMap","source_url":"https://www.openstreetmap.org/relation/17240173","tech":"Onshore","commissioning_year":2023},"geometry":{"type":"Point","coordinates":[0.135,46.217]}},{"type":"Feature","properties":{"id":"ppm-fr-20330","name":"Marillac Solar","capacity_mw":13.5,"fuel_type":"solar","status":"operational","precision":"approximate","source":"powerplantmatching v0.9.0, 2026-10-03 · Global Energy Monitor","source_url":"https://github.com/PyPSA/powerplantmatching","tech":"PV","commissioning_year":2020},"geometry":{"type":"Point","coordinates":[0.436,45.74]}},{"type":"Feature","properties":{"id":"ppm-fr-21548","name":"Ombiere Walons Solar Farm","capacity_mw":13.5,"fuel_type":"solar","status":"operational","precision":"approximate","source":"powerplantmatching v0.9.0, 2026-10-03 · Global Energy Monitor","source_url":"https://github.com/PyPSA/powerplantmatching","tech":"PV","commissioning_year":2016},"geometry":{"type":"Point","coordinates":[2.871,42.768]}},{"type":"Feature","properties":{"id":"ppm-fr-23502","name":"Salzuit Solar Farm","capacity_mw":13.5,"fuel_type":"solar","status":"operational","precision":"approximate","source":"powerplantmatching v0.9.0, 2026-10-03 · Global Energy Monitor","source_url":"https://github.com/PyPSA/powerplantmatching","tech":"PV","commissioning_year":2012},"geometry":{"type":"Point","coordinates":[3.49,45.199]}},{"type":"Feature","properties":{"id":"ppm-fr-7190","name":"Fanjeaux Confidentiel Solar Farm","capacity_mw":13.4,"fuel_type":"solar","status":"operational","precision":"approximate","source":"powerplantmatching v0.9.0, 2026-10-03 · Global Energy Monitor, OpenStreetMap","source_url":"https://www.openstreetmap.org/way/1125232107","tech":"PV","commissioning_year":2021},"geometry":{"type":"Point","coordinates":[2.034,43.185]}},{"type":"Feature","properties":{"id":"ppm-fr-7255","name":"Cruscades Wind Farm","capacity_mw":13.4,"fuel_type":"wind","status":"operational","precision":"approximate","source":"powerplantmatching v0.9.0, 2026-10-03 · Global Energy Monitor, OpenStreetMap","source_url":"https://www.openstreetmap.org/relation/17238327","tech":"Onshore","commissioning_year":2011},"geometry":{"type":"Point","coordinates":[2.815,43.2]}},{"type":"Feature","properties":{"id":"ppm-fr-1910","name":"Claux","capacity_mw":13.3,"fuel_type":"hydro","status":"operational","precision":"approximate","source":"powerplantmatching v0.9.0, 2026-10-03 · JRC (European Commission), Global Hydropower Resources, OpenStreetMap, GEO","source_url":"https://www.openstreetmap.org/way/64209606","tech":"Reservoir","commissioning_year":1932},"geometry":{"type":"Point","coordinates":[6.48,44.876]}},{"type":"Feature","properties":{"id":"ppm-fr-23189","name":"Roquefort Des Corbieres Confidentiel Solar Farm","capacity_mw":13.3,"fuel_type":"solar","status":"operational","precision":"approximate","source":"powerplantmatching v0.9.0, 2026-10-03 · Global Energy Monitor","source_url":"https://github.com/PyPSA/powerplantmatching","tech":"PV","commissioning_year":2011},"geometry":{"type":"Point","coordinates":[2.952,42.992]}},{"type":"Feature","properties":{"id":"ppm-fr-6524","name":"Pvs Nr Buzancais Solar","capacity_mw":13.2,"fuel_type":"solar","status":"operational","precision":"approximate","source":"powerplantmatching v0.9.0, 2026-10-03 · Global Energy Monitor, OpenStreetMap","source_url":"https://www.openstreetmap.org/way/1376896039","tech":"PV","commissioning_year":2025},"geometry":{"type":"Point","coordinates":[1.423,46.889]}},{"type":"Feature","properties":{"id":"ppm-fr-6618","name":"Nieuil Lussac Wind Farm","capacity_mw":13.2,"fuel_type":"wind","status":"operational","precision":"approximate","source":"powerplantmatching v0.9.0, 2026-10-03 · Global Energy Monitor, OpenStreetMap","source_url":"https://www.openstreetmap.org/relation/14997894","tech":"Onshore","commissioning_year":2022},"geometry":{"type":"Point","coordinates":[0.476,45.868]}},{"type":"Feature","properties":{"id":"ppm-fr-6625","name":"Pivoines Wind Farm","capacity_mw":13.2,"fuel_type":"wind","status":"operational","precision":"approximate","source":"powerplantmatching v0.9.0, 2026-10-03 · Global Energy Monitor, OpenStreetMap","source_url":"https://www.openstreetmap.org/relation/20125129","tech":"Onshore","commissioning_year":2025},"geometry":{"type":"Point","coordinates":[3.877,47.871]}},{"type":"Feature","properties":{"id":"ppm-fr-6712","name":"Lidrezing Wind Farm","capacity_mw":13.2,"fuel_type":"wind","status":"operational","precision":"approximate","source":"powerplantmatching v0.9.0, 2026-10-03 · Global Energy Monitor, OpenStreetMap","source_url":"https://www.openstreetmap.org/relation/14384055","tech":"Onshore","commissioning_year":2021},"geometry":{"type":"Point","coordinates":[6.702,48.88]}},{"type":"Feature","properties":{"id":"ppm-fr-6752","name":"Marcheville Wind Farm","capacity_mw":13.2,"fuel_type":"wind","status":"operational","precision":"approximate","source":"powerplantmatching v0.9.0, 2026-10-03 · Global Energy Monitor, OpenStreetMap","source_url":"https://www.openstreetmap.org/relation/17079753","tech":"Onshore","commissioning_year":2020},"geometry":{"type":"Point","coordinates":[1.246,48.354]}},{"type":"Feature","properties":{"id":"ppm-fr-6864","name":"Jans Wind Farm","capacity_mw":13.2,"fuel_type":"wind","status":"operational","precision":"approximate","source":"powerplantmatching v0.9.0, 2026-10-03 · Global Energy Monitor, OpenStreetMap","source_url":"https://www.openstreetmap.org/relation/17075274","tech":"Onshore","commissioning_year":2023},"geometry":{"type":"Point","coordinates":[-1.595,47.612]}},{"type":"Feature","properties":{"id":"ppm-fr-7098","name":"Grande Lande Wind Farm","capacity_mw":13.2,"fuel_type":"wind","status":"operational","precision":"approximate","source":"powerplantmatching v0.9.0, 2026-10-03 · Global Energy Monitor, OpenStreetMap","source_url":"https://www.openstreetmap.org/relation/15586448","tech":"Onshore","commissioning_year":2022},"geometry":{"type":"Point","coordinates":[-1.095,47.864]}},{"type":"Feature","properties":{"id":"ppm-fr-7228","name":"De Thouiller Wind Farm","capacity_mw":13.2,"fuel_type":"wind","status":"operational","precision":"approximate","source":"powerplantmatching v0.9.0, 2026-10-03 · Global Energy Monitor, OpenStreetMap","source_url":"https://www.openstreetmap.org/relation/13090775","tech":"Onshore","commissioning_year":2020},"geometry":{"type":"Point","coordinates":[1.075,46.355]}},{"type":"Feature","properties":{"id":"ppm-fr-7477","name":"Bois Madame Wind Farm","capacity_mw":13.2,"fuel_type":"wind","status":"operational","precision":"approximate","source":"powerplantmatching v0.9.0, 2026-10-03 · Global Energy Monitor, OpenStreetMap","source_url":"https://www.openstreetmap.org/relation/13260306","tech":"Onshore","commissioning_year":2020},"geometry":{"type":"Point","coordinates":[2.723,49.785]}},{"type":"Feature","properties":{"id":"ppm-fr-20309","name":"Marcille Raoul Wind Farm","capacity_mw":13.2,"fuel_type":"wind","status":"operational","precision":"approximate","source":"powerplantmatching v0.9.0, 2026-10-03 · Global Energy Monitor","source_url":"https://github.com/PyPSA/powerplantmatching","tech":"Onshore","commissioning_year":2024},"geometry":{"type":"Point","coordinates":[-1.667,48.308]}},{"type":"Feature","properties":{"id":"ppm-fr-25721","name":"Verte Epine Wind Farm","capacity_mw":13.2,"fuel_type":"wind","status":"operational","precision":"approximate","source":"powerplantmatching v0.9.0, 2026-10-03 · Global Energy Monitor","source_url":"https://github.com/PyPSA/powerplantmatching","tech":"Onshore","commissioning_year":2022},"geometry":{"type":"Point","coordinates":[-0.092,44.97]}},{"type":"Feature","properties":{"id":"ppm-fr-7093","name":"Hauconcourt Confidentiel Solar","capacity_mw":13.1,"fuel_type":"solar","status":"operational","precision":"approximate","source":"powerplantmatching v0.9.0, 2026-10-03 · Global Energy Monitor, OpenStreetMap","source_url":"https://www.openstreetmap.org/way/1170910772","tech":"PV","commissioning_year":2023},"geometry":{"type":"Point","coordinates":[6.193,49.219]}},{"type":"Feature","properties":{"id":"ppm-fr-7613","name":"Blajan Confidentiel Solar Farm","capacity_mw":13.1,"fuel_type":"solar","status":"operational","precision":"approximate","source":"powerplantmatching v0.9.0, 2026-10-03 · Global Energy Monitor, OpenStreetMap","source_url":"https://www.openstreetmap.org/relation/13258920","tech":"PV","commissioning_year":2021},"geometry":{"type":"Point","coordinates":[0.645,43.275]}},{"type":"Feature","properties":{"id":"ppm-fr-21134","name":"Nimes Confidentiel Solar Farm","capacity_mw":13.1,"fuel_type":"solar","status":"operational","precision":"approximate","source":"powerplantmatching v0.9.0, 2026-10-03 · Global Energy Monitor","source_url":"https://github.com/PyPSA/powerplantmatching","tech":"PV","commissioning_year":2011},"geometry":{"type":"Point","coordinates":[4.36,43.837]}},{"type":"Feature","properties":{"id":"ppm-fr-6865","name":"Jasseines Wind Farm","capacity_mw":13.0,"fuel_type":"wind","status":"operational","precision":"approximate","source":"powerplantmatching v0.9.0, 2026-10-03 · Global Energy Monitor, OpenStreetMap","source_url":"https://www.openstreetmap.org/relation/10775440","tech":"Onshore","commissioning_year":2019},"geometry":{"type":"Point","coordinates":[4.387,48.485]}},{"type":"Feature","properties":{"id":"ppm-fr-7149","name":"Haute Borne Wind Farm","capacity_mw":13.0,"fuel_type":"wind","status":"operational","precision":"approximate","source":"powerplantmatching v0.9.0, 2026-10-03 · Global Energy Monitor, OpenStreetMap","source_url":"https://www.openstreetmap.org/relation/10110271","tech":"Onshore","commissioning_year":2017},"geometry":{"type":"Point","coordinates":[2.787,49.785]}},{"type":"Feature","properties":{"id":"ppm-fr-7408","name":"Centrale Pv Pargny Les Reims Solar","capacity_mw":13.0,"fuel_type":"solar","status":"operational","precision":"approximate","source":"powerplantmatching v0.9.0, 2026-10-03 · Global Energy Monitor, OpenStreetMap","source_url":"https://www.openstreetmap.org/relation/19437045","tech":"PV","commissioning_year":2025},"geometry":{"type":"Point","coordinates":[3.925,49.22]}},{"type":"Feature","properties":{"id":"ppm-fr-7484","name":"Centrale Pv De Cruis Solar","capacity_mw":13.0,"fuel_type":"solar","status":"operational","precision":"approximate","source":"powerplantmatching v0.9.0, 2026-10-03 · Global Energy Monitor, OpenStreetMap","source_url":"https://www.openstreetmap.org/relation/18207871","tech":"PV","commissioning_year":2024},"geometry":{"type":"Point","coordinates":[5.836,44.062]}},{"type":"Feature","properties":{"id":"ppm-fr-15119","name":"Cherves Chatelars Confidentiel Solar","capacity_mw":13.0,"fuel_type":"solar","status":"operational","precision":"approximate","source":"powerplantmatching v0.9.0, 2026-10-03 · Global Energy Monitor","source_url":"https://github.com/PyPSA/powerplantmatching","tech":"PV","commissioning_year":2024},"geometry":{"type":"Point","coordinates":[0.545,45.81]}},{"type":"Feature","properties":{"id":"ppm-fr-19371","name":"Lambrun Solar Farm","capacity_mw":13.0,"fuel_type":"solar","status":"construction","precision":"approximate","source":"powerplantmatching v0.9.0, 2026-10-03 · Global Energy Monitor","source_url":"https://github.com/PyPSA/powerplantmatching","tech":"PV","commissioning_year":2026},"geometry":{"type":"Point","coordinates":[-1.338,47.56]}},{"type":"Feature","properties":{"id":"ppm-fr-25560","name":"Vallee De Aa Wind Farm","capacity_mw":13.0,"fuel_type":"wind","status":"operational","precision":"approximate","source":"powerplantmatching v0.9.0, 2026-10-03 · Global Energy Monitor","source_url":"https://github.com/PyPSA/powerplantmatching","tech":"Onshore","commissioning_year":2018},"geometry":{"type":"Point","coordinates":[2.14,50.615]}},{"type":"Feature","properties":{"id":"ppm-fr-7525","name":"Bouloc Confidentiel Solar Farm","capacity_mw":12.9,"fuel_type":"solar","status":"operational","precision":"approximate","source":"powerplantmatching v0.9.0, 2026-10-03 · Global Energy Monitor, OpenStreetMap","source_url":"https://www.openstreetmap.org/way/224955937","tech":"PV","commissioning_year":2011},"geometry":{"type":"Point","coordinates":[1.416,43.775]}},{"type":"Feature","properties":{"id":"ppm-fr-15844","name":"Dijon Confidentiel Solar Farm","capacity_mw":12.8,"fuel_type":"solar","status":"operational","precision":"approximate","source":"powerplantmatching v0.9.0, 2026-10-03 · Global Energy Monitor","source_url":"https://github.com/PyPSA/powerplantmatching","tech":"PV","commissioning_year":2020},"geometry":{"type":"Point","coordinates":[5.042,47.322]}},{"type":"Feature","properties":{"id":"ppm-fr-7306","name":"Cs Ficon Solar Farm","capacity_mw":12.7,"fuel_type":"solar","status":"operational","precision":"approximate","source":"powerplantmatching v0.9.0, 2026-10-03 · Global Energy Monitor, OpenStreetMap","source_url":"https://www.openstreetmap.org/relation/18258257","tech":"PV","commissioning_year":2011},"geometry":{"type":"Point","coordinates":[1.312,43.498]}},{"type":"Feature","properties":{"id":"ppm-fr-13375","name":"Bessieres Confidentiel Solar Farm","capacity_mw":12.7,"fuel_type":"solar","status":"operational","precision":"approximate","source":"powerplantmatching v0.9.0, 2026-10-03 · Global Energy Monitor","source_url":"https://github.com/PyPSA/powerplantmatching","tech":"PV","commissioning_year":2020},"geometry":{"type":"Point","coordinates":[1.616,43.793]}},{"type":"Feature","properties":{"id":"ppm-fr-15529","name":"Cs Base Solar Farm","capacity_mw":12.7,"fuel_type":"solar","status":"operational","precision":"approximate","source":"powerplantmatching v0.9.0, 2026-10-03 · Global Energy Monitor","source_url":"https://github.com/PyPSA/powerplantmatching","tech":"PV","commissioning_year":2020},"geometry":{"type":"Point","coordinates":[4.053,49.285]}},{"type":"Feature","properties":{"id":"ppm-fr-6436","name":"Tritteling Redlach Confidentiel Solar","capacity_mw":12.6,"fuel_type":"solar","status":"operational","precision":"approximate","source":"powerplantmatching v0.9.0, 2026-10-03 · Global Energy Monitor, OpenStreetMap","source_url":"https://www.openstreetmap.org/way/1074497924","tech":"PV","commissioning_year":2022},"geometry":{"type":"Point","coordinates":[6.619,49.079]}},{"type":"Feature","properties":{"id":"ppm-fr-6774","name":"Lepaud Confidentiel Solar Farm","capacity_mw":12.6,"fuel_type":"solar","status":"operational","precision":"approximate","source":"powerplantmatching v0.9.0, 2026-10-03 · Global Energy Monitor, OpenStreetMap","source_url":"https://www.openstreetmap.org/relation/13953234","tech":"PV","commissioning_year":2021},"geometry":{"type":"Point","coordinates":[2.387,46.239]}},{"type":"Feature","properties":{"id":"ppm-fr-7514","name":"Brandes Communales De Chateau Garnier Wind Farm","capacity_mw":12.6,"fuel_type":"wind","status":"operational","precision":"approximate","source":"powerplantmatching v0.9.0, 2026-10-03 · Global Energy Monitor, OpenStreetMap","source_url":"https://www.openstreetmap.org/relation/18986009","tech":"Onshore","commissioning_year":2024},"geometry":{"type":"Point","coordinates":[0.424,46.27]}},{"type":"Feature","properties":{"id":"ppm-fr-19218","name":"La Besse Wind Farm","capacity_mw":12.6,"fuel_type":"wind","status":"operational","precision":"approximate","source":"powerplantmatching v0.9.0, 2026-10-03 · Global Energy Monitor","source_url":"https://github.com/PyPSA/powerplantmatching","tech":"Onshore"},"geometry":{"type":"Point","coordinates":[0.596,45.823]}},{"type":"Feature","properties":{"id":"ppm-fr-3389","name":"Besse Sur Issole Confidentiel Solar Farm","capacity_mw":12.5,"fuel_type":"solar","status":"operational","precision":"approximate","source":"powerplantmatching v0.9.0, 2026-10-03 · Global Energy Monitor, WRI GPPD, OpenStreetMap","source_url":"https://www.openstreetmap.org/way/612716641","tech":"PV","commissioning_year":2013},"geometry":{"type":"Point","coordinates":[6.177,43.349]}},{"type":"Feature","properties":{"id":"ppm-fr-6427","name":"Sennecey Le Grand Solar","capacity_mw":12.5,"fuel_type":"solar","status":"operational","precision":"approximate","source":"powerplantmatching v0.9.0, 2026-10-03 · Global Energy Monitor, OpenStreetMap","source_url":"https://www.openstreetmap.org/way/768108582","tech":"PV","commissioning_year":2024},"geometry":{"type":"Point","coordinates":[4.875,46.641]}},{"type":"Feature","properties":{"id":"ppm-fr-7269","name":"Cre Cs La Chapelle Gonaguet Solar Farm","capacity_mw":12.5,"fuel_type":"solar","status":"operational","precision":"approximate","source":"powerplantmatching v0.9.0, 2026-10-03 · Global Energy Monitor, OpenStreetMap","source_url":"https://www.openstreetmap.org/way/1092763551","tech":"PV","commissioning_year":2021},"geometry":{"type":"Point","coordinates":[0.613,45.231]}},{"type":"Feature","properties":{"id":"ppm-fr-7423","name":"Centrale Pv Ottmarsheim Solar","capacity_mw":12.5,"fuel_type":"solar","status":"operational","precision":"approximate","source":"powerplantmatching v0.9.0, 2026-10-03 · Global Energy Monitor, OpenStreetMap","source_url":"https://www.openstreetmap.org/way/1215515261","tech":"PV","commissioning_year":2023},"geometry":{"type":"Point","coordinates":[7.51,47.789]}},{"type":"Feature","properties":{"id":"ppm-fr-16714","name":"Febvin Palfart Wind Farm","capacity_mw":12.5,"fuel_type":"wind","status":"operational","precision":"approximate","source":"powerplantmatching v0.9.0, 2026-10-03 · Global Energy Monitor","source_url":"https://github.com/PyPSA/powerplantmatching","tech":"Onshore"},"geometry":{"type":"Point","coordinates":[2.295,50.524]}},{"type":"Feature","properties":{"id":"ppm-fr-19721","name":"Les Pelures Blanches Wind Farm","capacity_mw":12.5,"fuel_type":"wind","status":"operational","precision":"approximate","source":"powerplantmatching v0.9.0, 2026-10-03 · Global Energy Monitor","source_url":"https://github.com/PyPSA/powerplantmatching","tech":"Onshore"},"geometry":{"type":"Point","coordinates":[2.009,46.955]}},{"type":"Feature","properties":{"id":"ppm-fr-6771","name":"Leforest Solar","capacity_mw":12.4,"fuel_type":"solar","status":"operational","precision":"approximate","source":"powerplantmatching v0.9.0, 2026-10-03 · Global Energy Monitor, OpenStreetMap","source_url":"https://www.openstreetmap.org/way/41726021","tech":"PV","commissioning_year":2024},"geometry":{"type":"Point","coordinates":[3.059,50.439]}},{"type":"Feature","properties":{"id":"ppm-fr-7652","name":"Azur Confidentiel Solar Farm","capacity_mw":12.4,"fuel_type":"solar","status":"operational","precision":"approximate","source":"powerplantmatching v0.9.0, 2026-10-03 · Global Energy Monitor, OpenStreetMap","source_url":"https://www.openstreetmap.org/way/1046151637","tech":"PV","commissioning_year":2019},"geometry":{"type":"Point","coordinates":[-1.299,43.798]}},{"type":"Feature","properties":{"id":"ppm-fr-3118","name":"En Sandarouy Solar Farm","capacity_mw":12.3,"fuel_type":"solar","status":"operational","precision":"approximate","source":"powerplantmatching v0.9.0, 2026-10-03 · Global Energy Monitor, WRI GPPD, OpenStreetMap","source_url":"https://www.openstreetmap.org/relation/10726125","tech":"PV","commissioning_year":2011},"geometry":{"type":"Point","coordinates":[0.404,43.514]}},{"type":"Feature","properties":{"id":"ppm-fr-7230","name":"Delouze Rosieres Wind Farm","capacity_mw":12.3,"fuel_type":"wind","status":"operational","precision":"approximate","source":"powerplantmatching v0.9.0, 2026-10-03 · Global Energy Monitor, OpenStreetMap","source_url":"https://www.openstreetmap.org/relation/6902144","tech":"Onshore","commissioning_year":2012},"geometry":{"type":"Point","coordinates":[5.529,48.575]}},{"type":"Feature","properties":{"id":"ppm-fr-7683","name":"Ambillou Confidentiel Solar Farm","capacity_mw":12.3,"fuel_type":"solar","status":"operational","precision":"approximate","source":"powerplantmatching v0.9.0, 2026-10-03 · Global Energy Monitor, OpenStreetMap","source_url":"https://www.openstreetmap.org/way/1092759381","tech":"PV","commissioning_year":2020},"geometry":{"type":"Point","coordinates":[0.446,47.452]}},{"type":"Feature","properties":{"id":"ppm-fr-7440","name":"Bruz Confidentiel Solar Farm","capacity_mw":12.2,"fuel_type":"solar","status":"operational","precision":"approximate","source":"powerplantmatching v0.9.0, 2026-10-03 · Global Energy Monitor, OpenStreetMap","source_url":"https://www.openstreetmap.org/way/523181735","tech":"PV","commissioning_year":2021},"geometry":{"type":"Point","coordinates":[-1.747,48.025]}},{"type":"Feature","properties":{"id":"ppm-fr-7642","name":"Baraize Confidentiel Solar Farm","capacity_mw":12.2,"fuel_type":"solar","status":"operational","precision":"approximate","source":"powerplantmatching v0.9.0, 2026-10-03 · Global Energy Monitor, OpenStreetMap","source_url":"https://www.openstreetmap.org/relation/13953408","tech":"PV","commissioning_year":2021},"geometry":{"type":"Point","coordinates":[1.561,46.489]}},{"type":"Feature","properties":{"id":"ppm-fr-10636","name":"Getigne Confidentiel Solar","capacity_mw":12.2,"fuel_type":"solar","status":"operational","precision":"approximate","source":"powerplantmatching v0.9.0, 2026-10-03 · Global Energy Monitor, WRI GPPD","source_url":"https://github.com/PyPSA/powerplantmatching","tech":"PV","commissioning_year":2023},"geometry":{"type":"Point","coordinates":[-1.248,47.076]}},{"type":"Feature","properties":{"id":"ppm-fr-24098","name":"Solairemontjay Sorbiers Solar Farm","capacity_mw":12.2,"fuel_type":"solar","status":"operational","precision":"approximate","source":"powerplantmatching v0.9.0, 2026-10-03 · Global Energy Monitor","source_url":"https://github.com/PyPSA/powerplantmatching","tech":"PV","commissioning_year":2017},"geometry":{"type":"Point","coordinates":[5.585,44.368]}},{"type":"Feature","properties":{"id":"ppm-fr-6387","name":"Thenon Confidentiel Solar Farm","capacity_mw":12.1,"fuel_type":"solar","status":"operational","precision":"approximate","source":"powerplantmatching v0.9.0, 2026-10-03 · Global Energy Monitor, OpenStreetMap","source_url":"https://www.openstreetmap.org/way/986680993","tech":"PV","commissioning_year":2020},"geometry":{"type":"Point","coordinates":[1.07,45.137]}},{"type":"Feature","properties":{"id":"ppm-fr-514","name":"Ayssenes Le Truel Wind Farm","capacity_mw":12.0,"fuel_type":"wind","status":"operational","precision":"approximate","source":"powerplantmatching v0.9.0, 2026-10-03 · Global Energy Monitor, JRC (European Commission), Global Hydropower Resources, WRI GPPD, OpenStreetMap, GEO","source_url":"https://www.openstreetmap.org/relation/10149670","tech":"Onshore","commissioning_year":1958},"geometry":{"type":"Point","coordinates":[2.774,44.084]}},{"type":"Feature","properties":{"id":"ppm-fr-3319","name":"Parking Stva Bassens Solar Farm","capacity_mw":12.0,"fuel_type":"solar","status":"operational","precision":"approximate","source":"powerplantmatching v0.9.0, 2026-10-03 · Global Energy Monitor, WRI GPPD, OpenStreetMap","source_url":"https://www.openstreetmap.org/relation/10016135","tech":"PV","commissioning_year":2015},"geometry":{"type":"Point","coordinates":[-0.516,44.901]}},{"type":"Feature","properties":{"id":"ppm-fr-6228","name":"Vismes Au Val Wind Farm","capacity_mw":12.0,"fuel_type":"wind","status":"operational","precision":"approximate","source":"powerplantmatching v0.9.0, 2026-10-03 · Global Energy Monitor, OpenStreetMap","source_url":"https://www.openstreetmap.org/relation/7952578","tech":"Onshore","commissioning_year":2016},"geometry":{"type":"Point","coordinates":[1.657,49.981]}},{"type":"Feature","properties":{"id":"ppm-fr-6236","name":"Viertiville Wind Farm","capacity_mw":12.0,"fuel_type":"wind","status":"operational","precision":"approximate","source":"powerplantmatching v0.9.0, 2026-10-03 · Global Energy Monitor, OpenStreetMap","source_url":"https://www.openstreetmap.org/relation/7938728","tech":"Onshore","commissioning_year":2006},"geometry":{"type":"Point","coordinates":[1.45,47.9]}},{"type":"Feature","properties":{"id":"ppm-fr-6285","name":"Ypreville Bivelle Wind Farm","capacity_mw":12.0,"fuel_type":"wind","status":"operational","precision":"approximate","source":"powerplantmatching v0.9.0, 2026-10-03 · Global Energy Monitor, OpenStreetMap","source_url":"https://www.openstreetmap.org/relation/10110205","tech":"Onshore","commissioning_year":2017},"geometry":{"type":"Point","coordinates":[0.539,49.681]}},{"type":"Feature","properties":{"id":"ppm-fr-6323","name":"Trois Muids Wind Farm","capacity_mw":12.0,"fuel_type":"wind","status":"operational","precision":"approximate","source":"powerplantmatching v0.9.0, 2026-10-03 · Global Energy Monitor, OpenStreetMap","source_url":"https://www.openstreetmap.org/relation/2688551","tech":"Onshore","commissioning_year":2006},"geometry":{"type":"Point","coordinates":[1.69,48.083]}},{"type":"Feature","properties":{"id":"ppm-fr-6360","name":"Vallottes Wind Farm","capacity_mw":12.0,"fuel_type":"wind","status":"operational","precision":"approximate","source":"powerplantmatching v0.9.0, 2026-10-03 · Global Energy Monitor, OpenStreetMap","source_url":"https://www.openstreetmap.org/relation/6902156","tech":"Onshore","commissioning_year":2010},"geometry":{"type":"Point","coordinates":[5.527,48.635]}},{"type":"Feature","properties":{"id":"ppm-fr-6375","name":"Vallee Madame Wind Farm","capacity_mw":12.0,"fuel_type":"wind","status":"operational","precision":"approximate","source":"powerplantmatching v0.9.0, 2026-10-03 · Global Energy Monitor, OpenStreetMap","source_url":"https://www.openstreetmap.org/relation/7943903","tech":"Onshore","commissioning_year":2015},"geometry":{"type":"Point","coordinates":[2.108,49.904]}},{"type":"Feature","properties":{"id":"ppm-fr-6381","name":"Val Ay Wind Farm","capacity_mw":12.0,"fuel_type":"wind","status":"operational","precision":"approximate","source":"powerplantmatching v0.9.0, 2026-10-03 · Global Energy Monitor, OpenStreetMap","source_url":"https://www.openstreetmap.org/relation/9397252","tech":"Onshore","commissioning_year":2017},"geometry":{"type":"Point","coordinates":[4.52,45.142]}},{"type":"Feature","properties":{"id":"ppm-fr-6384","name":"Ternois Wind Farm","capacity_mw":12.0,"fuel_type":"wind","status":"operational","precision":"approximate","source":"powerplantmatching v0.9.0, 2026-10-03 · Global Energy Monitor, OpenStreetMap","source_url":"https://www.openstreetmap.org/relation/6094902","tech":"Onshore","commissioning_year":2011},"geometry":{"type":"Point","coordinates":[2.41,50.352]}},{"type":"Feature","properties":{"id":"ppm-fr-6425","name":"Selles Saint Denis Confidentiel Solar Farm","capacity_mw":12.0,"fuel_type":"solar","status":"operational","precision":"approximate","source":"powerplantmatching v0.9.0, 2026-10-03 · Global Energy Monitor, OpenStreetMap","source_url":"https://www.openstreetmap.org/relation/14351611","tech":"PV","commissioning_year":2021},"geometry":{"type":"Point","coordinates":[1.923,47.387]}},{"type":"Feature","properties":{"id":"ppm-fr-6433","name":"Tremeheuc Wind Farm","capacity_mw":12.0,"fuel_type":"wind","status":"operational","precision":"approximate","source":"powerplantmatching v0.9.0, 2026-10-03 · Global Energy Monitor, OpenStreetMap","source_url":"https://www.openstreetmap.org/relation/1813084","tech":"Onshore","commissioning_year":2008},"geometry":{"type":"Point","coordinates":[-1.707,48.438]}},{"type":"Feature","properties":{"id":"ppm-fr-6437","name":"Trois Eveques Wind Farm","capacity_mw":12.0,"fuel_type":"wind","status":"operational","precision":"approximate","source":"powerplantmatching v0.9.0, 2026-10-03 · Global Energy Monitor, OpenStreetMap","source_url":"https://www.openstreetmap.org/relation/4037978","tech":"Onshore","commissioning_year":2008},"geometry":{"type":"Point","coordinates":[2.572,43.435]}},{"type":"Feature","properties":{"id":"ppm-fr-6439","name":"Segur Wind Farm","capacity_mw":12.0,"fuel_type":"wind","status":"operational","precision":"approximate","source":"powerplantmatching v0.9.0, 2026-10-03 · Global Energy Monitor, OpenStreetMap","source_url":"https://www.openstreetmap.org/relation/1617587","tech":"Onshore","commissioning_year":2007},"geometry":{"type":"Point","coordinates":[2.863,44.239]}},{"type":"Feature","properties":{"id":"ppm-fr-6446","name":"Trebry Wind Farm","capacity_mw":12.0,"fuel_type":"wind","status":"operational","precision":"approximate","source":"powerplantmatching v0.9.0, 2026-10-03 · Global Energy Monitor, OpenStreetMap","source_url":"https://www.openstreetmap.org/relation/14385459","tech":"Onshore","commissioning_year":2021},"geometry":{"type":"Point","coordinates":[-2.559,48.312]}},{"type":"Feature","properties":{"id":"ppm-fr-6450","name":"Saint Servant Sur Oust Lizio Wind Farm","capacity_mw":12.0,"fuel_type":"wind","status":"operational","precision":"approximate","source":"powerplantmatching v0.9.0, 2026-10-03 · Global Energy Monitor, OpenStreetMap","source_url":"https://www.openstreetmap.org/relation/6017180","tech":"Onshore","commissioning_year":2009},"geometry":{"type":"Point","coordinates":[-2.515,47.895]}},{"type":"Feature","properties":{"id":"ppm-fr-6480","name":"Saint Barnabe Wind Farm","capacity_mw":12.0,"fuel_type":"wind","status":"operational","precision":"approximate","source":"powerplantmatching v0.9.0, 2026-10-03 · Global Energy Monitor, OpenStreetMap","source_url":"https://www.openstreetmap.org/relation/6017172","tech":"Onshore","commissioning_year":2007},"geometry":{"type":"Point","coordinates":[-2.726,48.12]}},{"type":"Feature","properties":{"id":"ppm-fr-6487","name":"Saint Fraigne Wind Farm","capacity_mw":12.0,"fuel_type":"wind","status":"operational","precision":"approximate","source":"powerplantmatching v0.9.0, 2026-10-03 · Global Energy Monitor, OpenStreetMap","source_url":"https://www.openstreetmap.org/relation/6002517","tech":"Onshore","commissioning_year":2011},"geometry":{"type":"Point","coordinates":[0.011,45.977]}},{"type":"Feature","properties":{"id":"ppm-fr-6488","name":"Rully Wind Farm","capacity_mw":12.0,"fuel_type":"wind","status":"operational","precision":"approximate","source":"powerplantmatching v0.9.0, 2026-10-03 · Global Energy Monitor, OpenStreetMap","source_url":"https://www.openstreetmap.org/relation/7970505","tech":"Onshore","commissioning_year":2010},"geometry":{"type":"Point","coordinates":[-0.707,48.828]}},{"type":"Feature","properties":{"id":"ppm-fr-6490","name":"Sainbois Wind Farm","capacity_mw":12.0,"fuel_type":"wind","status":"operational","precision":"approximate","source":"powerplantmatching v0.9.0, 2026-10-03 · Global Energy Monitor, OpenStreetMap","source_url":"https://www.openstreetmap.org/relation/7938738","tech":"Onshore","commissioning_year":2006},"geometry":{"type":"Point","coordinates":[1.62,48.018]}},{"type":"Feature","properties":{"id":"ppm-fr-6517","name":"Quinze Mines Wind Farm","capacity_mw":12.0,"fuel_type":"wind","status":"operational","precision":"approximate","source":"powerplantmatching v0.9.0, 2026-10-03 · Global Energy Monitor, OpenStreetMap","source_url":"https://www.openstreetmap.org/relation/7938714","tech":"Onshore","commissioning_year":2009},"geometry":{"type":"Point","coordinates":[2.14,48.225]}},{"type":"Feature","properties":{"id":"ppm-fr-6519","name":"Rambures Wind Farm","capacity_mw":12.0,"fuel_type":"wind","status":"operational","precision":"approximate","source":"powerplantmatching v0.9.0, 2026-10-03 · Global Energy Monitor, OpenStreetMap","source_url":"https://www.openstreetmap.org/relation/7947858","tech":"Onshore","commissioning_year":2009},"geometry":{"type":"Point","coordinates":[1.692,49.932]}},{"type":"Feature","properties":{"id":"ppm-fr-6521","name":"Puech Del Vert Wind Farm","capacity_mw":12.0,"fuel_type":"wind","status":"operational","precision":"approximate","source":"powerplantmatching v0.9.0, 2026-10-03 · Global Energy Monitor, OpenStreetMap","source_url":"https://www.openstreetmap.org/relation/7992796","tech":"Onshore","commissioning_year":2017},"geometry":{"type":"Point","coordinates":[2.692,43.713]}},{"type":"Feature","properties":{"id":"ppm-fr-6525","name":"Quatre Buisson Wind Farm","capacity_mw":12.0,"fuel_type":"wind","status":"operational","precision":"approximate","source":"powerplantmatching v0.9.0, 2026-10-03 · Global Energy Monitor, OpenStreetMap","source_url":"https://www.openstreetmap.org/relation/7947885","tech":"Onshore","commissioning_year":2014},"geometry":{"type":"Point","coordinates":[2.377,50.235]}},{"type":"Feature","properties":{"id":"ppm-fr-6526","name":"Quatre Communes Wind Farm","capacity_mw":12.0,"fuel_type":"wind","status":"operational","precision":"approximate","source":"powerplantmatching v0.9.0, 2026-10-03 · Global Energy Monitor, OpenStreetMap","source_url":"https://www.openstreetmap.org/relation/10122116","tech":"Onshore","commissioning_year":2006},"geometry":{"type":"Point","coordinates":[4.387,48.828]}},{"type":"Feature","properties":{"id":"ppm-fr-6532","name":"Saint Mande Sur Bredoire Wind Farm","capacity_mw":12.0,"fuel_type":"wind","status":"operational","precision":"approximate","source":"powerplantmatching v0.9.0, 2026-10-03 · Global Energy Monitor, OpenStreetMap","source_url":"https://www.openstreetmap.org/relation/8344209","tech":"Onshore","commissioning_year":2014},"geometry":{"type":"Point","coordinates":[-0.24,46.032]}},{"type":"Feature","properties":{"id":"ppm-fr-6537","name":"Saint Georges Les Bains Wind Farm","capacity_mw":12.0,"fuel_type":"wind","status":"operational","precision":"approximate","source":"powerplantmatching v0.9.0, 2026-10-03 · Global Energy Monitor, OpenStreetMap","source_url":"https://www.openstreetmap.org/relation/8344665","tech":"Onshore","commissioning_year":2017},"geometry":{"type":"Point","coordinates":[4.788,44.869]}},{"type":"Feature","properties":{"id":"ppm-fr-6541","name":"Saint Hilaire Energies Wind Farm","capacity_mw":12.0,"fuel_type":"wind","status":"operational","precision":"approximate","source":"powerplantmatching v0.9.0, 2026-10-03 · Global Energy Monitor, OpenStreetMap","source_url":"https://www.openstreetmap.org/relation/10073078","tech":"Onshore","commissioning_year":2016},"geometry":{"type":"Point","coordinates":[-1.909,47.094]}},{"type":"Feature","properties":{"id":"ppm-fr-6543","name":"Saint Jacques Wind Farm","capacity_mw":12.0,"fuel_type":"wind","status":"operational","precision":"approximate","source":"powerplantmatching v0.9.0, 2026-10-03 · Global Energy Monitor, OpenStreetMap","source_url":"https://www.openstreetmap.org/relation/7938715","tech":"Onshore","commissioning_year":2009},"geometry":{"type":"Point","coordinates":[2.131,48.214]}},{"type":"Feature","properties":{"id":"ppm-fr-6544","name":"Plateau De Langres Wind Farm","capacity_mw":12.0,"fuel_type":"wind","status":"operational","precision":"approximate","source":"powerplantmatching v0.9.0, 2026-10-03 · Global Energy Monitor, OpenStreetMap","source_url":"https://www.openstreetmap.org/relation/7985945","tech":"Onshore","commissioning_year":2009},"geometry":{"type":"Point","coordinates":[5.284,47.776]}},{"type":"Feature","properties":{"id":"ppm-fr-6546","name":"Plelan Le Grand Wind Farm","capacity_mw":12.0,"fuel_type":"wind","status":"operational","precision":"approximate","source":"powerplantmatching v0.9.0, 2026-10-03 · Global Energy Monitor, OpenStreetMap","source_url":"https://www.openstreetmap.org/relation/6004070","tech":"Onshore","commissioning_year":2008},"geometry":{"type":"Point","coordinates":[-2.079,48.023]}},{"type":"Feature","properties":{"id":"ppm-fr-6549","name":"Plo De La Rouquette Wind Farm","capacity_mw":12.0,"fuel_type":"wind","status":"operational","precision":"approximate","source":"powerplantmatching v0.9.0, 2026-10-03 · Global Energy Monitor, OpenStreetMap","source_url":"https://www.openstreetmap.org/relation/4037971","tech":"Onshore","commissioning_year":2011},"geometry":{"type":"Point","coordinates":[2.843,43.752]}},{"type":"Feature","properties":{"id":"ppm-fr-6557","name":"Plan Du Pal Wind Farm","capacity_mw":12.0,"fuel_type":"wind","status":"operational","precision":"approximate","source":"powerplantmatching v0.9.0, 2026-10-03 · Global Energy Monitor, OpenStreetMap","source_url":"https://www.openstreetmap.org/relation/4037962","tech":"Onshore","commissioning_year":2000},"geometry":{"type":"Point","coordinates":[2.89,43.03]}},{"type":"Feature","properties":{"id":"ppm-fr-6558","name":"Plateau Beauceron Wind Farm","capacity_mw":12.0,"fuel_type":"wind","status":"operational","precision":"approximate","source":"powerplantmatching v0.9.0, 2026-10-03 · Global Energy Monitor, OpenStreetMap","source_url":"https://www.openstreetmap.org/relation/7938722","tech":"Onshore","commissioning_year":2010},"geometry":{"type":"Point","coordinates":[2.219,48.279]}},{"type":"Feature","properties":{"id":"ppm-fr-6567","name":"Plaine Du Moulin Wind Farm","capacity_mw":12.0,"fuel_type":"wind","status":"operational","precision":"approximate","source":"powerplantmatching v0.9.0, 2026-10-03 · Global Energy Monitor, OpenStreetMap","source_url":"https://www.openstreetmap.org/relation/7970514","tech":"Onshore","commissioning_year":2008},"geometry":{"type":"Point","coordinates":[0.837,49.831]}},{"type":"Feature","properties":{"id":"ppm-fr-6569","name":"Remise De Renardiere Wind Farm","capacity_mw":12.0,"fuel_type":"wind","status":"operational","precision":"approximate","source":"powerplantmatching v0.9.0, 2026-10-03 · Global Energy Monitor, OpenStreetMap","source_url":"https://www.openstreetmap.org/relation/5794278","tech":"Onshore","commissioning_year":2007},"geometry":{"type":"Point","coordinates":[-1.485,47.638]}},{"type":"Feature","properties":{"id":"ppm-fr-6580","name":"Penquer Wind Farm","capacity_mw":12.0,"fuel_type":"wind","status":"operational","precision":"approximate","source":"powerplantmatching v0.9.0, 2026-10-03 · Global Energy Monitor, OpenStreetMap","source_url":"https://www.openstreetmap.org/relation/13096339","tech":"Onshore","commissioning_year":2010},"geometry":{"type":"Point","coordinates":[-3.262,48.538]}},{"type":"Feature","properties":{"id":"ppm-fr-6589","name":"Pays De Retz Wind Farm","capacity_mw":12.0,"fuel_type":"wind","status":"operational","precision":"approximate","source":"powerplantmatching v0.9.0, 2026-10-03 · Global Energy Monitor, OpenStreetMap","source_url":"https://www.openstreetmap.org/relation/6618904","tech":"Onshore","commissioning_year":2013},"geometry":{"type":"Point","coordinates":[-1.903,47.063]}},{"type":"Feature","properties":{"id":"ppm-fr-6592","name":"Portes De Bretagne Wind Farm","capacity_mw":12.0,"fuel_type":"wind","status":"operational","precision":"approximate","source":"powerplantmatching v0.9.0, 2026-10-03 · Global Energy Monitor, OpenStreetMap","source_url":"https://www.openstreetmap.org/relation/5794201","tech":"Onshore","commissioning_year":2006},"geometry":{"type":"Point","coordinates":[-1.302,47.688]}},{"type":"Feature","properties":{"id":"ppm-fr-6596","name":"Preveranges Wind Farm","capacity_mw":12.0,"fuel_type":"wind","status":"operational","precision":"approximate","source":"powerplantmatching v0.9.0, 2026-10-03 · Global Energy Monitor, OpenStreetMap","source_url":"https://www.openstreetmap.org/relation/17067988","tech":"Onshore","commissioning_year":2023},"geometry":{"type":"Point","coordinates":[2.248,46.475]}},{"type":"Feature","properties":{"id":"ppm-fr-6602","name":"Pont De Salars Wind Farm","capacity_mw":12.0,"fuel_type":"wind","status":"operational","precision":"approximate","source":"powerplantmatching v0.9.0, 2026-10-03 · Global Energy Monitor, OpenStreetMap","source_url":"https://www.openstreetmap.org/relation/1617596","tech":"Onshore","commissioning_year":2008},"geometry":{"type":"Point","coordinates":[2.701,44.247]}},{"type":"Feature","properties":{"id":"ppm-fr-6606","name":"Porte De Champagne Wind Farm","capacity_mw":12.0,"fuel_type":"wind","status":"operational","precision":"approximate","source":"powerplantmatching v0.9.0, 2026-10-03 · Global Energy Monitor, OpenStreetMap","source_url":"https://www.openstreetmap.org/relation/7985999","tech":"Onshore","commissioning_year":2013},"geometry":{"type":"Point","coordinates":[3.553,48.665]}},{"type":"Feature","properties":{"id":"ppm-fr-6623","name":"Noyales Wind Farm","capacity_mw":12.0,"fuel_type":"wind","status":"operational","precision":"approximate","source":"powerplantmatching v0.9.0, 2026-10-03 · Global Energy Monitor, OpenStreetMap","source_url":"https://www.openstreetmap.org/relation/7952603","tech":"Onshore","commissioning_year":2009},"geometry":{"type":"Point","coordinates":[3.551,49.912]}},{"type":"Feature","properties":{"id":"ppm-fr-6626","name":"Plaine Artois Wind Farm","capacity_mw":12.0,"fuel_type":"wind","status":"operational","precision":"approximate","source":"powerplantmatching v0.9.0, 2026-10-03 · Global Energy Monitor, OpenStreetMap","source_url":"https://www.openstreetmap.org/relation/6094560","tech":"Onshore","commissioning_year":2012},"geometry":{"type":"Point","coordinates":[2.949,50.215]}},{"type":"Feature","properties":{"id":"ppm-fr-6638","name":"Pigeon Blanc Wind Farm","capacity_mw":12.0,"fuel_type":"wind","status":"operational","precision":"approximate","source":"powerplantmatching v0.9.0, 2026-10-03 · Global Energy Monitor, OpenStreetMap","source_url":"https://www.openstreetmap.org/relation/6017189","tech":"Onshore","commissioning_year":2010},"geometry":{"type":"Point","coordinates":[-2.342,47.957]}},{"type":"Feature","properties":{"id":"ppm-fr-6643","name":"Morvillers Wind Farm","capacity_mw":12.0,"fuel_type":"wind","status":"operational","precision":"approximate","source":"powerplantmatching v0.9.0, 2026-10-03 · Global Energy Monitor, OpenStreetMap","source_url":"https://www.openstreetmap.org/relation/11174791","tech":"Onshore","commissioning_year":2012},"geometry":{"type":"Point","coordinates":[1.823,49.772]}},{"type":"Feature","properties":{"id":"ppm-fr-6644","name":"Nierdervisse Wind Farm","capacity_mw":12.0,"fuel_type":"wind","status":"operational","precision":"approximate","source":"powerplantmatching v0.9.0, 2026-10-03 · Global Energy Monitor, OpenStreetMap","source_url":"https://www.openstreetmap.org/relation/6902219","tech":"Onshore","commissioning_year":2007},"geometry":{"type":"Point","coordinates":[6.572,49.16]}},{"type":"Feature","properties":{"id":"ppm-fr-6647","name":"Moulin De Froidure Wind Farm","capacity_mw":12.0,"fuel_type":"wind","status":"operational","precision":"approximate","source":"powerplantmatching v0.9.0, 2026-10-03 · Global Energy Monitor, OpenStreetMap","source_url":"https://www.openstreetmap.org/relation/7947880","tech":"Onshore","commissioning_year":2007},"geometry":{"type":"Point","coordinates":[1.973,50.065]}},{"type":"Feature","properties":{"id":"ppm-fr-6658","name":"Parc Du Lauragais Wind Farm","capacity_mw":12.0,"fuel_type":"wind","status":"operational","precision":"approximate","source":"powerplantmatching v0.9.0, 2026-10-03 · Global Energy Monitor, OpenStreetMap","source_url":"https://www.openstreetmap.org/relation/4031947","tech":"Onshore","commissioning_year":2008},"geometry":{"type":"Point","coordinates":[1.919,43.464]}},{"type":"Feature","properties":{"id":"ppm-fr-6695","name":"Mazeray Bignay Wind Farm","capacity_mw":12.0,"fuel_type":"wind","status":"operational","precision":"approximate","source":"powerplantmatching v0.9.0, 2026-10-03 · Global Energy Monitor, OpenStreetMap","source_url":"https://www.openstreetmap.org/relation/2841551","tech":"Onshore","commissioning_year":2012},"geometry":{"type":"Point","coordinates":[-0.581,45.932]}},{"type":"Feature","properties":{"id":"ppm-fr-6699","name":"Moulin Tizon Wind Farm","capacity_mw":12.0,"fuel_type":"wind","status":"operational","precision":"approximate","source":"powerplantmatching v0.9.0, 2026-10-03 · Global Energy Monitor, OpenStreetMap","source_url":"https://www.openstreetmap.org/relation/8009272","tech":"Onshore","commissioning_year":2016},"geometry":{"type":"Point","coordinates":[-1.223,48.26]}},{"type":"Feature","properties":{"id":"ppm-fr-6722","name":"Montagne Fayel Wind Farm","capacity_mw":12.0,"fuel_type":"wind","status":"operational","precision":"approximate","source":"powerplantmatching v0.9.0, 2026-10-03 · Global Energy Monitor, OpenStreetMap","source_url":"https://www.openstreetmap.org/relation/7952577","tech":"Onshore","commissioning_year":2015},"geometry":{"type":"Point","coordinates":[1.98,49.902]}},{"type":"Feature","properties":{"id":"ppm-fr-6724","name":"Montagne Wind Farm","capacity_mw":12.0,"fuel_type":"wind","status":"operational","precision":"approximate","source":"powerplantmatching v0.9.0, 2026-10-03 · Global Energy Monitor, OpenStreetMap","source_url":"https://www.openstreetmap.org/relation/7931933","tech":"Onshore","commissioning_year":2014},"geometry":{"type":"Point","coordinates":[4.645,47.325]}},{"type":"Feature","properties":{"id":"ppm-fr-6727","name":"Licheres Pres Aigremont Wind Farm","capacity_mw":12.0,"fuel_type":"wind","status":"operational","precision":"approximate","source":"powerplantmatching v0.9.0, 2026-10-03 · Global Energy Monitor, OpenStreetMap","source_url":"https://www.openstreetmap.org/relation/8452666","tech":"Onshore","commissioning_year":2017},"geometry":{"type":"Point","coordinates":[3.844,47.708]}},{"type":"Feature","properties":{"id":"ppm-fr-6735","name":"Mont Jarron Wind Farm","capacity_mw":12.0,"fuel_type":"wind","status":"operational","precision":"approximate","source":"powerplantmatching v0.9.0, 2026-10-03 · Global Energy Monitor, OpenStreetMap","source_url":"https://www.openstreetmap.org/relation/4031933","tech":"Onshore","commissioning_year":2009},"geometry":{"type":"Point","coordinates":[-0.179,46.231]}},{"type":"Feature","properties":{"id":"ppm-fr-6738","name":"Les Penages Wind Farm","capacity_mw":12.0,"fuel_type":"wind","status":"operational","precision":"approximate","source":"powerplantmatching v0.9.0, 2026-10-03 · Global Energy Monitor, OpenStreetMap","source_url":"https://www.openstreetmap.org/relation/7938726","tech":"Onshore","commissioning_year":2006},"geometry":{"type":"Point","coordinates":[1.327,47.932]}},{"type":"Feature","properties":{"id":"ppm-fr-6769","name":"Le Telegraphe Wind Farm","capacity_mw":12.0,"fuel_type":"wind","status":"operational","precision":"approximate","source":"powerplantmatching v0.9.0, 2026-10-03 · Global Energy Monitor, OpenStreetMap","source_url":"https://www.openstreetmap.org/relation/7966849","tech":"Onshore","commissioning_year":2010},"geometry":{"type":"Point","coordinates":[-0.792,48.693]}},{"type":"Feature","properties":{"id":"ppm-fr-6779","name":"Le Moulin De Sehen Wind Farm","capacity_mw":12.0,"fuel_type":"wind","status":"operational","precision":"approximate","source":"powerplantmatching v0.9.0, 2026-10-03 · Global Energy Monitor, OpenStreetMap","source_url":"https://www.openstreetmap.org/relation/7970502","tech":"Onshore","commissioning_year":2015},"geometry":{"type":"Point","coordinates":[0.56,48.898]}},{"type":"Feature","properties":{"id":"ppm-fr-6782","name":"Le Petit Jesus Wind Farm","capacity_mw":12.0,"fuel_type":"wind","status":"operational","precision":"approximate","source":"powerplantmatching v0.9.0, 2026-10-03 · Global Energy Monitor, OpenStreetMap","source_url":"https://www.openstreetmap.org/relation/10704974","tech":"Onshore","commissioning_year":2014},"geometry":{"type":"Point","coordinates":[2.347,50.228]}},{"type":"Feature","properties":{"id":"ppm-fr-6788","name":"Lestrade Wind Farm","capacity_mw":12.0,"fuel_type":"wind","status":"operational","precision":"approximate","source":"powerplantmatching v0.9.0, 2026-10-03 · Global Energy Monitor, OpenStreetMap","source_url":"https://www.openstreetmap.org/relation/1620028","tech":"Onshore","commissioning_year":2006},"geometry":{"type":"Point","coordinates":[2.686,44.083]}},{"type":"Feature","properties":{"id":"ppm-fr-6789","name":"Leury Wind Farm","capacity_mw":12.0,"fuel_type":"wind","status":"operational","precision":"approximate","source":"powerplantmatching v0.9.0, 2026-10-03 · Global Energy Monitor, OpenStreetMap","source_url":"https://www.openstreetmap.org/relation/7943924","tech":"Onshore","commissioning_year":2017},"geometry":{"type":"Point","coordinates":[3.333,49.418]}},{"type":"Feature","properties":{"id":"ppm-fr-6793","name":"Les Rochers Wind Farm","capacity_mw":12.0,"fuel_type":"wind","status":"operational","precision":"approximate","source":"powerplantmatching v0.9.0, 2026-10-03 · Global Energy Monitor, OpenStreetMap","source_url":"https://www.openstreetmap.org/relation/7320900","tech":"Onshore","commissioning_year":2009},"geometry":{"type":"Point","coordinates":[1.351,46.912]}},{"type":"Feature","properties":{"id":"ppm-fr-6806","name":"Le Cent Jalois Wind Farm","capacity_mw":12.0,"fuel_type":"wind","status":"operational","precision":"approximate","source":"powerplantmatching v0.9.0, 2026-10-03 · Global Energy Monitor, OpenStreetMap","source_url":"https://www.openstreetmap.org/relation/18226747","tech":"Onshore","commissioning_year":2009},"geometry":{"type":"Point","coordinates":[3.801,49.697]}},{"type":"Feature","properties":{"id":"ppm-fr-6810","name":"Lanfains Wind Farm","capacity_mw":12.0,"fuel_type":"wind","status":"operational","precision":"approximate","source":"powerplantmatching v0.9.0, 2026-10-03 · Global Energy Monitor, OpenStreetMap","source_url":"https://www.openstreetmap.org/relation/14385458","tech":"Onshore","commissioning_year":2021},"geometry":{"type":"Point","coordinates":[-2.915,48.368]}},{"type":"Feature","properties":{"id":"ppm-fr-6817","name":"Les Chaumes Wind Farm","capacity_mw":12.0,"fuel_type":"wind","status":"operational","precision":"approximate","source":"powerplantmatching v0.9.0, 2026-10-03 · Global Energy Monitor, OpenStreetMap","source_url":"https://www.openstreetmap.org/relation/7320899","tech":"Onshore","commissioning_year":2011},"geometry":{"type":"Point","coordinates":[2.538,46.146]}},{"type":"Feature","properties":{"id":"ppm-fr-6820","name":"Les Croquettes Wind Farm","capacity_mw":12.0,"fuel_type":"wind","status":"operational","precision":"approximate","source":"powerplantmatching v0.9.0, 2026-10-03 · Global Energy Monitor, OpenStreetMap","source_url":"https://www.openstreetmap.org/relation/3125879","tech":"Onshore","commissioning_year":2011},"geometry":{"type":"Point","coordinates":[2.181,47.139]}},{"type":"Feature","properties":{"id":"ppm-fr-6827","name":"Les Barthes Wind Farm","capacity_mw":12.0,"fuel_type":"wind","status":"operational","precision":"approximate","source":"powerplantmatching v0.9.0, 2026-10-03 · Global Energy Monitor, OpenStreetMap","source_url":"https://www.openstreetmap.org/relation/3866053","tech":"Onshore","commissioning_year":2009},"geometry":{"type":"Point","coordinates":[4.087,44.941]}},{"type":"Feature","properties":{"id":"ppm-fr-6831","name":"Les Caves Wind Farm","capacity_mw":12.0,"fuel_type":"wind","status":"operational","precision":"approximate","source":"powerplantmatching v0.9.0, 2026-10-03 · Global Energy Monitor, OpenStreetMap","source_url":"https://www.openstreetmap.org/relation/10775245","tech":"Onshore","commissioning_year":2019},"geometry":{"type":"Point","coordinates":[-1.173,47.821]}},{"type":"Feature","properties":{"id":"ppm-fr-6833","name":"La Lande De La Foret Wind Farm","capacity_mw":12.0,"fuel_type":"wind","status":"operational","precision":"approximate","source":"powerplantmatching v0.9.0, 2026-10-03 · Global Energy Monitor, OpenStreetMap","source_url":"https://www.openstreetmap.org/relation/10780379","tech":"Onshore","commissioning_year":2019},"geometry":{"type":"Point","coordinates":[-2.672,47.901]}},{"type":"Feature","properties":{"id":"ppm-fr-6834","name":"La Limouziniere Wind Farm","capacity_mw":12.0,"fuel_type":"wind","status":"operational","precision":"approximate","source":"powerplantmatching v0.9.0, 2026-10-03 · Global Energy Monitor, OpenStreetMap","source_url":"https://www.openstreetmap.org/relation/6618882","tech":"Onshore","commissioning_year":2010},"geometry":{"type":"Point","coordinates":[-1.634,46.988]}},{"type":"Feature","properties":{"id":"ppm-fr-6836","name":"Raucourt Et Flaba Wind Farm","capacity_mw":12.0,"fuel_type":"wind","status":"operational","precision":"approximate","source":"powerplantmatching v0.9.0, 2026-10-03 · Global Energy Monitor, OpenStreetMap","source_url":"https://www.openstreetmap.org/relation/7985946","tech":"Onshore","commissioning_year":2009},"geometry":{"type":"Point","coordinates":[4.944,49.6]}},{"type":"Feature","properties":{"id":"ppm-fr-6845","name":"La Faye Wind Farm","capacity_mw":12.0,"fuel_type":"wind","status":"operational","precision":"approximate","source":"powerplantmatching v0.9.0, 2026-10-03 · Global Energy Monitor, OpenStreetMap","source_url":"https://www.openstreetmap.org/relation/4031857","tech":"Onshore","commissioning_year":2010},"geometry":{"type":"Point","coordinates":[0.166,46.024]}},{"type":"Feature","properties":{"id":"ppm-fr-6847","name":"La Haie Traversaine Wind Farm","capacity_mw":12.0,"fuel_type":"wind","status":"operational","precision":"approximate","source":"powerplantmatching v0.9.0, 2026-10-03 · Global Energy Monitor, OpenStreetMap","source_url":"https://www.openstreetmap.org/relation/6618888","tech":"Onshore","commissioning_year":2009},"geometry":{"type":"Point","coordinates":[-0.623,48.362]}},{"type":"Feature","properties":{"id":"ppm-fr-6849","name":"Le Haut Des Epinettes Wind Farm","capacity_mw":12.0,"fuel_type":"wind","status":"operational","precision":"approximate","source":"powerplantmatching v0.9.0, 2026-10-03 · Global Energy Monitor, OpenStreetMap","source_url":"https://www.openstreetmap.org/relation/10115202","tech":"Onshore","commissioning_year":2017},"geometry":{"type":"Point","coordinates":[3.646,49.33]}},{"type":"Feature","properties":{"id":"ppm-fr-6866","name":"Joncels Wind Farm","capacity_mw":12.0,"fuel_type":"wind","status":"operational","precision":"approximate","source":"powerplantmatching v0.9.0, 2026-10-03 · Global Energy Monitor, OpenStreetMap","source_url":"https://www.openstreetmap.org/relation/7992815","tech":"Onshore","commissioning_year":2015},"geometry":{"type":"Point","coordinates":[3.169,43.791]}},{"type":"Feature","properties":{"id":"ppm-fr-6868","name":"Jouy En Pithiverais Wind Farm","capacity_mw":12.0,"fuel_type":"wind","status":"operational","precision":"approximate","source":"powerplantmatching v0.9.0, 2026-10-03 · Global Energy Monitor, OpenStreetMap","source_url":"https://www.openstreetmap.org/relation/2841633","tech":"Onshore","commissioning_year":2011},"geometry":{"type":"Point","coordinates":[2.123,48.17]}},{"type":"Feature","properties":{"id":"ppm-fr-6875","name":"Illois Normandie Wind Farm","capacity_mw":12.0,"fuel_type":"wind","status":"operational","precision":"approximate","source":"powerplantmatching v0.9.0, 2026-10-03 · Global Energy Monitor, OpenStreetMap","source_url":"https://www.openstreetmap.org/relation/16870890","tech":"Onshore","commissioning_year":2022},"geometry":{"type":"Point","coordinates":[1.65,49.747]}},{"type":"Feature","properties":{"id":"ppm-fr-6882","name":"La Vallee Du Rognon Wind Farm","capacity_mw":12.0,"fuel_type":"wind","status":"operational","precision":"approximate","source":"powerplantmatching v0.9.0, 2026-10-03 · Global Energy Monitor, OpenStreetMap","source_url":"https://www.openstreetmap.org/relation/7985993","tech":"Onshore","commissioning_year":2015},"geometry":{"type":"Point","coordinates":[5.231,48.161]}},{"type":"Feature","properties":{"id":"ppm-fr-6887","name":"Hyrome Wind Farm","capacity_mw":12.0,"fuel_type":"wind","status":"operational","precision":"approximate","source":"powerplantmatching v0.9.0, 2026-10-03 · Global Energy Monitor, OpenStreetMap","source_url":"https://www.openstreetmap.org/relation/12140095","tech":"Onshore","commissioning_year":2020},"geometry":{"type":"Point","coordinates":[-0.623,47.261]}},{"type":"Feature","properties":{"id":"ppm-fr-6895","name":"La Tieule Solar Farm","capacity_mw":12.0,"fuel_type":"solar","status":"operational","precision":"approximate","source":"powerplantmatching v0.9.0, 2026-10-03 · Global Energy Monitor, OpenStreetMap","source_url":"https://www.openstreetmap.org/way/1092758598","tech":"PV","commissioning_year":2021},"geometry":{"type":"Point","coordinates":[3.156,44.385]}},{"type":"Feature","properties":{"id":"ppm-fr-6917","name":"La Chapelle Au Mans Wind Farm","capacity_mw":12.0,"fuel_type":"wind","status":"operational","precision":"approximate","source":"powerplantmatching v0.9.0, 2026-10-03 · Global Energy Monitor, OpenStreetMap","source_url":"https://www.openstreetmap.org/relation/10780265","tech":"Onshore","commissioning_year":2019},"geometry":{"type":"Point","coordinates":[3.959,46.633]}},{"type":"Feature","properties":{"id":"ppm-fr-6922","name":"La Baume Wind Farm","capacity_mw":12.0,"fuel_type":"wind","status":"operational","precision":"approximate","source":"powerplantmatching v0.9.0, 2026-10-03 · Global Energy Monitor, OpenStreetMap","source_url":"https://www.openstreetmap.org/relation/7689370","tech":"Onshore","commissioning_year":2017},"geometry":{"type":"Point","coordinates":[3.084,44.024]}},{"type":"Feature","properties":{"id":"ppm-fr-6924","name":"La Benate Wind Farm","capacity_mw":12.0,"fuel_type":"wind","status":"operational","precision":"approximate","source":"powerplantmatching v0.9.0, 2026-10-03 · Global Energy Monitor, OpenStreetMap","source_url":"https://www.openstreetmap.org/relation/4031907","tech":"Onshore","commissioning_year":2010},"geometry":{"type":"Point","coordinates":[-0.549,46.019]}},{"type":"Feature","properties":{"id":"ppm-fr-7089","name":"Guerville Melleville Wind Farm","capacity_mw":12.0,"fuel_type":"wind","status":"operational","precision":"approximate","source":"powerplantmatching v0.9.0, 2026-10-03 · Global Energy Monitor, OpenStreetMap","source_url":"https://www.openstreetmap.org/relation/7970534","tech":"Onshore","commissioning_year":2012},"geometry":{"type":"Point","coordinates":[1.493,49.955]}},{"type":"Feature","properties":{"id":"ppm-fr-7095","name":"Haut De Bane Wind Farm","capacity_mw":12.0,"fuel_type":"wind","status":"operational","precision":"approximate","source":"powerplantmatching v0.9.0, 2026-10-03 · Global Energy Monitor, OpenStreetMap","source_url":"https://www.openstreetmap.org/relation/6902160","tech":"Onshore","commissioning_year":2006},"geometry":{"type":"Point","coordinates":[5.3,48.831]}},{"type":"Feature","properties":{"id":"ppm-fr-7099","name":"Grande Pointe Merou Wind Farm","capacity_mw":12.0,"fuel_type":"wind","status":"operational","precision":"approximate","source":"powerplantmatching v0.9.0, 2026-10-03 · Global Energy Monitor, OpenStreetMap","source_url":"https://www.openstreetmap.org/relation/13090069","tech":"Onshore","commissioning_year":2006},"geometry":{"type":"Point","coordinates":[1.61,48.132]}},{"type":"Feature","properties":{"id":"ppm-fr-7141","name":"Herbes Sauvages Wind Farm","capacity_mw":12.0,"fuel_type":"wind","status":"operational","precision":"approximate","source":"powerplantmatching v0.9.0, 2026-10-03 · Global Energy Monitor, OpenStreetMap","source_url":"https://www.openstreetmap.org/relation/16696541","tech":"Onshore","commissioning_year":2023},"geometry":{"type":"Point","coordinates":[0.372,46.031]}},{"type":"Feature","properties":{"id":"ppm-fr-7151","name":"Hautevesnes Wind Farm","capacity_mw":12.0,"fuel_type":"wind","status":"operational","precision":"approximate","source":"powerplantmatching v0.9.0, 2026-10-03 · Global Energy Monitor, OpenStreetMap","source_url":"https://www.openstreetmap.org/relation/7947854","tech":"Onshore","commissioning_year":2008},"geometry":{"type":"Point","coordinates":[3.244,49.111]}},{"type":"Feature","properties":{"id":"ppm-fr-7160","name":"Francourville Wind Farm","capacity_mw":12.0,"fuel_type":"wind","status":"operational","precision":"approximate","source":"powerplantmatching v0.9.0, 2026-10-03 · Global Energy Monitor, OpenStreetMap","source_url":"https://www.openstreetmap.org/relation/7938737","tech":"Onshore","commissioning_year":2016},"geometry":{"type":"Point","coordinates":[1.652,48.392]}},{"type":"Feature","properties":{"id":"ppm-fr-7183","name":"Fontaine Macon Wind Farm","capacity_mw":12.0,"fuel_type":"wind","status":"operational","precision":"approximate","source":"powerplantmatching v0.9.0, 2026-10-03 · Global Energy Monitor, OpenStreetMap","source_url":"https://www.openstreetmap.org/relation/7985941","tech":"Onshore","commissioning_year":2010},"geometry":{"type":"Point","coordinates":[3.524,48.461]}},{"type":"Feature","properties":{"id":"ppm-fr-7188","name":"Falleron Wind Farm","capacity_mw":12.0,"fuel_type":"wind","status":"operational","precision":"approximate","source":"powerplantmatching v0.9.0, 2026-10-03 · Global Energy Monitor, OpenStreetMap","source_url":"https://www.openstreetmap.org/relation/4031891","tech":"Onshore","commissioning_year":2012},"geometry":{"type":"Point","coordinates":[-1.693,46.84]}},{"type":"Feature","properties":{"id":"ppm-fr-7192","name":"Epine Amanty Wind Farm","capacity_mw":12.0,"fuel_type":"wind","status":"operational","precision":"approximate","source":"powerplantmatching v0.9.0, 2026-10-03 · Global Energy Monitor, OpenStreetMap","source_url":"https://www.openstreetmap.org/relation/6902151","tech":"Onshore","commissioning_year":2010},"geometry":{"type":"Point","coordinates":[5.594,48.506]}},{"type":"Feature","properties":{"id":"ppm-fr-7194","name":"Epivent Wind Farm","capacity_mw":12.0,"fuel_type":"wind","status":"operational","precision":"approximate","source":"powerplantmatching v0.9.0, 2026-10-03 · Global Energy Monitor, OpenStreetMap","source_url":"https://www.openstreetmap.org/relation/8591764","tech":"Onshore","commissioning_year":2016},"geometry":{"type":"Point","coordinates":[3.114,49.91]}},{"type":"Feature","properties":{"id":"ppm-fr-7205","name":"Eole Du Bocage Wind Farm","capacity_mw":12.0,"fuel_type":"wind","status":"operational","precision":"approximate","source":"powerplantmatching v0.9.0, 2026-10-03 · Global Energy Monitor, OpenStreetMap","source_url":"https://www.openstreetmap.org/relation/10722308","tech":"Onshore","commissioning_year":2017},"geometry":{"type":"Point","coordinates":[-0.552,46.987]}},{"type":"Feature","properties":{"id":"ppm-fr-7216","name":"Demie Lieue Wind Farm","capacity_mw":12.0,"fuel_type":"wind","status":"operational","precision":"approximate","source":"powerplantmatching v0.9.0, 2026-10-03 · Global Energy Monitor, OpenStreetMap","source_url":"https://www.openstreetmap.org/relation/7947869","tech":"Onshore","commissioning_year":2011},"geometry":{"type":"Point","coordinates":[2.119,49.603]}},{"type":"Feature","properties":{"id":"ppm-fr-7220","name":"Dio Et Valquieres Wind Farm","capacity_mw":12.0,"fuel_type":"wind","status":"operational","precision":"approximate","source":"powerplantmatching v0.9.0, 2026-10-03 · Global Energy Monitor, OpenStreetMap","source_url":"https://www.openstreetmap.org/relation/4046451","tech":"Onshore","commissioning_year":2006},"geometry":{"type":"Point","coordinates":[3.217,43.679]}},{"type":"Feature","properties":{"id":"ppm-fr-7226","name":"Dammarie Wind Farm","capacity_mw":12.0,"fuel_type":"wind","status":"operational","precision":"approximate","source":"powerplantmatching v0.9.0, 2026-10-03 · Global Energy Monitor, OpenStreetMap","source_url":"https://www.openstreetmap.org/relation/7938732","tech":"Onshore","commissioning_year":2016},"geometry":{"type":"Point","coordinates":[1.491,48.331]}},{"type":"Feature","properties":{"id":"ppm-fr-7229","name":"Dehlingen Wind Farm","capacity_mw":12.0,"fuel_type":"wind","status":"operational","precision":"approximate","source":"powerplantmatching v0.9.0, 2026-10-03 · Global Energy Monitor, OpenStreetMap","source_url":"https://www.openstreetmap.org/relation/7985933","tech":"Onshore","commissioning_year":2013},"geometry":{"type":"Point","coordinates":[7.173,48.983]}},{"type":"Feature","properties":{"id":"ppm-fr-7235","name":"Cuq Servies Wind Farm","capacity_mw":12.0,"fuel_type":"wind","status":"operational","precision":"approximate","source":"powerplantmatching v0.9.0, 2026-10-03 · Global Energy Monitor, OpenStreetMap","source_url":"https://www.openstreetmap.org/relation/4031886","tech":"Onshore","commissioning_year":2009},"geometry":{"type":"Point","coordinates":[2.061,43.669]}},{"type":"Feature","properties":{"id":"ppm-fr-7236","name":"Cuxac Aude Wind Farm","capacity_mw":12.0,"fuel_type":"wind","status":"operational","precision":"approximate","source":"powerplantmatching v0.9.0, 2026-10-03 · Global Energy Monitor, OpenStreetMap","source_url":"https://www.openstreetmap.org/relation/18984311","tech":"Onshore","commissioning_year":2018},"geometry":{"type":"Point","coordinates":[3.032,43.266]}},{"type":"Feature","properties":{"id":"ppm-fr-7238","name":"Cuxac Cabardes Wind Farm","capacity_mw":12.0,"fuel_type":"wind","status":"operational","precision":"approximate","source":"powerplantmatching v0.9.0, 2026-10-03 · Global Energy Monitor, OpenStreetMap","source_url":"https://www.openstreetmap.org/relation/4031888","tech":"Onshore","commissioning_year":2006},"geometry":{"type":"Point","coordinates":[2.263,43.399]}},{"type":"Feature","properties":{"id":"ppm-fr-7240","name":"Fernoye Wind Farm","capacity_mw":12.0,"fuel_type":"wind","status":"operational","precision":"approximate","source":"powerplantmatching v0.9.0, 2026-10-03 · Global Energy Monitor, OpenStreetMap","source_url":"https://www.openstreetmap.org/relation/15520166","tech":"Onshore","commissioning_year":2022},"geometry":{"type":"Point","coordinates":[3.264,49.224]}},{"type":"Feature","properties":{"id":"ppm-fr-7241","name":"Fiennes Wind Farm","capacity_mw":12.0,"fuel_type":"wind","status":"operational","precision":"approximate","source":"powerplantmatching v0.9.0, 2026-10-03 · Global Energy Monitor, OpenStreetMap","source_url":"https://www.openstreetmap.org/relation/6094567","tech":"Onshore","commissioning_year":2009},"geometry":{"type":"Point","coordinates":[1.847,50.828]}},{"type":"Feature","properties":{"id":"ppm-fr-7252","name":"Croixrault Wind Farm","capacity_mw":12.0,"fuel_type":"wind","status":"operational","precision":"approximate","source":"powerplantmatching v0.9.0, 2026-10-03 · Global Energy Monitor, OpenStreetMap","source_url":"https://www.openstreetmap.org/relation/11265173","tech":"Onshore","commissioning_year":2008},"geometry":{"type":"Point","coordinates":[2.006,49.795]}},{"type":"Feature","properties":{"id":"ppm-fr-7254","name":"Cruguel Wind Farm","capacity_mw":12.0,"fuel_type":"wind","status":"operational","precision":"approximate","source":"powerplantmatching v0.9.0, 2026-10-03 · Global Energy Monitor, OpenStreetMap","source_url":"https://www.openstreetmap.org/relation/6017187","tech":"Onshore","commissioning_year":2010},"geometry":{"type":"Point","coordinates":[-2.559,47.873]}},{"type":"Feature","properties":{"id":"ppm-fr-7263","name":"Croix De Erable Wind Farm","capacity_mw":12.0,"fuel_type":"wind","status":"operational","precision":"approximate","source":"powerplantmatching v0.9.0, 2026-10-03 · Global Energy Monitor, OpenStreetMap","source_url":"https://www.openstreetmap.org/relation/17071201","tech":"Onshore","commissioning_year":2023},"geometry":{"type":"Point","coordinates":[0.098,46.361]}},{"type":"Feature","properties":{"id":"ppm-fr-7264","name":"Courcelles Sur Aire Wind Farm","capacity_mw":12.0,"fuel_type":"wind","status":"operational","precision":"approximate","source":"powerplantmatching v0.9.0, 2026-10-03 · Global Energy Monitor, OpenStreetMap","source_url":"https://www.openstreetmap.org/relation/2846181","tech":"Onshore","commissioning_year":2007},"geometry":{"type":"Point","coordinates":[5.25,48.95]}},{"type":"Feature","properties":{"id":"ppm-fr-7272","name":"Douves Des Epinettes Wind Farm","capacity_mw":12.0,"fuel_type":"wind","status":"operational","precision":"approximate","source":"powerplantmatching v0.9.0, 2026-10-03 · Global Energy Monitor, OpenStreetMap","source_url":"https://www.openstreetmap.org/relation/6004067","tech":"Onshore","commissioning_year":2011},"geometry":{"type":"Point","coordinates":[-1.334,47.879]}},{"type":"Feature","properties":{"id":"ppm-fr-7279","name":"Coupru Wind Farm","capacity_mw":12.0,"fuel_type":"wind","status":"operational","precision":"approximate","source":"powerplantmatching v0.9.0, 2026-10-03 · Global Energy Monitor, OpenStreetMap","source_url":"https://www.openstreetmap.org/relation/15084554","tech":"Onshore","commissioning_year":2022},"geometry":{"type":"Point","coordinates":[3.266,49.037]}},{"type":"Feature","properties":{"id":"ppm-fr-7285","name":"Cosse Le Vivien Wind Farm","capacity_mw":12.0,"fuel_type":"wind","status":"operational","precision":"approximate","source":"powerplantmatching v0.9.0, 2026-10-03 · Global Energy Monitor, OpenStreetMap","source_url":"https://www.openstreetmap.org/relation/8009416","tech":"Onshore","commissioning_year":2015},"geometry":{"type":"Point","coordinates":[-0.915,47.969]}},{"type":"Feature","properties":{"id":"ppm-fr-7288","name":"Clementine Wind Farm","capacity_mw":12.0,"fuel_type":"wind","status":"operational","precision":"approximate","source":"powerplantmatching v0.9.0, 2026-10-03 · Global Energy Monitor, OpenStreetMap","source_url":"https://www.openstreetmap.org/relation/10721615","tech":"Onshore","commissioning_year":2015},"geometry":{"type":"Point","coordinates":[2.495,50.105]}},{"type":"Feature","properties":{"id":"ppm-fr-7289","name":"Clos Neuf Wind Farm","capacity_mw":12.0,"fuel_type":"wind","status":"operational","precision":"approximate","source":"powerplantmatching v0.9.0, 2026-10-03 · Global Energy Monitor, OpenStreetMap","source_url":"https://www.openstreetmap.org/relation/15681294","tech":"Onshore","commissioning_year":2022},"geometry":{"type":"Point","coordinates":[-2.369,48.17]}},{"type":"Feature","properties":{"id":"ppm-fr-7294","name":"Confolentais Wind Farm","capacity_mw":12.0,"fuel_type":"wind","status":"operational","precision":"approximate","source":"powerplantmatching v0.9.0, 2026-10-03 · Global Energy Monitor, OpenStreetMap","source_url":"https://www.openstreetmap.org/relation/6002515","tech":"Onshore","commissioning_year":2015},"geometry":{"type":"Point","coordinates":[0.427,45.988]}},{"type":"Feature","properties":{"id":"ppm-fr-7295","name":"Conquereuil Wind Farm","capacity_mw":12.0,"fuel_type":"wind","status":"operational","precision":"approximate","source":"powerplantmatching v0.9.0, 2026-10-03 · Global Energy Monitor, OpenStreetMap","source_url":"https://www.openstreetmap.org/relation/8329125","tech":"Onshore","commissioning_year":2018},"geometry":{"type":"Point","coordinates":[-1.761,47.656]}},{"type":"Feature","properties":{"id":"ppm-fr-7299","name":"Cholletz Wind Farm","capacity_mw":12.0,"fuel_type":"wind","status":"operational","precision":"approximate","source":"powerplantmatching v0.9.0, 2026-10-03 · Global Energy Monitor, OpenStreetMap","source_url":"https://www.openstreetmap.org/relation/7943895","tech":"Onshore","commissioning_year":2015},"geometry":{"type":"Point","coordinates":[2.749,49.605]}},{"type":"Feature","properties":{"id":"ppm-fr-7300","name":"Citoyen De La Jacterie Wind Farm","capacity_mw":12.0,"fuel_type":"wind","status":"operational","precision":"approximate","source":"powerplantmatching v0.9.0, 2026-10-03 · Global Energy Monitor, OpenStreetMap","source_url":"https://www.openstreetmap.org/relation/6619877","tech":"Onshore","commissioning_year":2016},"geometry":{"type":"Point","coordinates":[-0.804,47.153]}},{"type":"Feature","properties":{"id":"ppm-fr-7377","name":"Champfleury Wind Farm","capacity_mw":12.0,"fuel_type":"wind","status":"operational","precision":"approximate","source":"powerplantmatching v0.9.0, 2026-10-03 · Global Energy Monitor, OpenStreetMap","source_url":"https://www.openstreetmap.org/relation/8344924","tech":"Onshore","commissioning_year":2005},"geometry":{"type":"Point","coordinates":[4.055,48.633]}},{"type":"Feature","properties":{"id":"ppm-fr-7380","name":"Menaucourt Wind Farm","capacity_mw":12.0,"fuel_type":"wind","status":"operational","precision":"approximate","source":"powerplantmatching v0.9.0, 2026-10-03 · Global Energy Monitor, OpenStreetMap","source_url":"https://www.openstreetmap.org/relation/6902147","tech":"Onshore","commissioning_year":2009},"geometry":{"type":"Point","coordinates":[5.411,48.677]}},{"type":"Feature","properties":{"id":"ppm-fr-7381","name":"Chanveaux Wind Farm","capacity_mw":12.0,"fuel_type":"wind","status":"operational","precision":"approximate","source":"powerplantmatching v0.9.0, 2026-10-03 · Global Energy Monitor, OpenStreetMap","source_url":"https://www.openstreetmap.org/relation/10775246","tech":"Onshore","commissioning_year":2018},"geometry":{"type":"Point","coordinates":[-1.139,47.656]}},{"type":"Feature","properties":{"id":"ppm-fr-7382","name":"Chapelle Eole Wind Farm","capacity_mw":12.0,"fuel_type":"wind","status":"operational","precision":"approximate","source":"powerplantmatching v0.9.0, 2026-10-03 · Global Energy Monitor, OpenStreetMap","source_url":"https://www.openstreetmap.org/relation/7985954","tech":"Onshore","commissioning_year":2006},"geometry":{"type":"Point","coordinates":[4.059,48.415]}},{"type":"Feature","properties":{"id":"ppm-fr-7389","name":"Champ Vert Sommer Wind Farm","capacity_mw":12.0,"fuel_type":"wind","status":"operational","precision":"approximate","source":"powerplantmatching v0.9.0, 2026-10-03 · Global Energy Monitor, OpenStreetMap","source_url":"https://www.openstreetmap.org/relation/20345526","tech":"Onshore","commissioning_year":2014},"geometry":{"type":"Point","coordinates":[1.973,49.679]}},{"type":"Feature","properties":{"id":"ppm-fr-7416","name":"Chemin De Tuleras Wind Farm","capacity_mw":12.0,"fuel_type":"wind","status":"operational","precision":"approximate","source":"powerplantmatching v0.9.0, 2026-10-03 · Global Energy Monitor, OpenStreetMap","source_url":"https://www.openstreetmap.org/relation/7938712","tech":"Onshore","commissioning_year":2006},"geometry":{"type":"Point","coordinates":[1.44,48.66]}},{"type":"Feature","properties":{"id":"ppm-fr-7427","name":"Chauve Wind Farm","capacity_mw":12.0,"fuel_type":"wind","status":"operational","precision":"approximate","source":"powerplantmatching v0.9.0, 2026-10-03 · Global Energy Monitor, OpenStreetMap","source_url":"https://www.openstreetmap.org/relation/6618902","tech":"Onshore","commissioning_year":2013},"geometry":{"type":"Point","coordinates":[-2.007,47.187]}},{"type":"Feature","properties":{"id":"ppm-fr-7429","name":"Chemin Blanc Wind Farm","capacity_mw":12.0,"fuel_type":"wind","status":"operational","precision":"approximate","source":"powerplantmatching v0.9.0, 2026-10-03 · Global Energy Monitor, OpenStreetMap","source_url":"https://www.openstreetmap.org/relation/7947868","tech":"Onshore","commissioning_year":2011},"geometry":{"type":"Point","coordinates":[2.148,49.602]}},{"type":"Feature","properties":{"id":"ppm-fr-7433","name":"Charmount Sous Barbuise Wind Farm","capacity_mw":12.0,"fuel_type":"wind","status":"operational","precision":"approximate","source":"powerplantmatching v0.9.0, 2026-10-03 · Global Energy Monitor, OpenStreetMap","source_url":"https://www.openstreetmap.org/relation/13118465","tech":"Onshore","commissioning_year":2010},"geometry":{"type":"Point","coordinates":[4.167,48.448]}},{"type":"Feature","properties":{"id":"ppm-fr-7436","name":"Chateau Porcien Wind Farm","capacity_mw":12.0,"fuel_type":"wind","status":"operational","precision":"approximate","source":"powerplantmatching v0.9.0, 2026-10-03 · Global Energy Monitor, OpenStreetMap","source_url":"https://www.openstreetmap.org/relation/20364243","tech":"Onshore","commissioning_year":2015},"geometry":{"type":"Point","coordinates":[4.251,49.553]}},{"type":"Feature","properties":{"id":"ppm-fr-7438","name":"Chauche Wind Farm","capacity_mw":12.0,"fuel_type":"wind","status":"operational","precision":"approximate","source":"powerplantmatching v0.9.0, 2026-10-03 · Global Energy Monitor, OpenStreetMap","source_url":"https://www.openstreetmap.org/relation/8009418","tech":"Onshore","commissioning_year":2017},"geometry":{"type":"Point","coordinates":[-1.221,46.831]}},{"type":"Feature","properties":{"id":"ppm-fr-7439","name":"Chaude Vallee Wind Farm","capacity_mw":12.0,"fuel_type":"wind","status":"operational","precision":"approximate","source":"powerplantmatching v0.9.0, 2026-10-03 · Global Energy Monitor, OpenStreetMap","source_url":"https://www.openstreetmap.org/relation/7952595","tech":"Onshore","commissioning_year":2012},"geometry":{"type":"Point","coordinates":[1.832,49.815]}},{"type":"Feature","properties":{"id":"ppm-fr-7447","name":"Camblain Chatelain Wind Farm","capacity_mw":12.0,"fuel_type":"wind","status":"operational","precision":"approximate","source":"powerplantmatching v0.9.0, 2026-10-03 · Global Energy Monitor, OpenStreetMap","source_url":"https://www.openstreetmap.org/relation/13962172","tech":"Onshore","commissioning_year":2021},"geometry":{"type":"Point","coordinates":[2.452,50.467]}},{"type":"Feature","properties":{"id":"ppm-fr-7453","name":"Champ De La Grand Mere Wind Farm","capacity_mw":12.0,"fuel_type":"wind","status":"operational","precision":"approximate","source":"powerplantmatching v0.9.0, 2026-10-03 · Global Energy Monitor, OpenStreetMap","source_url":"https://www.openstreetmap.org/relation/7947886","tech":"Onshore","commissioning_year":2017},"geometry":{"type":"Point","coordinates":[2.321,50.221]}},{"type":"Feature","properties":{"id":"ppm-fr-7454","name":"Brillac Oradour Fanais Wind Farm","capacity_mw":12.0,"fuel_type":"wind","status":"operational","precision":"approximate","source":"powerplantmatching v0.9.0, 2026-10-03 · Global Energy Monitor, OpenStreetMap","source_url":"https://www.openstreetmap.org/relation/13953411","tech":"Onshore","commissioning_year":2021},"geometry":{"type":"Point","coordinates":[0.771,46.095]}},{"type":"Feature","properties":{"id":"ppm-fr-7474","name":"Bois Gautier Wind Farm","capacity_mw":12.0,"fuel_type":"wind","status":"operational","precision":"approximate","source":"powerplantmatching v0.9.0, 2026-10-03 · Global Energy Monitor, OpenStreetMap","source_url":"https://www.openstreetmap.org/relation/12743858","tech":"Onshore","commissioning_year":2020},"geometry":{"type":"Point","coordinates":[-1.196,47.622]}},{"type":"Feature","properties":{"id":"ppm-fr-7475","name":"Bois Joli Wind Farm","capacity_mw":12.0,"fuel_type":"wind","status":"operational","precision":"approximate","source":"powerplantmatching v0.9.0, 2026-10-03 · Global Energy Monitor, OpenStreetMap","source_url":"https://www.openstreetmap.org/relation/10117406","tech":"Onshore","commissioning_year":2017},"geometry":{"type":"Point","coordinates":[-1.788,46.884]}},{"type":"Feature","properties":{"id":"ppm-fr-7476","name":"Bois Louis Wind Farm","capacity_mw":12.0,"fuel_type":"wind","status":"operational","precision":"approximate","source":"powerplantmatching v0.9.0, 2026-10-03 · Global Energy Monitor, OpenStreetMap","source_url":"https://www.openstreetmap.org/relation/7938723","tech":"Onshore","commissioning_year":2006},"geometry":{"type":"Point","coordinates":[1.609,48.0]}},{"type":"Feature","properties":{"id":"ppm-fr-7479","name":"Bois Olivet Wind Farm","capacity_mw":12.0,"fuel_type":"wind","status":"operational","precision":"approximate","source":"powerplantmatching v0.9.0, 2026-10-03 · Global Energy Monitor, OpenStreetMap","source_url":"https://www.openstreetmap.org/relation/13781280","tech":"Onshore","commissioning_year":2021},"geometry":{"type":"Point","coordinates":[1.954,47.182]}},{"type":"Feature","properties":{"id":"ppm-fr-7491","name":"Castelnau Estretefonds Confidentiel Solar Farm","capacity_mw":12.0,"fuel_type":"solar","status":"operational","precision":"approximate","source":"powerplantmatching v0.9.0, 2026-10-03 · Global Energy Monitor, OpenStreetMap","source_url":"https://www.openstreetmap.org/relation/9991637","tech":"PV","commissioning_year":2012},"geometry":{"type":"Point","coordinates":[1.359,43.782]}},{"type":"Feature","properties":{"id":"ppm-fr-7496","name":"Campbon Wind Farm","capacity_mw":12.0,"fuel_type":"wind","status":"operational","precision":"approximate","source":"powerplantmatching v0.9.0, 2026-10-03 · Global Energy Monitor, OpenStreetMap","source_url":"https://www.openstreetmap.org/relation/6618899","tech":"Onshore","commissioning_year":2009},"geometry":{"type":"Point","coordinates":[-2.025,47.416]}},{"type":"Feature","properties":{"id":"ppm-fr-7498","name":"Campremy Bonvillers Wind Farm","capacity_mw":12.0,"fuel_type":"wind","status":"operational","precision":"approximate","source":"powerplantmatching v0.9.0, 2026-10-03 · Global Energy Monitor, OpenStreetMap","source_url":"https://www.openstreetmap.org/relation/7947875","tech":"Onshore","commissioning_year":2011},"geometry":{"type":"Point","coordinates":[2.356,49.564]}},{"type":"Feature","properties":{"id":"ppm-fr-7501","name":"Canet Wind Farm","capacity_mw":12.0,"fuel_type":"wind","status":"operational","precision":"approximate","source":"powerplantmatching v0.9.0, 2026-10-03 · Global Energy Monitor, OpenStreetMap","source_url":"https://www.openstreetmap.org/relation/7992814","tech":"Onshore","commissioning_year":2012},"geometry":{"type":"Point","coordinates":[2.825,43.23]}},{"type":"Feature","properties":{"id":"ppm-fr-7512","name":"Brachy Wind Farm","capacity_mw":12.0,"fuel_type":"wind","status":"operational","precision":"approximate","source":"powerplantmatching v0.9.0, 2026-10-03 · Global Energy Monitor, OpenStreetMap","source_url":"https://www.openstreetmap.org/relation/7970521","tech":"Onshore","commissioning_year":2007},"geometry":{"type":"Point","coordinates":[0.934,49.811]}},{"type":"Feature","properties":{"id":"ppm-fr-7520","name":"Bornes De Cerqueux Wind Farm","capacity_mw":12.0,"fuel_type":"wind","status":"operational","precision":"approximate","source":"powerplantmatching v0.9.0, 2026-10-03 · Global Energy Monitor, OpenStreetMap","source_url":"https://www.openstreetmap.org/relation/7938716","tech":"Onshore","commissioning_year":2007},"geometry":{"type":"Point","coordinates":[1.608,47.974]}},{"type":"Feature","properties":{"id":"ppm-fr-7532","name":"Bonneuil Wind Farm","capacity_mw":12.0,"fuel_type":"wind","status":"operational","precision":"approximate","source":"powerplantmatching v0.9.0, 2026-10-03 · Global Energy Monitor, OpenStreetMap","source_url":"https://www.openstreetmap.org/relation/7952591","tech":"Onshore","commissioning_year":2008},"geometry":{"type":"Point","coordinates":[2.234,49.688]}},{"type":"Feature","properties":{"id":"ppm-fr-7533","name":"Bonneval Wind Farm","capacity_mw":12.0,"fuel_type":"wind","status":"operational","precision":"approximate","source":"powerplantmatching v0.9.0, 2026-10-03 · Global Energy Monitor, OpenStreetMap","source_url":"https://www.openstreetmap.org/relation/2684364","tech":"Onshore","commissioning_year":2006},"geometry":{"type":"Point","coordinates":[1.419,48.199]}},{"type":"Feature","properties":{"id":"ppm-fr-7534","name":"Grange Du Causse Solar Farm","capacity_mw":12.0,"fuel_type":"solar","status":"operational","precision":"approximate","source":"powerplantmatching v0.9.0, 2026-10-03 · Global Energy Monitor, OpenStreetMap","source_url":"https://www.openstreetmap.org/way/1120296909","tech":"PV","commissioning_year":2022},"geometry":{"type":"Point","coordinates":[3.256,43.597]}},{"type":"Feature","properties":{"id":"ppm-fr-7608","name":"Biesles Wind Farm","capacity_mw":12.0,"fuel_type":"wind","status":"operational","precision":"approximate","source":"powerplantmatching v0.9.0, 2026-10-03 · Global Energy Monitor, OpenStreetMap","source_url":"https://www.openstreetmap.org/relation/7986001","tech":"Onshore","commissioning_year":2012},"geometry":{"type":"Point","coordinates":[5.33,48.097]}},{"type":"Feature","properties":{"id":"ppm-fr-7612","name":"Blaiseron Wind Farm","capacity_mw":12.0,"fuel_type":"wind","status":"operational","precision":"approximate","source":"powerplantmatching v0.9.0, 2026-10-03 · Global Energy Monitor, OpenStreetMap","source_url":"https://www.openstreetmap.org/relation/7985992","tech":"Onshore","commissioning_year":2016},"geometry":{"type":"Point","coordinates":[5.014,48.343]}},{"type":"Feature","properties":{"id":"ppm-fr-7617","name":"Bernay Saint Martin Wind Farm","capacity_mw":12.0,"fuel_type":"wind","status":"operational","precision":"approximate","source":"powerplantmatching v0.9.0, 2026-10-03 · Global Energy Monitor, OpenStreetMap","source_url":"https://www.openstreetmap.org/relation/4031867","tech":"Onshore","commissioning_year":2007},"geometry":{"type":"Point","coordinates":[-0.655,46.086]}},{"type":"Feature","properties":{"id":"ppm-fr-7621","name":"Betheniville Wind Farm","capacity_mw":12.0,"fuel_type":"wind","status":"operational","precision":"approximate","source":"powerplantmatching v0.9.0, 2026-10-03 · Global Energy Monitor, OpenStreetMap","source_url":"https://www.openstreetmap.org/relation/7986005","tech":"Onshore","commissioning_year":2015},"geometry":{"type":"Point","coordinates":[4.369,49.317]}},{"type":"Feature","properties":{"id":"ppm-fr-7629","name":"Princay Wind Farm","capacity_mw":12.0,"fuel_type":"wind","status":"operational","precision":"approximate","source":"powerplantmatching v0.9.0, 2026-10-03 · Global Energy Monitor, OpenStreetMap","source_url":"https://www.openstreetmap.org/relation/4031940","tech":"Onshore","commissioning_year":2007},"geometry":{"type":"Point","coordinates":[-0.55,46.389]}},{"type":"Feature","properties":{"id":"ppm-fr-7633","name":"Bazoches Les Gallerandes Wind Farm","capacity_mw":12.0,"fuel_type":"wind","status":"operational","precision":"approximate","source":"powerplantmatching v0.9.0, 2026-10-03 · Global Energy Monitor, OpenStreetMap","source_url":"https://www.openstreetmap.org/relation/7938713","tech":"Onshore","commissioning_year":2008},"geometry":{"type":"Point","coordinates":[2.015,48.15]}},{"type":"Feature","properties":{"id":"ppm-fr-7634","name":"Bazougeais Wind Farm","capacity_mw":12.0,"fuel_type":"wind","status":"operational","precision":"approximate","source":"powerplantmatching v0.9.0, 2026-10-03 · Global Energy Monitor, OpenStreetMap","source_url":"https://www.openstreetmap.org/relation/14367033","tech":"Onshore","commissioning_year":2021},"geometry":{"type":"Point","coordinates":[-1.583,48.417]}},{"type":"Feature","properties":{"id":"ppm-fr-7636","name":"Beaucaire Wind Farm","capacity_mw":12.0,"fuel_type":"wind","status":"operational","precision":"approximate","source":"powerplantmatching v0.9.0, 2026-10-03 · Global Energy Monitor, OpenStreetMap","source_url":"https://www.openstreetmap.org/relation/4031862","tech":"Onshore","commissioning_year":2006},"geometry":{"type":"Point","coordinates":[4.641,43.778]}},{"type":"Feature","properties":{"id":"ppm-fr-7637","name":"Beaufou Wind Farm","capacity_mw":12.0,"fuel_type":"wind","status":"operational","precision":"approximate","source":"powerplantmatching v0.9.0, 2026-10-03 · Global Energy Monitor, OpenStreetMap","source_url":"https://www.openstreetmap.org/relation/4031863","tech":"Onshore","commissioning_year":2007},"geometry":{"type":"Point","coordinates":[-1.552,46.808]}},{"type":"Feature","properties":{"id":"ppm-fr-7638","name":"Beaujolais Vert Wind Farm","capacity_mw":12.0,"fuel_type":"wind","status":"operational","precision":"approximate","source":"powerplantmatching v0.9.0, 2026-10-03 · Global Energy Monitor, OpenStreetMap","source_url":"https://www.openstreetmap.org/relation/13258756","tech":"Onshore","commissioning_year":2020},"geometry":{"type":"Point","coordinates":[4.389,45.948]}},{"type":"Feature","properties":{"id":"ppm-fr-7639","name":"Beaumont Zephyr Wind Farm","capacity_mw":12.0,"fuel_type":"wind","status":"operational","precision":"approximate","source":"powerplantmatching v0.9.0, 2026-10-03 · Global Energy Monitor, OpenStreetMap","source_url":"https://www.openstreetmap.org/relation/6621944","tech":"Onshore","commissioning_year":2014},"geometry":{"type":"Point","coordinates":[-1.44,47.592]}},{"type":"Feature","properties":{"id":"ppm-fr-7641","name":"Bambesch Wind Farm","capacity_mw":12.0,"fuel_type":"wind","status":"operational","precision":"approximate","source":"powerplantmatching v0.9.0, 2026-10-03 · Global Energy Monitor, OpenStreetMap","source_url":"https://www.openstreetmap.org/relation/6902212","tech":"Onshore","commissioning_year":2007},"geometry":{"type":"Point","coordinates":[6.619,49.101]}},{"type":"Feature","properties":{"id":"ppm-fr-7645","name":"Bassigny Wind Farm","capacity_mw":12.0,"fuel_type":"wind","status":"operational","precision":"approximate","source":"powerplantmatching v0.9.0, 2026-10-03 · Global Energy Monitor, OpenStreetMap","source_url":"https://www.openstreetmap.org/relation/7985964","tech":"Onshore","commissioning_year":2008},"geometry":{"type":"Point","coordinates":[5.472,48.017]}},{"type":"Feature","properties":{"id":"ppm-fr-7647","name":"Baudreville Wind Farm","capacity_mw":12.0,"fuel_type":"wind","status":"operational","precision":"approximate","source":"powerplantmatching v0.9.0, 2026-10-03 · Global Energy Monitor, OpenStreetMap","source_url":"https://www.openstreetmap.org/relation/2429375","tech":"Onshore","commissioning_year":2012},"geometry":{"type":"Point","coordinates":[-1.627,49.296]}},{"type":"Feature","properties":{"id":"ppm-fr-7668","name":"Assigny Wind Farm","capacity_mw":12.0,"fuel_type":"wind","status":"operational","precision":"approximate","source":"powerplantmatching v0.9.0, 2026-10-03 · Global Energy Monitor, OpenStreetMap","source_url":"https://www.openstreetmap.org/relation/7970522","tech":"Onshore","commissioning_year":2005},"geometry":{"type":"Point","coordinates":[1.276,49.989]}},{"type":"Feature","properties":{"id":"ppm-fr-7674","name":"Apremont Wind Farm","capacity_mw":12.0,"fuel_type":"wind","status":"operational","precision":"approximate","source":"powerplantmatching v0.9.0, 2026-10-03 · Global Energy Monitor, OpenStreetMap","source_url":"https://www.openstreetmap.org/relation/12140132","tech":"Onshore","commissioning_year":2020},"geometry":{"type":"Point","coordinates":[5.639,46.195]}},{"type":"Feature","properties":{"id":"ppm-fr-7676","name":"Ardouval Wind Farm","capacity_mw":12.0,"fuel_type":"wind","status":"operational","precision":"approximate","source":"powerplantmatching v0.9.0, 2026-10-03 · Global Energy Monitor, OpenStreetMap","source_url":"https://www.openstreetmap.org/relation/7970523","tech":"Onshore","commissioning_year":2013},"geometry":{"type":"Point","coordinates":[1.272,49.758]}},{"type":"Feature","properties":{"id":"ppm-fr-7689","name":"Beauregard Wind Farm","capacity_mw":12.0,"fuel_type":"wind","status":"operational","precision":"approximate","source":"powerplantmatching v0.9.0, 2026-10-03 · Global Energy Monitor, OpenStreetMap","source_url":"https://www.openstreetmap.org/relation/6902142","tech":"Onshore","commissioning_year":2006},"geometry":{"type":"Point","coordinates":[5.258,48.825]}},{"type":"Feature","properties":{"id":"ppm-fr-7720","name":"Aubigeon Wind Farm","capacity_mw":12.0,"fuel_type":"wind","status":"operational","precision":"approximate","source":"powerplantmatching v0.9.0, 2026-10-03 · Global Energy Monitor, OpenStreetMap","source_url":"https://www.openstreetmap.org/relation/7320892","tech":"Onshore","commissioning_year":2015},"geometry":{"type":"Point","coordinates":[2.0,47.038]}},{"type":"Feature","properties":{"id":"ppm-fr-10305","name":"Lugos","capacity_mw":12.0,"fuel_type":"solar","status":"operational","precision":"approximate","source":"powerplantmatching v0.9.0, 2026-10-03 · WRI GPPD, OpenStreetMap","source_url":"https://www.openstreetmap.org/way/719543053","tech":"PV","commissioning_year":2018},"geometry":{"type":"Point","coordinates":[-0.95,44.464]}},{"type":"Feature","properties":{"id":"ppm-fr-10306","name":"Murles","capacity_mw":12.0,"fuel_type":"solar","status":"operational","precision":"approximate","source":"powerplantmatching v0.9.0, 2026-10-03 · WRI GPPD, OpenStreetMap","source_url":"https://www.openstreetmap.org/way/617971973","tech":"PV","commissioning_year":2014},"geometry":{"type":"Point","coordinates":[3.757,43.688]}},{"type":"Feature","properties":{"id":"ppm-fr-10310","name":"Sainte Helene","capacity_mw":12.0,"fuel_type":"solar","status":"operational","precision":"approximate","source":"powerplantmatching v0.9.0, 2026-10-03 · WRI GPPD, OpenStreetMap","source_url":"https://www.openstreetmap.org/relation/8180175","tech":"PV","commissioning_year":2014},"geometry":{"type":"Point","coordinates":[-0.915,44.91]}},{"type":"Feature","properties":{"id":"ppm-fr-10314","name":"Hippodrome","capacity_mw":12.0,"fuel_type":"solar","status":"operational","precision":"approximate","source":"powerplantmatching v0.9.0, 2026-10-03 · WRI GPPD, OpenStreetMap","source_url":"https://www.openstreetmap.org/relation/18213020","tech":"PV","commissioning_year":2015},"geometry":{"type":"Point","coordinates":[-0.672,44.081]}},{"type":"Feature","properties":{"id":"ppm-fr-10317","name":"Langele","capacity_mw":12.0,"fuel_type":"solar","status":"operational","precision":"approximate","source":"powerplantmatching v0.9.0, 2026-10-03 · WRI GPPD, OpenStreetMap","source_url":"https://www.openstreetmap.org/way/612696082","tech":"PV","commissioning_year":2014},"geometry":{"type":"Point","coordinates":[-0.951,43.889]}},{"type":"Feature","properties":{"id":"ppm-fr-10620","name":"Saint Martin De Crau Confidentiel Solar Farm","capacity_mw":12.0,"fuel_type":"solar","status":"operational","precision":"approximate","source":"powerplantmatching v0.9.0, 2026-10-03 · Global Energy Monitor, WRI GPPD","source_url":"https://github.com/PyPSA/powerplantmatching","tech":"PV","commissioning_year":2012},"geometry":{"type":"Point","coordinates":[4.811,43.639]}},{"type":"Feature","properties":{"id":"ppm-fr-12489","name":"Amelecourt Wind Farm","capacity_mw":12.0,"fuel_type":"wind","status":"operational","precision":"approximate","source":"powerplantmatching v0.9.0, 2026-10-03 · Global Energy Monitor","source_url":"https://github.com/PyPSA/powerplantmatching","tech":"Onshore","commissioning_year":2008},"geometry":{"type":"Point","coordinates":[6.473,48.846]}},{"type":"Feature","properties":{"id":"ppm-fr-12902","name":"Attigny Wind Farm","capacity_mw":12.0,"fuel_type":"wind","status":"operational","precision":"approximate","source":"powerplantmatching v0.9.0, 2026-10-03 · Global Energy Monitor","source_url":"https://github.com/PyPSA/powerplantmatching","tech":"Onshore","commissioning_year":2023},"geometry":{"type":"Point","coordinates":[4.576,49.484]}},{"type":"Feature","properties":{"id":"ppm-fr-13236","name":"Baronville Wind Farm","capacity_mw":12.0,"fuel_type":"wind","status":"operational","precision":"approximate","source":"powerplantmatching v0.9.0, 2026-10-03 · Global Energy Monitor","source_url":"https://github.com/PyPSA/powerplantmatching","tech":"Onshore"},"geometry":{"type":"Point","coordinates":[6.582,48.937]}},{"type":"Feature","properties":{"id":"ppm-fr-13285","name":"Beaumontel Wind Farm","capacity_mw":12.0,"fuel_type":"wind","status":"operational","precision":"approximate","source":"powerplantmatching v0.9.0, 2026-10-03 · Global Energy Monitor","source_url":"https://github.com/PyPSA/powerplantmatching","tech":"Onshore","commissioning_year":2020},"geometry":{"type":"Point","coordinates":[0.796,49.095]}},{"type":"Feature","properties":{"id":"ppm-fr-13646","name":"Blanzac Wind Farm","capacity_mw":12.0,"fuel_type":"wind","status":"operational","precision":"approximate","source":"powerplantmatching v0.9.0, 2026-10-03 · Global Energy Monitor","source_url":"https://github.com/PyPSA/powerplantmatching","tech":"Onshore","commissioning_year":2023},"geometry":{"type":"Point","coordinates":[1.481,46.645]}},{"type":"Feature","properties":{"id":"ppm-fr-13739","name":"Bois Brule Wind Farm","capacity_mw":12.0,"fuel_type":"wind","status":"operational","precision":"approximate","source":"powerplantmatching v0.9.0, 2026-10-03 · Global Energy Monitor","source_url":"https://github.com/PyPSA/powerplantmatching","tech":"Onshore","commissioning_year":2011},"geometry":{"type":"Point","coordinates":[1.646,46.006]}},{"type":"Feature","properties":{"id":"ppm-fr-13740","name":"Bois De Arche Wind Farm","capacity_mw":12.0,"fuel_type":"wind","status":"operational","precision":"approximate","source":"powerplantmatching v0.9.0, 2026-10-03 · Global Energy Monitor","source_url":"https://github.com/PyPSA/powerplantmatching","tech":"Onshore","commissioning_year":2006},"geometry":{"type":"Point","coordinates":[1.644,48.29]}},{"type":"Feature","properties":{"id":"ppm-fr-13763","name":"Boralex Pezenes Solar","capacity_mw":12.0,"fuel_type":"solar","status":"operational","precision":"approximate","source":"powerplantmatching v0.9.0, 2026-10-03 · Global Energy Monitor","source_url":"https://github.com/PyPSA/powerplantmatching","tech":"PV","commissioning_year":2022},"geometry":{"type":"Point","coordinates":[3.252,43.589]}},{"type":"Feature","properties":{"id":"ppm-fr-13868","name":"Bouville Wind Farm","capacity_mw":12.0,"fuel_type":"wind","status":"operational","precision":"approximate","source":"powerplantmatching v0.9.0, 2026-10-03 · Global Energy Monitor","source_url":"https://github.com/PyPSA/powerplantmatching","tech":"Onshore","commissioning_year":2008},"geometry":{"type":"Point","coordinates":[1.376,48.273]}},{"type":"Feature","properties":{"id":"ppm-fr-13926","name":"Bray Le Tilleul Othon Wind Farm","capacity_mw":12.0,"fuel_type":"wind","status":"operational","precision":"approximate","source":"powerplantmatching v0.9.0, 2026-10-03 · Global Energy Monitor","source_url":"https://github.com/PyPSA/powerplantmatching","tech":"Onshore","commissioning_year":2018},"geometry":{"type":"Point","coordinates":[0.356,46.353]}},{"type":"Feature","properties":{"id":"ppm-fr-14047","name":"Buigny Les Gamaches Wind Farm","capacity_mw":12.0,"fuel_type":"wind","status":"operational","precision":"approximate","source":"powerplantmatching v0.9.0, 2026-10-03 · Global Energy Monitor","source_url":"https://github.com/PyPSA/powerplantmatching","tech":"Onshore","commissioning_year":2013},"geometry":{"type":"Point","coordinates":[1.57,50.007]}},{"type":"Feature","properties":{"id":"ppm-fr-14994","name":"Cepe De Bajouve Wind Farm","capacity_mw":12.0,"fuel_type":"wind","status":"operational","precision":"approximate","source":"powerplantmatching v0.9.0, 2026-10-03 · Global Energy Monitor","source_url":"https://github.com/PyPSA/powerplantmatching","tech":"Onshore","commissioning_year":2015},"geometry":{"type":"Point","coordinates":[2.396,45.41]}},{"type":"Feature","properties":{"id":"ppm-fr-15050","name":"Champs Perdus Wind Farm","capacity_mw":12.0,"fuel_type":"wind","status":"operational","precision":"approximate","source":"powerplantmatching v0.9.0, 2026-10-03 · Global Energy Monitor","source_url":"https://github.com/PyPSA/powerplantmatching","tech":"Onshore","commissioning_year":2014},"geometry":{"type":"Point","coordinates":[2.572,49.761]}},{"type":"Feature","properties":{"id":"ppm-fr-15064","name":"Chapelle Gaudin Wind Farm","capacity_mw":12.0,"fuel_type":"wind","status":"operational","precision":"approximate","source":"powerplantmatching v0.9.0, 2026-10-03 · Global Energy Monitor","source_url":"https://github.com/PyPSA/powerplantmatching","tech":"Onshore","commissioning_year":2008},"geometry":{"type":"Point","coordinates":[-0.386,46.925]}},{"type":"Feature","properties":{"id":"ppm-fr-15071","name":"Charmont Clemec Wind Farm","capacity_mw":12.0,"fuel_type":"wind","status":"operational","precision":"approximate","source":"powerplantmatching v0.9.0, 2026-10-03 · Global Energy Monitor","source_url":"https://github.com/PyPSA/powerplantmatching","tech":"Onshore","commissioning_year":2010},"geometry":{"type":"Point","coordinates":[4.425,48.495]}},{"type":"Feature","properties":{"id":"ppm-fr-15124","name":"Chicheboville Wind Farm","capacity_mw":12.0,"fuel_type":"wind","status":"operational","precision":"approximate","source":"powerplantmatching v0.9.0, 2026-10-03 · Global Energy Monitor","source_url":"https://github.com/PyPSA/powerplantmatching","tech":"Onshore","commissioning_year":2006},"geometry":{"type":"Point","coordinates":[-0.204,49.085]}},{"type":"Feature","properties":{"id":"ppm-fr-15256","name":"Clamecy Wind Farm","capacity_mw":12.0,"fuel_type":"wind","status":"operational","precision":"approximate","source":"powerplantmatching v0.9.0, 2026-10-03 · Global Energy Monitor","source_url":"https://github.com/PyPSA/powerplantmatching","tech":"Onshore","commissioning_year":2013},"geometry":{"type":"Point","coordinates":[3.281,47.472]}},{"type":"Feature","properties":{"id":"ppm-fr-15512","name":"Croix De La Merotte Wind Farm","capacity_mw":12.0,"fuel_type":"wind","status":"operational","precision":"approximate","source":"powerplantmatching v0.9.0, 2026-10-03 · Global Energy Monitor","source_url":"https://github.com/PyPSA/powerplantmatching","tech":"Onshore","commissioning_year":2022},"geometry":{"type":"Point","coordinates":[0.732,46.209]}},{"type":"Feature","properties":{"id":"ppm-fr-15520","name":"Crouy Et Cuffies Wind Farm","capacity_mw":12.0,"fuel_type":"wind","status":"operational","precision":"approximate","source":"powerplantmatching v0.9.0, 2026-10-03 · Global Energy Monitor","source_url":"https://github.com/PyPSA/powerplantmatching","tech":"Onshore"},"geometry":{"type":"Point","coordinates":[3.194,49.252]}},{"type":"Feature","properties":{"id":"ppm-fr-15719","name":"Dargies Wind Farm","capacity_mw":12.0,"fuel_type":"wind","status":"operational","precision":"approximate","source":"powerplantmatching v0.9.0, 2026-10-03 · Global Energy Monitor","source_url":"https://github.com/PyPSA/powerplantmatching","tech":"Onshore","commissioning_year":2014},"geometry":{"type":"Point","coordinates":[1.981,49.699]}},{"type":"Feature","properties":{"id":"ppm-fr-15852","name":"Diou Confidentiel Solar Farm","capacity_mw":12.0,"fuel_type":"solar","status":"operational","precision":"approximate","source":"powerplantmatching v0.9.0, 2026-10-03 · Global Energy Monitor","source_url":"https://github.com/PyPSA/powerplantmatching","tech":"PV","commissioning_year":2013},"geometry":{"type":"Point","coordinates":[3.747,46.533]}},{"type":"Feature","properties":{"id":"ppm-fr-16024","name":"Dizy Obi Wind Farm","capacity_mw":12.0,"fuel_type":"wind","status":"operational","precision":"approximate","source":"powerplantmatching v0.9.0, 2026-10-03 · Global Energy Monitor","source_url":"https://github.com/PyPSA/powerplantmatching","tech":"Onshore","commissioning_year":2015},"geometry":{"type":"Point","coordinates":[3.987,49.642]}},{"type":"Feature","properties":{"id":"ppm-fr-16426","name":"Energie Dizy Wind Farm","capacity_mw":12.0,"fuel_type":"wind","status":"operational","precision":"approximate","source":"powerplantmatching v0.9.0, 2026-10-03 · Global Energy Monitor","source_url":"https://github.com/PyPSA/powerplantmatching","tech":"Onshore","commissioning_year":2017},"geometry":{"type":"Point","coordinates":[3.997,49.627]}},{"type":"Feature","properties":{"id":"ppm-fr-16435","name":"Energies De Longes Champs Wind Farm","capacity_mw":12.0,"fuel_type":"wind","status":"operational","precision":"approximate","source":"powerplantmatching v0.9.0, 2026-10-03 · Global Energy Monitor","source_url":"https://github.com/PyPSA/powerplantmatching","tech":"Onshore","commissioning_year":2016},"geometry":{"type":"Point","coordinates":[0.915,49.884]}},{"type":"Feature","properties":{"id":"ppm-fr-16481","name":"Erize St Dizier Wind Farm","capacity_mw":12.0,"fuel_type":"wind","status":"operational","precision":"approximate","source":"powerplantmatching v0.9.0, 2026-10-03 · Global Energy Monitor","source_url":"https://github.com/PyPSA/powerplantmatching","tech":"Onshore","commissioning_year":2008},"geometry":{"type":"Point","coordinates":[5.267,48.825]}},{"type":"Feature","properties":{"id":"ppm-fr-16505","name":"Escardes Wind Farm","capacity_mw":12.0,"fuel_type":"wind","status":"operational","precision":"approximate","source":"powerplantmatching v0.9.0, 2026-10-03 · Global Energy Monitor","source_url":"https://github.com/PyPSA/powerplantmatching","tech":"Onshore","commissioning_year":2016},"geometry":{"type":"Point","coordinates":[3.499,48.673]}},{"type":"Feature","properties":{"id":"ppm-fr-16918","name":"Frenouville Wind Farm","capacity_mw":12.0,"fuel_type":"wind","status":"operational","precision":"approximate","source":"powerplantmatching v0.9.0, 2026-10-03 · Global Energy Monitor","source_url":"https://github.com/PyPSA/powerplantmatching","tech":"Onshore","commissioning_year":2009},"geometry":{"type":"Point","coordinates":[-0.258,49.125]}},{"type":"Feature","properties":{"id":"ppm-fr-16919","name":"Fresnes En Saulnois Wind Farm","capacity_mw":12.0,"fuel_type":"wind","status":"operational","precision":"approximate","source":"powerplantmatching v0.9.0, 2026-10-03 · Global Energy Monitor","source_url":"https://github.com/PyPSA/powerplantmatching","tech":"Onshore","commissioning_year":2008},"geometry":{"type":"Point","coordinates":[6.457,48.827]}},{"type":"Feature","properties":{"id":"ppm-fr-17121","name":"Gennetines Solar Farm","capacity_mw":12.0,"fuel_type":"solar","status":"operational","precision":"approximate","source":"powerplantmatching v0.9.0, 2026-10-03 · Global Energy Monitor","source_url":"https://github.com/PyPSA/powerplantmatching","tech":"PV","commissioning_year":2014},"geometry":{"type":"Point","coordinates":[3.408,46.636]}},{"type":"Feature","properties":{"id":"ppm-fr-17144","name":"Gery Wind Farm","capacity_mw":12.0,"fuel_type":"wind","status":"operational","precision":"approximate","source":"powerplantmatching v0.9.0, 2026-10-03 · Global Energy Monitor","source_url":"https://github.com/PyPSA/powerplantmatching","tech":"Onshore","commissioning_year":2009},"geometry":{"type":"Point","coordinates":[5.307,48.791]}},{"type":"Feature","properties":{"id":"ppm-fr-17376","name":"Grandes Chapelles Wind Farm","capacity_mw":12.0,"fuel_type":"wind","status":"operational","precision":"approximate","source":"powerplantmatching v0.9.0, 2026-10-03 · Global Energy Monitor","source_url":"https://github.com/PyPSA/powerplantmatching","tech":"Onshore","commissioning_year":2009},"geometry":{"type":"Point","coordinates":[4.049,48.45]}},{"type":"Feature","properties":{"id":"ppm-fr-18592","name":"Kerigaret Wind Farm","capacity_mw":12.0,"fuel_type":"wind","status":"operational","precision":"approximate","source":"powerplantmatching v0.9.0, 2026-10-03 · Global Energy Monitor","source_url":"https://github.com/PyPSA/powerplantmatching","tech":"Onshore","commissioning_year":2007},"geometry":{"type":"Point","coordinates":[-4.39,48.002]}},{"type":"Feature","properties":{"id":"ppm-fr-19221","name":"La Butte Des Fraus Wind Farm","capacity_mw":12.0,"fuel_type":"wind","status":"operational","precision":"approximate","source":"powerplantmatching v0.9.0, 2026-10-03 · Global Energy Monitor","source_url":"https://github.com/PyPSA/powerplantmatching","tech":"Onshore","commissioning_year":2006},"geometry":{"type":"Point","coordinates":[-2.481,48.097]}},{"type":"Feature","properties":{"id":"ppm-fr-19255","name":"La Margotte Wind Farm","capacity_mw":12.0,"fuel_type":"wind","status":"operational","precision":"approximate","source":"powerplantmatching v0.9.0, 2026-10-03 · Global Energy Monitor","source_url":"https://github.com/PyPSA/powerplantmatching","tech":"Onshore","commissioning_year":2009},"geometry":{"type":"Point","coordinates":[4.914,49.59]}},{"type":"Feature","properties":{"id":"ppm-fr-19275","name":"La Seauve Wind Farm","capacity_mw":12.0,"fuel_type":"wind","status":"operational","precision":"approximate","source":"powerplantmatching v0.9.0, 2026-10-03 · Global Energy Monitor","source_url":"https://github.com/PyPSA/powerplantmatching","tech":"Onshore"},"geometry":{"type":"Point","coordinates":[4.948,44.676]}},{"type":"Feature","properties":{"id":"ppm-fr-19606","name":"Laz Confidentiel Solar","capacity_mw":12.0,"fuel_type":"solar","status":"operational","precision":"approximate","source":"powerplantmatching v0.9.0, 2026-10-03 · Global Energy Monitor","source_url":"https://github.com/PyPSA/powerplantmatching","tech":"PV","commissioning_year":2023},"geometry":{"type":"Point","coordinates":[-3.836,48.137]}},{"type":"Feature","properties":{"id":"ppm-fr-19622","name":"Le Charmois Wind Farm","capacity_mw":12.0,"fuel_type":"wind","status":"operational","precision":"approximate","source":"powerplantmatching v0.9.0, 2026-10-03 · Global Energy Monitor","source_url":"https://github.com/PyPSA/powerplantmatching","tech":"Onshore","commissioning_year":2012},"geometry":{"type":"Point","coordinates":[5.511,48.592]}},{"type":"Feature","properties":{"id":"ppm-fr-19697","name":"Les Banlees Wind Farm","capacity_mw":12.0,"fuel_type":"wind","status":"operational","precision":"approximate","source":"powerplantmatching v0.9.0, 2026-10-03 · Global Energy Monitor","source_url":"https://github.com/PyPSA/powerplantmatching","tech":"Onshore","commissioning_year":2009},"geometry":{"type":"Point","coordinates":[4.086,48.462]}},{"type":"Feature","properties":{"id":"ppm-fr-19731","name":"Les Vatines Wind Farm","capacity_mw":12.0,"fuel_type":"wind","status":"operational","precision":"approximate","source":"powerplantmatching v0.9.0, 2026-10-03 · Global Energy Monitor","source_url":"https://github.com/PyPSA/powerplantmatching","tech":"Onshore","commissioning_year":2008},"geometry":{"type":"Point","coordinates":[1.513,49.802]}},{"type":"Feature","properties":{"id":"ppm-fr-20316","name":"Mardeaux Wind Farm","capacity_mw":12.0,"fuel_type":"wind","status":"operational","precision":"approximate","source":"powerplantmatching v0.9.0, 2026-10-03 · Global Energy Monitor","source_url":"https://github.com/PyPSA/powerplantmatching","tech":"Onshore","commissioning_year":2006},"geometry":{"type":"Point","coordinates":[1.347,47.918]}},{"type":"Feature","properties":{"id":"ppm-fr-20319","name":"Marettes Wind Farm","capacity_mw":12.0,"fuel_type":"wind","status":"operational","precision":"approximate","source":"powerplantmatching v0.9.0, 2026-10-03 · Global Energy Monitor","source_url":"https://github.com/PyPSA/powerplantmatching","tech":"Onshore","commissioning_year":2008},"geometry":{"type":"Point","coordinates":[0.987,49.73]}},{"type":"Feature","properties":{"id":"ppm-fr-20353","name":"Marsanne Wind Farm","capacity_mw":12.0,"fuel_type":"wind","status":"operational","precision":"approximate","source":"powerplantmatching v0.9.0, 2026-10-03 · Global Energy Monitor","source_url":"https://github.com/PyPSA/powerplantmatching","tech":"Onshore","commissioning_year":2008},"geometry":{"type":"Point","coordinates":[4.88,44.68]}},{"type":"Feature","properties":{"id":"ppm-fr-20520","name":"Mesnil Rousset Wind Farm","capacity_mw":12.0,"fuel_type":"wind","status":"operational","precision":"approximate","source":"powerplantmatching v0.9.0, 2026-10-03 · Global Energy Monitor","source_url":"https://github.com/PyPSA/powerplantmatching","tech":"Onshore","commissioning_year":2015},"geometry":{"type":"Point","coordinates":[0.586,48.911]}},{"type":"Feature","properties":{"id":"ppm-fr-20784","name":"Mont Hiette Rely Norrent Fontes Wind Farm","capacity_mw":12.0,"fuel_type":"wind","status":"construction","precision":"approximate","source":"powerplantmatching v0.9.0, 2026-10-03 · Global Energy Monitor","source_url":"https://github.com/PyPSA/powerplantmatching","tech":"Onshore","commissioning_year":2026},"geometry":{"type":"Point","coordinates":[2.383,50.576]}},{"type":"Feature","properties":{"id":"ppm-fr-20833","name":"Montelu Wind Farm","capacity_mw":12.0,"fuel_type":"wind","status":"operational","precision":"approximate","source":"powerplantmatching v0.9.0, 2026-10-03 · Global Energy Monitor","source_url":"https://github.com/PyPSA/powerplantmatching","tech":"Onshore"},"geometry":{"type":"Point","coordinates":[5.712,45.189]}},{"type":"Feature","properties":{"id":"ppm-fr-20851","name":"Montlouby Wind Farm","capacity_mw":12.0,"fuel_type":"wind","status":"operational","precision":"approximate","source":"powerplantmatching v0.9.0, 2026-10-03 · Global Energy Monitor","source_url":"https://github.com/PyPSA/powerplantmatching","tech":"Onshore","commissioning_year":2008},"geometry":{"type":"Point","coordinates":[3.094,45.131]}},{"type":"Feature","properties":{"id":"ppm-fr-21092","name":"Nibas Wind Farm","capacity_mw":12.0,"fuel_type":"wind","status":"operational","precision":"approximate","source":"powerplantmatching v0.9.0, 2026-10-03 · Global Energy Monitor","source_url":"https://github.com/PyPSA/powerplantmatching","tech":"Onshore","commissioning_year":2004},"geometry":{"type":"Point","coordinates":[1.588,50.078]}},{"type":"Feature","properties":{"id":"ppm-fr-21171","name":"Noirterre Wind Farm","capacity_mw":12.0,"fuel_type":"wind","status":"operational","precision":"approximate","source":"powerplantmatching v0.9.0, 2026-10-03 · Global Energy Monitor","source_url":"https://github.com/PyPSA/powerplantmatching","tech":"Onshore","commissioning_year":2011},"geometry":{"type":"Point","coordinates":[-0.48,46.855]}},{"type":"Feature","properties":{"id":"ppm-fr-21590","name":"Oresmaux Wind Farm","capacity_mw":12.0,"fuel_type":"wind","status":"operational","precision":"approximate","source":"powerplantmatching v0.9.0, 2026-10-03 · Global Energy Monitor","source_url":"https://github.com/PyPSA/powerplantmatching","tech":"Onshore","commissioning_year":2008},"geometry":{"type":"Point","coordinates":[2.246,49.763]}},{"type":"Feature","properties":{"id":"ppm-fr-21614","name":"Orvilliers Saint Julien Wind Farm","capacity_mw":12.0,"fuel_type":"wind","status":"operational","precision":"approximate","source":"powerplantmatching v0.9.0, 2026-10-03 · Global Energy Monitor","source_url":"https://github.com/PyPSA/powerplantmatching","tech":"Onshore","commissioning_year":2010},"geometry":{"type":"Point","coordinates":[3.816,48.488]}},{"type":"Feature","properties":{"id":"ppm-fr-21691","name":"Ourseole Wind Farm","capacity_mw":12.0,"fuel_type":"wind","status":"operational","precision":"approximate","source":"powerplantmatching v0.9.0, 2026-10-03 · Global Energy Monitor","source_url":"https://github.com/PyPSA/powerplantmatching","tech":"Onshore","commissioning_year":2009},"geometry":{"type":"Point","coordinates":[4.994,44.655]}},{"type":"Feature","properties":{"id":"ppm-fr-22091","name":"Petit Arbre Wind Farm","capacity_mw":12.0,"fuel_type":"wind","status":"operational","precision":"approximate","source":"powerplantmatching v0.9.0, 2026-10-03 · Global Energy Monitor","source_url":"https://github.com/PyPSA/powerplantmatching","tech":"Onshore"},"geometry":{"type":"Point","coordinates":[2.733,49.841]}},{"type":"Feature","properties":{"id":"ppm-fr-22347","name":"Plaine De Beaunay Wind Farm","capacity_mw":12.0,"fuel_type":"wind","status":"operational","precision":"approximate","source":"powerplantmatching v0.9.0, 2026-10-03 · Global Energy Monitor","source_url":"https://github.com/PyPSA/powerplantmatching","tech":"Onshore","commissioning_year":2017},"geometry":{"type":"Point","coordinates":[0.986,49.749]}},{"type":"Feature","properties":{"id":"ppm-fr-22392","name":"Plomodiern Wind Farm","capacity_mw":12.0,"fuel_type":"wind","status":"operational","precision":"approximate","source":"powerplantmatching v0.9.0, 2026-10-03 · Global Energy Monitor","source_url":"https://github.com/PyPSA/powerplantmatching","tech":"Onshore","commissioning_year":2009},"geometry":{"type":"Point","coordinates":[-4.136,48.182]}},{"type":"Feature","properties":{"id":"ppm-fr-22617","name":"Pouille Hermenault Wind Farm","capacity_mw":12.0,"fuel_type":"wind","status":"operational","precision":"approximate","source":"powerplantmatching v0.9.0, 2026-10-03 · Global Energy Monitor","source_url":"https://github.com/PyPSA/powerplantmatching","tech":"Onshore","commissioning_year":2008},"geometry":{"type":"Point","coordinates":[-0.922,46.514]}},{"type":"Feature","properties":{"id":"ppm-fr-22743","name":"Prouville Wind Farm","capacity_mw":12.0,"fuel_type":"wind","status":"operational","precision":"approximate","source":"powerplantmatching v0.9.0, 2026-10-03 · Global Energy Monitor","source_url":"https://github.com/PyPSA/powerplantmatching","tech":"Onshore","commissioning_year":2012},"geometry":{"type":"Point","coordinates":[2.139,50.159]}},{"type":"Feature","properties":{"id":"ppm-fr-22807","name":"Puits De Vaudron Wind Farm","capacity_mw":12.0,"fuel_type":"wind","status":"operational","precision":"approximate","source":"powerplantmatching v0.9.0, 2026-10-03 · Global Energy Monitor","source_url":"https://github.com/PyPSA/powerplantmatching","tech":"Onshore","commissioning_year":2006},"geometry":{"type":"Point","coordinates":[1.62,48.128]}},{"type":"Feature","properties":{"id":"ppm-fr-22926","name":"Rascaillac Wind Farm","capacity_mw":12.0,"fuel_type":"wind","status":"operational","precision":"approximate","source":"powerplantmatching v0.9.0, 2026-10-03 · Global Energy Monitor","source_url":"https://github.com/PyPSA/powerplantmatching","tech":"Onshore","commissioning_year":2009},"geometry":{"type":"Point","coordinates":[2.654,43.683]}},{"type":"Feature","properties":{"id":"ppm-fr-23000","name":"Remilly Wirquin Wind Farm","capacity_mw":12.0,"fuel_type":"wind","status":"operational","precision":"approximate","source":"powerplantmatching v0.9.0, 2026-10-03 · Global Energy Monitor","source_url":"https://github.com/PyPSA/powerplantmatching","tech":"Onshore","commissioning_year":2008},"geometry":{"type":"Point","coordinates":[2.169,50.669]}},{"type":"Feature","properties":{"id":"ppm-fr-23361","name":"Saint Ambroix Wind Farm","capacity_mw":12.0,"fuel_type":"wind","status":"operational","precision":"approximate","source":"powerplantmatching v0.9.0, 2026-10-03 · Global Energy Monitor","source_url":"https://github.com/PyPSA/powerplantmatching","tech":"Onshore","commissioning_year":2019},"geometry":{"type":"Point","coordinates":[2.147,46.923]}},{"type":"Feature","properties":{"id":"ppm-fr-23364","name":"Saint Andre Wind Farm","capacity_mw":12.0,"fuel_type":"wind","status":"operational","precision":"approximate","source":"powerplantmatching v0.9.0, 2026-10-03 · Global Energy Monitor","source_url":"https://github.com/PyPSA/powerplantmatching","tech":"Onshore","commissioning_year":2008},"geometry":{"type":"Point","coordinates":[2.286,49.577]}},{"type":"Feature","properties":{"id":"ppm-fr-23420","name":"Saint Leger Sur Vouzance Confidentiel Solar Farm","capacity_mw":12.0,"fuel_type":"solar","status":"operational","precision":"approximate","source":"powerplantmatching v0.9.0, 2026-10-03 · Global Energy Monitor","source_url":"https://github.com/PyPSA/powerplantmatching","tech":"PV","commissioning_year":2016},"geometry":{"type":"Point","coordinates":[3.936,46.41]}},{"type":"Feature","properties":{"id":"ppm-fr-23637","name":"Sauveterre Wind Farm","capacity_mw":12.0,"fuel_type":"wind","status":"operational","precision":"approximate","source":"powerplantmatching v0.9.0, 2026-10-03 · Global Energy Monitor","source_url":"https://github.com/PyPSA/powerplantmatching","tech":"Onshore","commissioning_year":2009},"geometry":{"type":"Point","coordinates":[2.55,43.475]}},{"type":"Feature","properties":{"id":"ppm-fr-24091","name":"Solaire Jussac Solar Farm","capacity_mw":12.0,"fuel_type":"solar","status":"operational","precision":"approximate","source":"powerplantmatching v0.9.0, 2026-10-03 · Global Energy Monitor","source_url":"https://github.com/PyPSA/powerplantmatching","tech":"PV","commissioning_year":2011},"geometry":{"type":"Point","coordinates":[2.421,44.988]}},{"type":"Feature","properties":{"id":"ppm-fr-24977","name":"Thire Wind Farm","capacity_mw":12.0,"fuel_type":"wind","status":"operational","precision":"approximate","source":"powerplantmatching v0.9.0, 2026-10-03 · Global Energy Monitor","source_url":"https://github.com/PyPSA/powerplantmatching","tech":"Onshore","commissioning_year":2008},"geometry":{"type":"Point","coordinates":[-1.02,46.544]}},{"type":"Feature","properties":{"id":"ppm-fr-24983","name":"Thouarsais Wind Farm","capacity_mw":12.0,"fuel_type":"wind","status":"operational","precision":"approximate","source":"powerplantmatching v0.9.0, 2026-10-03 · Global Energy Monitor","source_url":"https://github.com/PyPSA/powerplantmatching","tech":"Onshore","commissioning_year":2008},"geometry":{"type":"Point","coordinates":[-0.333,46.923]}},{"type":"Feature","properties":{"id":"ppm-fr-25131","name":"Tourette Wind Farm","capacity_mw":12.0,"fuel_type":"wind","status":"operational","precision":"approximate","source":"powerplantmatching v0.9.0, 2026-10-03 · Global Energy Monitor","source_url":"https://github.com/PyPSA/powerplantmatching","tech":"Onshore","commissioning_year":2012},"geometry":{"type":"Point","coordinates":[2.317,50.088]}},{"type":"Feature","properties":{"id":"ppm-fr-25440","name":"Valanjou Wind Farm","capacity_mw":12.0,"fuel_type":"wind","status":"operational","precision":"approximate","source":"powerplantmatching v0.9.0, 2026-10-03 · Global Energy Monitor","source_url":"https://github.com/PyPSA/powerplantmatching","tech":"Onshore","commissioning_year":2011},"geometry":{"type":"Point","coordinates":[-0.558,47.213]}},{"type":"Feature","properties":{"id":"ppm-fr-25563","name":"Vallee Du Moulin Wind Farm","capacity_mw":12.0,"fuel_type":"wind","status":"operational","precision":"approximate","source":"powerplantmatching v0.9.0, 2026-10-03 · Global Energy Monitor","source_url":"https://github.com/PyPSA/powerplantmatching","tech":"Onshore","commissioning_year":2010},"geometry":{"type":"Point","coordinates":[2.156,48.219]}},{"type":"Feature","properties":{"id":"ppm-fr-25691","name":"Venoy Beine Wind Farm","capacity_mw":12.0,"fuel_type":"wind","status":"operational","precision":"approximate","source":"powerplantmatching v0.9.0, 2026-10-03 · Global Energy Monitor","source_url":"https://github.com/PyPSA/powerplantmatching","tech":"Onshore","commissioning_year":2013},"geometry":{"type":"Point","coordinates":[3.697,47.801]}},{"type":"Feature","properties":{"id":"ppm-fr-25768","name":"Vieille Carriere Wind Farm","capacity_mw":12.0,"fuel_type":"wind","status":"operational","precision":"approximate","source":"powerplantmatching v0.9.0, 2026-10-03 · Global Energy Monitor","source_url":"https://github.com/PyPSA/powerplantmatching","tech":"Onshore","commissioning_year":2017},"geometry":{"type":"Point","coordinates":[3.506,49.758]}},{"type":"Feature","properties":{"id":"ppm-fr-25822","name":"Villegly Confidentiel Solar","capacity_mw":12.0,"fuel_type":"solar","status":"operational","precision":"approximate","source":"powerplantmatching v0.9.0, 2026-10-03 · Global Energy Monitor","source_url":"https://github.com/PyPSA/powerplantmatching","tech":"PV","commissioning_year":2024},"geometry":{"type":"Point","coordinates":[2.441,43.288]}},{"type":"Feature","properties":{"id":"ppm-fr-25902","name":"Vouthon Haut Wind Farm","capacity_mw":12.0,"fuel_type":"wind","status":"operational","precision":"approximate","source":"powerplantmatching v0.9.0, 2026-10-03 · Global Energy Monitor","source_url":"https://github.com/PyPSA/powerplantmatching","tech":"Onshore","commissioning_year":2008},"geometry":{"type":"Point","coordinates":[5.619,48.476]}},{"type":"Feature","properties":{"id":"ppm-fr-26211","name":"Xambes Wind Farm","capacity_mw":12.0,"fuel_type":"wind","status":"operational","precision":"approximate","source":"powerplantmatching v0.9.0, 2026-10-03 · Global Energy Monitor","source_url":"https://github.com/PyPSA/powerplantmatching","tech":"Onshore","commissioning_year":2008},"geometry":{"type":"Point","coordinates":[0.097,45.82]}},{"type":"Feature","properties":{"id":"ppm-fr-7185","name":"Estezargues Confidentiel Solar Farm","capacity_mw":11.9,"fuel_type":"solar","status":"operational","precision":"approximate","source":"powerplantmatching v0.9.0, 2026-10-03 · Global Energy Monitor, OpenStreetMap","source_url":"https://www.openstreetmap.org/way/555328705","tech":"PV","commissioning_year":2013},"geometry":{"type":"Point","coordinates":[4.637,43.941]}},{"type":"Feature","properties":{"id":"ppm-fr-15759","name":"Decize Confidentiel Solar Farm","capacity_mw":11.9,"fuel_type":"solar","status":"operational","precision":"approximate","source":"powerplantmatching v0.9.0, 2026-10-03 · Global Energy Monitor","source_url":"https://github.com/PyPSA/powerplantmatching","tech":"PV","commissioning_year":2021},"geometry":{"type":"Point","coordinates":[3.462,46.828]}},{"type":"Feature","properties":{"id":"ppm-fr-1909","name":"Champcella","capacity_mw":11.8,"fuel_type":"hydro","status":"operational","precision":"approximate","source":"powerplantmatching v0.9.0, 2026-10-03 · JRC (European Commission), Global Hydropower Resources, OpenStreetMap, GEO","source_url":"https://www.openstreetmap.org/way/868179820","tech":"Reservoir","commissioning_year":1909},"geometry":{"type":"Point","coordinates":[6.575,44.737]}},{"type":"Feature","properties":{"id":"ppm-fr-1912","name":"Rhue La Rhue La","capacity_mw":11.8,"fuel_type":"hydro","status":"operational","precision":"approximate","source":"powerplantmatching v0.9.0, 2026-10-03 · JRC (European Commission), Global Hydropower Resources, OpenStreetMap, GEO","source_url":"https://www.openstreetmap.org/relation/9757241","tech":"Reservoir","commissioning_year":1952},"geometry":{"type":"Point","coordinates":[2.499,45.415]}},{"type":"Feature","properties":{"id":"ppm-fr-3393","name":"Centrale De Villeraze Solar Farm","capacity_mw":11.8,"fuel_type":"solar","status":"operational","precision":"approximate","source":"powerplantmatching v0.9.0, 2026-10-03 · Global Energy Monitor, WRI GPPD, OpenStreetMap","source_url":"https://www.openstreetmap.org/way/1103435011","tech":"PV","commissioning_year":2022},"geometry":{"type":"Point","coordinates":[2.402,43.27]}},{"type":"Feature","properties":{"id":"ppm-fr-6435","name":"Tripleville Wind Farm","capacity_mw":11.8,"fuel_type":"wind","status":"operational","precision":"approximate","source":"powerplantmatching v0.9.0, 2026-10-03 · Global Energy Monitor, OpenStreetMap","source_url":"https://www.openstreetmap.org/relation/20345504","tech":"Onshore","commissioning_year":2012},"geometry":{"type":"Point","coordinates":[1.935,50.608]}},{"type":"Feature","properties":{"id":"ppm-fr-7623","name":"Cagneux Wind Farm","capacity_mw":11.8,"fuel_type":"wind","status":"operational","precision":"approximate","source":"powerplantmatching v0.9.0, 2026-10-03 · Global Energy Monitor, OpenStreetMap","source_url":"https://www.openstreetmap.org/relation/11174793","tech":"Onshore","commissioning_year":2019},"geometry":{"type":"Point","coordinates":[1.915,49.772]}},{"type":"Feature","properties":{"id":"ppm-fr-7756","name":"Aerodrome De Munchhouse Solar","capacity_mw":11.8,"fuel_type":"solar","status":"operational","precision":"approximate","source":"powerplantmatching v0.9.0, 2026-10-03 · Global Energy Monitor, OpenStreetMap","source_url":"https://www.openstreetmap.org/relation/15867056","tech":"PV","commissioning_year":2022},"geometry":{"type":"Point","coordinates":[7.452,47.869]}},{"type":"Feature","properties":{"id":"ppm-fr-12816","name":"Armoriris Parves Et Nattages Solar Farm","capacity_mw":11.8,"fuel_type":"solar","status":"operational","precision":"approximate","source":"powerplantmatching v0.9.0, 2026-10-03 · Global Energy Monitor","source_url":"https://github.com/PyPSA/powerplantmatching","tech":"PV","commissioning_year":2022},"geometry":{"type":"Point","coordinates":[5.75,45.732]}},{"type":"Feature","properties":{"id":"ppm-fr-13381","name":"Bettenbos Wind Farm","capacity_mw":11.8,"fuel_type":"wind","status":"operational","precision":"approximate","source":"powerplantmatching v0.9.0, 2026-10-03 · Global Energy Monitor","source_url":"https://github.com/PyPSA/powerplantmatching","tech":"Onshore"},"geometry":{"type":"Point","coordinates":[1.879,49.797]}},{"type":"Feature","properties":{"id":"ppm-fr-14142","name":"Caderousse Solar Farm","capacity_mw":11.8,"fuel_type":"solar","status":"operational","precision":"approximate","source":"powerplantmatching v0.9.0, 2026-10-03 · Global Energy Monitor","source_url":"https://github.com/PyPSA/powerplantmatching","tech":"PV","commissioning_year":2020},"geometry":{"type":"Point","coordinates":[4.757,44.103]}},{"type":"Feature","properties":{"id":"ppm-fr-6353","name":"Vermenton Les Poulettes Solar Farm","capacity_mw":11.7,"fuel_type":"solar","status":"operational","precision":"approximate","source":"powerplantmatching v0.9.0, 2026-10-03 · Global Energy Monitor, OpenStreetMap","source_url":"https://www.openstreetmap.org/way/834961338","tech":"PV","commissioning_year":2020},"geometry":{"type":"Point","coordinates":[3.75,47.669]}},{"type":"Feature","properties":{"id":"ppm-fr-12338","name":"Albi Confidentiel Solar Farm","capacity_mw":11.7,"fuel_type":"solar","status":"operational","precision":"approximate","source":"powerplantmatching v0.9.0, 2026-10-03 · Global Energy Monitor","source_url":"https://github.com/PyPSA/powerplantmatching","tech":"PV","commissioning_year":2010},"geometry":{"type":"Point","coordinates":[2.141,43.924]}},{"type":"Feature","properties":{"id":"ppm-fr-12339","name":"Albias Confidentiel Solar Farm","capacity_mw":11.7,"fuel_type":"solar","status":"operational","precision":"approximate","source":"powerplantmatching v0.9.0, 2026-10-03 · Global Energy Monitor","source_url":"https://github.com/PyPSA/powerplantmatching","tech":"PV","commissioning_year":2011},"geometry":{"type":"Point","coordinates":[1.45,44.091]}},{"type":"Feature","properties":{"id":"ppm-fr-25248","name":"Tuchan Wind Farm","capacity_mw":11.7,"fuel_type":"wind","status":"operational","precision":"approximate","source":"powerplantmatching v0.9.0, 2026-10-03 · Global Energy Monitor","source_url":"https://github.com/PyPSA/powerplantmatching","tech":"Onshore","commissioning_year":2009},"geometry":{"type":"Point","coordinates":[2.741,42.918]}},{"type":"Feature","properties":{"id":"ppm-fr-6683","name":"Menestreau Confidentiel Solar","capacity_mw":11.6,"fuel_type":"solar","status":"operational","precision":"approximate","source":"powerplantmatching v0.9.0, 2026-10-03 · Global Energy Monitor, OpenStreetMap","source_url":"https://www.openstreetmap.org/relation/20143313","tech":"PV","commissioning_year":2025},"geometry":{"type":"Point","coordinates":[3.256,47.416]}},{"type":"Feature","properties":{"id":"ppm-fr-7460","name":"Cessieu Solar","capacity_mw":11.6,"fuel_type":"solar","status":"operational","precision":"approximate","source":"powerplantmatching v0.9.0, 2026-10-03 · Global Energy Monitor, OpenStreetMap","source_url":"https://www.openstreetmap.org/way/1341137815","tech":"PV","commissioning_year":2025},"geometry":{"type":"Point","coordinates":[5.382,45.567]}},{"type":"Feature","properties":{"id":"ppm-fr-7690","name":"Beaurepaire Confidentiel Solar Farm","capacity_mw":11.6,"fuel_type":"solar","status":"operational","precision":"approximate","source":"powerplantmatching v0.9.0, 2026-10-03 · Global Energy Monitor, OpenStreetMap","source_url":"https://www.openstreetmap.org/way/1124319421","tech":"PV","commissioning_year":2022},"geometry":{"type":"Point","coordinates":[-1.088,46.911]}},{"type":"Feature","properties":{"id":"ppm-fr-7693","name":"Bedarieux Confidentiel Solar Farm","capacity_mw":11.6,"fuel_type":"solar","status":"operational","precision":"approximate","source":"powerplantmatching v0.9.0, 2026-10-03 · Global Energy Monitor, OpenStreetMap","source_url":"https://www.openstreetmap.org/way/758257150","tech":"PV","commissioning_year":2015},"geometry":{"type":"Point","coordinates":[3.158,43.615]}},{"type":"Feature","properties":{"id":"ppm-fr-23374","name":"Saint Cyprien Confidentiel Solar Farm","capacity_mw":11.6,"fuel_type":"solar","status":"operational","precision":"approximate","source":"powerplantmatching v0.9.0, 2026-10-03 · Global Energy Monitor","source_url":"https://github.com/PyPSA/powerplantmatching","tech":"PV","commissioning_year":2013},"geometry":{"type":"Point","coordinates":[4.236,45.538]}},{"type":"Feature","properties":{"id":"ppm-fr-6578","name":"Pe De Fontfroide Wind Farm","capacity_mw":11.5,"fuel_type":"wind","status":"operational","precision":"approximate","source":"powerplantmatching v0.9.0, 2026-10-03 · Global Energy Monitor, OpenStreetMap","source_url":"https://www.openstreetmap.org/relation/20345589","tech":"Onshore","commissioning_year":2012},"geometry":{"type":"Point","coordinates":[2.818,43.588]}},{"type":"Feature","properties":{"id":"ppm-fr-6747","name":"Les Herbes Blanches Wind Farm","capacity_mw":11.5,"fuel_type":"wind","status":"operational","precision":"approximate","source":"powerplantmatching v0.9.0, 2026-10-03 · Global Energy Monitor, OpenStreetMap","source_url":"https://www.openstreetmap.org/relation/17072340","tech":"Onshore","commissioning_year":2023},"geometry":{"type":"Point","coordinates":[-0.545,46.914]}},{"type":"Feature","properties":{"id":"ppm-fr-7196","name":"Escales Corniilhac Wind Farm","capacity_mw":11.5,"fuel_type":"wind","status":"operational","precision":"approximate","source":"powerplantmatching v0.9.0, 2026-10-03 · Global Energy Monitor, OpenStreetMap","source_url":"https://www.openstreetmap.org/relation/4046449","tech":"Onshore","commissioning_year":2014},"geometry":{"type":"Point","coordinates":[2.704,43.204]}},{"type":"Feature","properties":{"id":"ppm-fr-7499","name":"Canal De Gargouilleau Wind Farm","capacity_mw":11.5,"fuel_type":"wind","status":"operational","precision":"approximate","source":"powerplantmatching v0.9.0, 2026-10-03 · Global Energy Monitor, OpenStreetMap","source_url":"https://www.openstreetmap.org/relation/4031873","tech":"Onshore","commissioning_year":2010},"geometry":{"type":"Point","coordinates":[-0.879,46.355]}},{"type":"Feature","properties":{"id":"ppm-fr-12221","name":"Agales Wind Farm","capacity_mw":11.5,"fuel_type":"wind","status":"operational","precision":"approximate","source":"powerplantmatching v0.9.0, 2026-10-03 · Global Energy Monitor","source_url":"https://github.com/PyPSA/powerplantmatching","tech":"Onshore","commissioning_year":1970},"geometry":{"type":"Point","coordinates":[2.887,43.235]}},{"type":"Feature","properties":{"id":"ppm-fr-22125","name":"Photosol Sarrazac Solar Farm","capacity_mw":11.5,"fuel_type":"solar","status":"operational","precision":"approximate","source":"powerplantmatching v0.9.0, 2026-10-03 · Global Energy Monitor","source_url":"https://github.com/PyPSA/powerplantmatching","tech":"PV","commissioning_year":2014},"geometry":{"type":"Point","coordinates":[1.55,45.017]}},{"type":"Feature","properties":{"id":"ppm-fr-7103","name":"Gron Confidentiel Solar","capacity_mw":11.4,"fuel_type":"solar","status":"operational","precision":"approximate","source":"powerplantmatching v0.9.0, 2026-10-03 · Global Energy Monitor, OpenStreetMap","source_url":"https://www.openstreetmap.org/way/1244238882","tech":"PV","commissioning_year":2023},"geometry":{"type":"Point","coordinates":[3.262,48.157]}},{"type":"Feature","properties":{"id":"ppm-fr-23377","name":"Saint Eloy Les Mines Confidentiel Solar Farm","capacity_mw":11.4,"fuel_type":"solar","status":"operational","precision":"approximate","source":"powerplantmatching v0.9.0, 2026-10-03 · Global Energy Monitor","source_url":"https://github.com/PyPSA/powerplantmatching","tech":"PV","commissioning_year":2019},"geometry":{"type":"Point","coordinates":[2.835,46.161]}},{"type":"Feature","properties":{"id":"ppm-fr-7466","name":"Centrale Solaire De Toreilles Solar Farm","capacity_mw":11.3,"fuel_type":"solar","status":"operational","precision":"approximate","source":"powerplantmatching v0.9.0, 2026-10-03 · Global Energy Monitor, OpenStreetMap","source_url":"https://www.openstreetmap.org/relation/8490799","tech":"PV","commissioning_year":2011},"geometry":{"type":"Point","coordinates":[2.993,42.755]}},{"type":"Feature","properties":{"id":"ppm-fr-3320","name":"Rivesaltes Wind Farm","capacity_mw":11.2,"fuel_type":"wind","status":"operational","precision":"approximate","source":"powerplantmatching v0.9.0, 2026-10-03 · Global Energy Monitor, WRI GPPD, OpenStreetMap","source_url":"https://www.openstreetmap.org/relation/4037976","tech":"Onshore","commissioning_year":2003},"geometry":{"type":"Point","coordinates":[2.885,42.802]}},{"type":"Feature","properties":{"id":"ppm-fr-6634","name":"Petit Terroir Wind Farm","capacity_mw":11.2,"fuel_type":"wind","status":"operational","precision":"approximate","source":"powerplantmatching v0.9.0, 2026-10-03 · Global Energy Monitor, OpenStreetMap","source_url":"https://www.openstreetmap.org/relation/7947903","tech":"Onshore","commissioning_year":2008},"geometry":{"type":"Point","coordinates":[1.496,50.068]}},{"type":"Feature","properties":{"id":"ppm-fr-12392","name":"Alleins Confidentiel Solar Farm","capacity_mw":11.2,"fuel_type":"solar","status":"operational","precision":"approximate","source":"powerplantmatching v0.9.0, 2026-10-03 · Global Energy Monitor","source_url":"https://github.com/PyPSA/powerplantmatching","tech":"PV","commissioning_year":2017},"geometry":{"type":"Point","coordinates":[5.174,43.722]}},{"type":"Feature","properties":{"id":"ppm-fr-6619","name":"Nievroz Solar Farm","capacity_mw":11.1,"fuel_type":"solar","status":"operational","precision":"approximate","source":"powerplantmatching v0.9.0, 2026-10-03 · Global Energy Monitor, OpenStreetMap","source_url":"https://www.openstreetmap.org/relation/17552623","tech":"PV","commissioning_year":2022},"geometry":{"type":"Point","coordinates":[5.067,45.826]}},{"type":"Feature","properties":{"id":"ppm-fr-3321","name":"Rochefort Du Gard Confidentiel Solar Farm","capacity_mw":11.0,"fuel_type":"solar","status":"operational","precision":"approximate","source":"powerplantmatching v0.9.0, 2026-10-03 · Global Energy Monitor, WRI GPPD, OpenStreetMap","source_url":"https://www.openstreetmap.org/way/161883880","tech":"PV","commissioning_year":2013},"geometry":{"type":"Point","coordinates":[4.69,43.974]}},{"type":"Feature","properties":{"id":"ppm-fr-3327","name":"Soleol Solar Farm","capacity_mw":11.0,"fuel_type":"solar","status":"operational","precision":"approximate","source":"powerplantmatching v0.9.0, 2026-10-03 · Global Energy Monitor, WRI GPPD, OpenStreetMap","source_url":"https://www.openstreetmap.org/relation/16758842","tech":"PV","commissioning_year":2013},"geometry":{"type":"Point","coordinates":[5.829,43.483]}},{"type":"Feature","properties":{"id":"ppm-fr-3342","name":"Alrance","capacity_mw":11.0,"fuel_type":"hydro","status":"operational","precision":"approximate","source":"powerplantmatching v0.9.0, 2026-10-03 · JRC (European Commission), Global Hydropower Resources, GEO","source_url":"https://github.com/PyPSA/powerplantmatching","tech":"Pumped Storage","commissioning_year":1951},"geometry":{"type":"Point","coordinates":[2.695,44.104]}},{"type":"Feature","properties":{"id":"ppm-fr-6325","name":"Truc De Homme Wind Farm","capacity_mw":11.0,"fuel_type":"wind","status":"operational","precision":"approximate","source":"powerplantmatching v0.9.0, 2026-10-03 · Global Energy Monitor, OpenStreetMap","source_url":"https://www.openstreetmap.org/relation/7992813","tech":"Onshore","commissioning_year":2014},"geometry":{"type":"Point","coordinates":[3.188,44.764]}},{"type":"Feature","properties":{"id":"ppm-fr-6373","name":"Vallee Des Grillons Wind Farm","capacity_mw":11.0,"fuel_type":"wind","status":"operational","precision":"approximate","source":"powerplantmatching v0.9.0, 2026-10-03 · Global Energy Monitor, OpenStreetMap","source_url":"https://www.openstreetmap.org/relation/10117150","tech":"Onshore","commissioning_year":2017},"geometry":{"type":"Point","coordinates":[3.472,48.425]}},{"type":"Feature","properties":{"id":"ppm-fr-6393","name":"St Hilaire Du Maine Wind Farm","capacity_mw":11.0,"fuel_type":"wind","status":"operational","precision":"approximate","source":"powerplantmatching v0.9.0, 2026-10-03 · Global Energy Monitor, OpenStreetMap","source_url":"https://www.openstreetmap.org/relation/14367029","tech":"Onshore","commissioning_year":2020},"geometry":{"type":"Point","coordinates":[-0.92,48.204]}},{"type":"Feature","properties":{"id":"ppm-fr-6463","name":"Saint Quentin Nord Wind Farm","capacity_mw":11.0,"fuel_type":"wind","status":"operational","precision":"approximate","source":"powerplantmatching v0.9.0, 2026-10-03 · Global Energy Monitor, OpenStreetMap","source_url":"https://www.openstreetmap.org/relation/10768814","tech":"Onshore","commissioning_year":2009},"geometry":{"type":"Point","coordinates":[3.286,49.886]}},{"type":"Feature","properties":{"id":"ppm-fr-6494","name":"Saint Aubin Des Chateaux Wind Farm","capacity_mw":11.0,"fuel_type":"wind","status":"operational","precision":"approximate","source":"powerplantmatching v0.9.0, 2026-10-03 · Global Energy Monitor, OpenStreetMap","source_url":"https://www.openstreetmap.org/relation/12103838","tech":"Onshore","commissioning_year":2020},"geometry":{"type":"Point","coordinates":[-1.496,47.676]}},{"type":"Feature","properties":{"id":"ppm-fr-6547","name":"Plesidy Wind Farm","capacity_mw":11.0,"fuel_type":"wind","status":"operational","precision":"approximate","source":"powerplantmatching v0.9.0, 2026-10-03 · Global Energy Monitor, OpenStreetMap","source_url":"https://www.openstreetmap.org/relation/13575837","tech":"Onshore","commissioning_year":2020},"geometry":{"type":"Point","coordinates":[-3.123,48.42]}},{"type":"Feature","properties":{"id":"ppm-fr-6651","name":"Montlucon Confidentiel Solar Farm","capacity_mw":11.0,"fuel_type":"solar","status":"operational","precision":"approximate","source":"powerplantmatching v0.9.0, 2026-10-03 · Global Energy Monitor, OpenStreetMap","source_url":"https://www.openstreetmap.org/relation/14962834","tech":"PV","commissioning_year":2021},"geometry":{"type":"Point","coordinates":[2.607,46.34]}},{"type":"Feature","properties":{"id":"ppm-fr-6679","name":"Moisson De Beauce Wind Farm","capacity_mw":11.0,"fuel_type":"wind","status":"operational","precision":"approximate","source":"powerplantmatching v0.9.0, 2026-10-03 · Global Energy Monitor, OpenStreetMap","source_url":"https://www.openstreetmap.org/relation/13595424","tech":"Onshore","commissioning_year":2020},"geometry":{"type":"Point","coordinates":[1.395,48.316]}},{"type":"Feature","properties":{"id":"ppm-fr-6708","name":"Louveng Wind Farm","capacity_mw":11.0,"fuel_type":"wind","status":"operational","precision":"approximate","source":"powerplantmatching v0.9.0, 2026-10-03 · Global Energy Monitor, OpenStreetMap","source_url":"https://www.openstreetmap.org/relation/10597094","tech":"Onshore","commissioning_year":2017},"geometry":{"type":"Point","coordinates":[3.63,50.205]}},{"type":"Feature","properties":{"id":"ppm-fr-6756","name":"Marville Moutiers Brule Wind Farm","capacity_mw":11.0,"fuel_type":"wind","status":"operational","precision":"approximate","source":"powerplantmatching v0.9.0, 2026-10-03 · Global Energy Monitor, OpenStreetMap","source_url":"https://www.openstreetmap.org/relation/15590696","tech":"Onshore","commissioning_year":2022},"geometry":{"type":"Point","coordinates":[1.355,48.651]}},{"type":"Feature","properties":{"id":"ppm-fr-6804","name":"Le Bousquet Orb Confidentiel Solar Farm","capacity_mw":11.0,"fuel_type":"solar","status":"operational","precision":"approximate","source":"powerplantmatching v0.9.0, 2026-10-03 · Global Energy Monitor, OpenStreetMap","source_url":"https://www.openstreetmap.org/way/717932653","tech":"PV","commissioning_year":2018},"geometry":{"type":"Point","coordinates":[3.165,43.695]}},{"type":"Feature","properties":{"id":"ppm-fr-7284","name":"Corpe Wind Farm","capacity_mw":11.0,"fuel_type":"wind","status":"operational","precision":"approximate","source":"powerplantmatching v0.9.0, 2026-10-03 · Global Energy Monitor, OpenStreetMap","source_url":"https://www.openstreetmap.org/relation/4031881","tech":"Onshore","commissioning_year":2010},"geometry":{"type":"Point","coordinates":[-1.156,46.504]}},{"type":"Feature","properties":{"id":"ppm-fr-7291","name":"Coivert Wind Farm","capacity_mw":11.0,"fuel_type":"wind","status":"operational","precision":"approximate","source":"powerplantmatching v0.9.0, 2026-10-03 · Global Energy Monitor, OpenStreetMap","source_url":"https://www.openstreetmap.org/relation/14372614","tech":"Onshore","commissioning_year":2020},"geometry":{"type":"Point","coordinates":[-0.468,46.068]}},{"type":"Feature","properties":{"id":"ppm-fr-7310","name":"Chenu Wind Farm","capacity_mw":11.0,"fuel_type":"wind","status":"operational","precision":"approximate","source":"powerplantmatching v0.9.0, 2026-10-03 · Global Energy Monitor, OpenStreetMap","source_url":"https://www.openstreetmap.org/relation/17022490","tech":"Onshore","commissioning_year":2024},"geometry":{"type":"Point","coordinates":[0.355,47.604]}},{"type":"Feature","properties":{"id":"ppm-fr-7411","name":"Centrale Solaire De Baignolet Solar Farm","capacity_mw":11.0,"fuel_type":"solar","status":"operational","precision":"approximate","source":"powerplantmatching v0.9.0, 2026-10-03 · Global Energy Monitor, OpenStreetMap","source_url":"https://www.openstreetmap.org/way/1173744082","tech":"PV","commissioning_year":2022},"geometry":{"type":"Point","coordinates":[1.673,48.211]}},{"type":"Feature","properties":{"id":"ppm-fr-7503","name":"Chemin Saint Druon Wind Farm","capacity_mw":11.0,"fuel_type":"wind","status":"operational","precision":"approximate","source":"powerplantmatching v0.9.0, 2026-10-03 · Global Energy Monitor, OpenStreetMap","source_url":"https://www.openstreetmap.org/relation/17239899","tech":"Onshore","commissioning_year":2023},"geometry":{"type":"Point","coordinates":[3.565,50.255]}},{"type":"Feature","properties":{"id":"ppm-fr-7687","name":"Les Pointes Wind Farm","capacity_mw":11.0,"fuel_type":"wind","status":"operational","precision":"approximate","source":"powerplantmatching v0.9.0, 2026-10-03 · Global Energy Monitor, OpenStreetMap","source_url":"https://www.openstreetmap.org/relation/10543320","tech":"Onshore","commissioning_year":2018},"geometry":{"type":"Point","coordinates":[2.031,48.322]}},{"type":"Feature","properties":{"id":"ppm-fr-12668","name":"Angrie Wind Farm","capacity_mw":11.0,"fuel_type":"wind","status":"operational","precision":"approximate","source":"powerplantmatching v0.9.0, 2026-10-03 · Global Energy Monitor","source_url":"https://github.com/PyPSA/powerplantmatching","tech":"Onshore","commissioning_year":2023},"geometry":{"type":"Point","coordinates":[-0.593,47.346]}},{"type":"Feature","properties":{"id":"ppm-fr-13644","name":"Blanches Fosses Wind Farm","capacity_mw":11.0,"fuel_type":"wind","status":"operational","precision":"approximate","source":"powerplantmatching v0.9.0, 2026-10-03 · Global Energy Monitor","source_url":"https://github.com/PyPSA/powerplantmatching","tech":"Onshore","commissioning_year":2020},"geometry":{"type":"Point","coordinates":[4.044,49.678]}},{"type":"Feature","properties":{"id":"ppm-fr-19811","name":"Limalonges Wind Farm","capacity_mw":11.0,"fuel_type":"wind","status":"operational","precision":"approximate","source":"powerplantmatching v0.9.0, 2026-10-03 · Global Energy Monitor","source_url":"https://github.com/PyPSA/powerplantmatching","tech":"Onshore","commissioning_year":2020},"geometry":{"type":"Point","coordinates":[0.169,46.149]}},{"type":"Feature","properties":{"id":"ppm-fr-20028","name":"Loups Grecourt Wind Farm","capacity_mw":11.0,"fuel_type":"wind","status":"operational","precision":"approximate","source":"powerplantmatching v0.9.0, 2026-10-03 · Global Energy Monitor","source_url":"https://github.com/PyPSA/powerplantmatching","tech":"Onshore","commissioning_year":2010},"geometry":{"type":"Point","coordinates":[2.926,49.721]}},{"type":"Feature","properties":{"id":"ppm-fr-20305","name":"Marcellois Wind Farm","capacity_mw":11.0,"fuel_type":"wind","status":"operational","precision":"approximate","source":"powerplantmatching v0.9.0, 2026-10-03 · Global Energy Monitor","source_url":"https://github.com/PyPSA/powerplantmatching","tech":"Onshore","commissioning_year":2012},"geometry":{"type":"Point","coordinates":[4.625,47.347]}},{"type":"Feature","properties":{"id":"ppm-fr-20379","name":"Massigny Wind Farm","capacity_mw":11.0,"fuel_type":"wind","status":"operational","precision":"approximate","source":"powerplantmatching v0.9.0, 2026-10-03 · Global Energy Monitor","source_url":"https://github.com/PyPSA/powerplantmatching","tech":"Onshore","commissioning_year":2012},"geometry":{"type":"Point","coordinates":[4.592,47.39]}},{"type":"Feature","properties":{"id":"ppm-fr-22946","name":"Reaup Lisse Confidentiel Solar Farm","capacity_mw":11.0,"fuel_type":"solar","status":"operational","precision":"approximate","source":"powerplantmatching v0.9.0, 2026-10-03 · Global Energy Monitor","source_url":"https://github.com/PyPSA/powerplantmatching","tech":"PV","commissioning_year":2021},"geometry":{"type":"Point","coordinates":[0.208,44.094]}},{"type":"Feature","properties":{"id":"ppm-fr-24882","name":"Terre Plaine Wind Farm","capacity_mw":11.0,"fuel_type":"wind","status":"operational","precision":"approximate","source":"powerplantmatching v0.9.0, 2026-10-03 · Global Energy Monitor","source_url":"https://github.com/PyPSA/powerplantmatching","tech":"Onshore","commissioning_year":2022},"geometry":{"type":"Point","coordinates":[2.279,43.392]}},{"type":"Feature","properties":{"id":"ppm-fr-6370","name":"Valensole Solar Farm","capacity_mw":10.9,"fuel_type":"solar","status":"operational","precision":"approximate","source":"powerplantmatching v0.9.0, 2026-10-03 · Global Energy Monitor, OpenStreetMap","source_url":"https://www.openstreetmap.org/way/294790702","tech":"PV","commissioning_year":2011},"geometry":{"type":"Point","coordinates":[5.984,43.838]}},{"type":"Feature","properties":{"id":"ppm-fr-6624","name":"Pins Batards Solar Farm","capacity_mw":10.9,"fuel_type":"solar","status":"operational","precision":"approximate","source":"powerplantmatching v0.9.0, 2026-10-03 · Global Energy Monitor, OpenStreetMap","source_url":"https://www.openstreetmap.org/way/687033343","tech":"PV","commissioning_year":2014},"geometry":{"type":"Point","coordinates":[6.222,43.426]}},{"type":"Feature","properties":{"id":"ppm-fr-6663","name":"Montceau Les Mines Confidentiel Solar Farm","capacity_mw":10.9,"fuel_type":"solar","status":"operational","precision":"approximate","source":"powerplantmatching v0.9.0, 2026-10-03 · Global Energy Monitor, OpenStreetMap","source_url":"https://www.openstreetmap.org/relation/16754721","tech":"PV","commissioning_year":2022},"geometry":{"type":"Point","coordinates":[4.363,46.674]}},{"type":"Feature","properties":{"id":"ppm-fr-6812","name":"Largentiere Solar Farm","capacity_mw":10.9,"fuel_type":"solar","status":"operational","precision":"approximate","source":"powerplantmatching v0.9.0, 2026-10-03 · Global Energy Monitor, OpenStreetMap","source_url":"https://www.openstreetmap.org/way/541219939","tech":"PV","commissioning_year":2014},"geometry":{"type":"Point","coordinates":[4.293,44.542]}},{"type":"Feature","properties":{"id":"ppm-fr-7266","name":"Courteranges Solar","capacity_mw":10.9,"fuel_type":"solar","status":"operational","precision":"approximate","source":"powerplantmatching v0.9.0, 2026-10-03 · Global Energy Monitor, OpenStreetMap","source_url":"https://www.openstreetmap.org/way/1471505246","tech":"PV","commissioning_year":2025},"geometry":{"type":"Point","coordinates":[4.239,48.268]}},{"type":"Feature","properties":{"id":"ppm-fr-22729","name":"Projet Pv Pissos Solar Farm","capacity_mw":10.9,"fuel_type":"solar","status":"operational","precision":"approximate","source":"powerplantmatching v0.9.0, 2026-10-03 · Global Energy Monitor","source_url":"https://github.com/PyPSA/powerplantmatching","tech":"PV","commissioning_year":2011},"geometry":{"type":"Point","coordinates":[-0.778,44.308]}},{"type":"Feature","properties":{"id":"ppm-fr-23385","name":"Saint Fiel Confidentiel Solar Farm","capacity_mw":10.9,"fuel_type":"solar","status":"operational","precision":"approximate","source":"powerplantmatching v0.9.0, 2026-10-03 · Global Energy Monitor","source_url":"https://github.com/PyPSA/powerplantmatching","tech":"PV","commissioning_year":2021},"geometry":{"type":"Point","coordinates":[1.895,46.213]}},{"type":"Feature","properties":{"id":"ppm-fr-3119","name":"Gros Chastang Confidentiel Solar Farm","capacity_mw":10.8,"fuel_type":"solar","status":"operational","precision":"approximate","source":"powerplantmatching v0.9.0, 2026-10-03 · Global Energy Monitor, WRI GPPD, OpenStreetMap","source_url":"https://www.openstreetmap.org/relation/7515533","tech":"PV","commissioning_year":2015},"geometry":{"type":"Point","coordinates":[1.988,45.21]}},{"type":"Feature","properties":{"id":"ppm-fr-6234","name":"Vezins Wind Farm","capacity_mw":10.8,"fuel_type":"wind","status":"operational","precision":"approximate","source":"powerplantmatching v0.9.0, 2026-10-03 · Global Energy Monitor, OpenStreetMap","source_url":"https://www.openstreetmap.org/relation/14367068","tech":"Onshore","commissioning_year":2021},"geometry":{"type":"Point","coordinates":[-0.687,47.118]}},{"type":"Feature","properties":{"id":"ppm-fr-6445","name":"Trans Sur Erdre Wind Farm","capacity_mw":10.8,"fuel_type":"wind","status":"operational","precision":"approximate","source":"powerplantmatching v0.9.0, 2026-10-03 · Global Energy Monitor, OpenStreetMap","source_url":"https://www.openstreetmap.org/relation/14332039","tech":"Onshore","commissioning_year":2022},"geometry":{"type":"Point","coordinates":[-1.37,47.512]}},{"type":"Feature","properties":{"id":"ppm-fr-6554","name":"Plaine Minee Wind Farm","capacity_mw":10.8,"fuel_type":"wind","status":"operational","precision":"approximate","source":"powerplantmatching v0.9.0, 2026-10-03 · Global Energy Monitor, OpenStreetMap","source_url":"https://www.openstreetmap.org/relation/19423646","tech":"Onshore","commissioning_year":2025},"geometry":{"type":"Point","coordinates":[-1.027,46.691]}},{"type":"Feature","properties":{"id":"ppm-fr-7609","name":"Bioule Solar Farm","capacity_mw":10.8,"fuel_type":"solar","status":"operational","precision":"approximate","source":"powerplantmatching v0.9.0, 2026-10-03 · Global Energy Monitor, OpenStreetMap","source_url":"https://www.openstreetmap.org/way/1078354763","tech":"PV","commissioning_year":2021},"geometry":{"type":"Point","coordinates":[1.539,44.09]}},{"type":"Feature","properties":{"id":"ppm-fr-20840","name":"Monterfil Wind Farm","capacity_mw":10.8,"fuel_type":"wind","status":"operational","precision":"approximate","source":"powerplantmatching v0.9.0, 2026-10-03 · Global Energy Monitor","source_url":"https://github.com/PyPSA/powerplantmatching","tech":"Onshore"},"geometry":{"type":"Point","coordinates":[-1.986,48.044]}},{"type":"Feature","properties":{"id":"ppm-fr-26119","name":"Wittelsheim Confidentiel Solar","capacity_mw":10.8,"fuel_type":"solar","status":"operational","precision":"approximate","source":"powerplantmatching v0.9.0, 2026-10-03 · Global Energy Monitor","source_url":"https://github.com/PyPSA/powerplantmatching","tech":"PV","commissioning_year":2023},"geometry":{"type":"Point","coordinates":[7.24,47.809]}},{"type":"Feature","properties":{"id":"ppm-fr-3121","name":"Marcoles Confidentiel Solar Farm","capacity_mw":10.7,"fuel_type":"solar","status":"operational","precision":"approximate","source":"powerplantmatching v0.9.0, 2026-10-03 · Global Energy Monitor, WRI GPPD, OpenStreetMap","source_url":"https://www.openstreetmap.org/relation/7929688","tech":"PV","commissioning_year":2015},"geometry":{"type":"Point","coordinates":[2.353,44.782]}},{"type":"Feature","properties":{"id":"ppm-fr-7456","name":"Centrale Solaire Vsp Site Client Solar Farm","capacity_mw":10.7,"fuel_type":"solar","status":"operational","precision":"approximate","source":"powerplantmatching v0.9.0, 2026-10-03 · Global Energy Monitor, OpenStreetMap","source_url":"https://www.openstreetmap.org/way/1077923911","tech":"PV","commissioning_year":2021},"geometry":{"type":"Point","coordinates":[2.492,49.288]}},{"type":"Feature","properties":{"id":"ppm-fr-9641","name":"Pontcharra","capacity_mw":10.7,"fuel_type":"hydro","status":"operational","precision":"approximate","source":"powerplantmatching v0.9.0, 2026-10-03 · Global Hydropower Resources, OpenStreetMap","source_url":"https://www.openstreetmap.org/relation/13626920","tech":"Run-Of-River"},"geometry":{"type":"Point","coordinates":[6.064,45.411]}},{"type":"Feature","properties":{"id":"ppm-fr-10637","name":"Ginestas Confidentiel Solar Farm","capacity_mw":10.7,"fuel_type":"solar","status":"operational","precision":"approximate","source":"powerplantmatching v0.9.0, 2026-10-03 · Global Energy Monitor, WRI GPPD","source_url":"https://github.com/PyPSA/powerplantmatching","tech":"PV","commissioning_year":2014},"geometry":{"type":"Point","coordinates":[2.848,43.278]}},{"type":"Feature","properties":{"id":"ppm-fr-19616","name":"Le Barp Confidentiel Solar Farm","capacity_mw":10.6,"fuel_type":"solar","status":"operational","precision":"approximate","source":"powerplantmatching v0.9.0, 2026-10-03 · Global Energy Monitor","source_url":"https://github.com/PyPSA/powerplantmatching","tech":"PV","commissioning_year":2012},"geometry":{"type":"Point","coordinates":[-0.77,44.606]}},{"type":"Feature","properties":{"id":"ppm-fr-20614","name":"Millery Solar Farm","capacity_mw":10.6,"fuel_type":"solar","status":"operational","precision":"approximate","source":"powerplantmatching v0.9.0, 2026-10-03 · Global Energy Monitor","source_url":"https://github.com/PyPSA/powerplantmatching","tech":"PV","commissioning_year":2025},"geometry":{"type":"Point","coordinates":[4.67,45.869]}},{"type":"Feature","properties":{"id":"ppm-fr-6327","name":"Turgon Wind Farm","capacity_mw":10.5,"fuel_type":"wind","status":"operational","precision":"approximate","source":"powerplantmatching v0.9.0, 2026-10-03 · Global Energy Monitor, OpenStreetMap","source_url":"https://www.openstreetmap.org/relation/14997667","tech":"Onshore","commissioning_year":2022},"geometry":{"type":"Point","coordinates":[0.412,45.954]}},{"type":"Feature","properties":{"id":"ppm-fr-7248","name":"Croix De La Pile Wind Farm","capacity_mw":10.5,"fuel_type":"wind","status":"operational","precision":"approximate","source":"powerplantmatching v0.9.0, 2026-10-03 · Global Energy Monitor, OpenStreetMap","source_url":"https://www.openstreetmap.org/relation/15395166","tech":"Onshore","commissioning_year":2006},"geometry":{"type":"Point","coordinates":[0.957,46.103]}},{"type":"Feature","properties":{"id":"ppm-fr-7455","name":"Brux Wind Farm","capacity_mw":10.5,"fuel_type":"wind","status":"operational","precision":"approximate","source":"powerplantmatching v0.9.0, 2026-10-03 · Global Energy Monitor, OpenStreetMap","source_url":"https://www.openstreetmap.org/relation/14383968","tech":"Onshore","commissioning_year":2021},"geometry":{"type":"Point","coordinates":[0.209,46.25]}},{"type":"Feature","properties":{"id":"ppm-fr-7462","name":"Chaillac Confidentiel Solar Farm","capacity_mw":10.5,"fuel_type":"solar","status":"operational","precision":"approximate","source":"powerplantmatching v0.9.0, 2026-10-03 · Global Energy Monitor, OpenStreetMap","source_url":"https://www.openstreetmap.org/relation/13953409","tech":"PV","commissioning_year":2019},"geometry":{"type":"Point","coordinates":[1.299,46.435]}},{"type":"Feature","properties":{"id":"ppm-fr-7468","name":"Centrale Solaire Labouheyre Solar","capacity_mw":10.5,"fuel_type":"solar","status":"operational","precision":"approximate","source":"powerplantmatching v0.9.0, 2026-10-03 · Global Energy Monitor, OpenStreetMap","source_url":"https://www.openstreetmap.org/way/618628426","tech":"PV","commissioning_year":2016},"geometry":{"type":"Point","coordinates":[-0.919,44.212]}},{"type":"Feature","properties":{"id":"ppm-fr-12827","name":"Artigues Confidentiel Solar Farm","capacity_mw":10.5,"fuel_type":"solar","status":"operational","precision":"approximate","source":"powerplantmatching v0.9.0, 2026-10-03 · Global Energy Monitor","source_url":"https://github.com/PyPSA/powerplantmatching","tech":"PV","commissioning_year":2022},"geometry":{"type":"Point","coordinates":[5.811,43.593]}},{"type":"Feature","properties":{"id":"ppm-fr-14179","name":"Calmont Confidentiel Solar","capacity_mw":10.5,"fuel_type":"solar","status":"operational","precision":"approximate","source":"powerplantmatching v0.9.0, 2026-10-03 · Global Energy Monitor","source_url":"https://github.com/PyPSA/powerplantmatching","tech":"PV","commissioning_year":2013},"geometry":{"type":"Point","coordinates":[1.633,43.287]}},{"type":"Feature","properties":{"id":"ppm-fr-3394","name":"Centrale Solaire De La Decouverte Solar Farm","capacity_mw":10.4,"fuel_type":"solar","status":"operational","precision":"approximate","source":"powerplantmatching v0.9.0, 2026-10-03 · Global Energy Monitor, WRI GPPD, OpenStreetMap","source_url":"https://www.openstreetmap.org/relation/7997604","tech":"PV","commissioning_year":2016},"geometry":{"type":"Point","coordinates":[2.254,44.559]}},{"type":"Feature","properties":{"id":"ppm-fr-10263","name":"Canadel","capacity_mw":10.4,"fuel_type":"solar","status":"operational","precision":"approximate","source":"powerplantmatching v0.9.0, 2026-10-03 · WRI GPPD, OpenStreetMap","source_url":"https://www.openstreetmap.org/relation/9997464","tech":"PV","commissioning_year":2018},"geometry":{"type":"Point","coordinates":[6.477,43.165]}},{"type":"Feature","properties":{"id":"ppm-fr-17508","name":"Gueltas Confidentiel Solar","capacity_mw":10.4,"fuel_type":"solar","status":"operational","precision":"approximate","source":"powerplantmatching v0.9.0, 2026-10-03 · Global Energy Monitor","source_url":"https://github.com/PyPSA/powerplantmatching","tech":"PV","commissioning_year":2023},"geometry":{"type":"Point","coordinates":[-2.796,48.094]}},{"type":"Feature","properties":{"id":"ppm-fr-17912","name":"Hyeres Confidentiel Solar Farm","capacity_mw":10.4,"fuel_type":"solar","status":"operational","precision":"approximate","source":"powerplantmatching v0.9.0, 2026-10-03 · Global Energy Monitor","source_url":"https://github.com/PyPSA/powerplantmatching","tech":"PV","commissioning_year":2011},"geometry":{"type":"Point","coordinates":[6.13,43.12]}},{"type":"Feature","properties":{"id":"ppm-fr-22870","name":"Radenac Wind Farm","capacity_mw":10.4,"fuel_type":"wind","status":"operational","precision":"approximate","source":"powerplantmatching v0.9.0, 2026-10-03 · Global Energy Monitor","source_url":"https://github.com/PyPSA/powerplantmatching","tech":"Onshore","commissioning_year":2013},"geometry":{"type":"Point","coordinates":[-2.714,47.95]}},{"type":"Feature","properties":{"id":"ppm-fr-3413","name":"Cre Solar Farm","capacity_mw":10.3,"fuel_type":"solar","status":"operational","precision":"approximate","source":"powerplantmatching v0.9.0, 2026-10-03 · Global Energy Monitor, WRI GPPD, OpenStreetMap","source_url":"https://www.openstreetmap.org/relation/10471507","tech":"PV","commissioning_year":2018},"geometry":{"type":"Point","coordinates":[0.646,44.79]}},{"type":"Feature","properties":{"id":"ppm-fr-6874","name":"Ille Sur Tet Confidentiel Solar Farm","capacity_mw":10.3,"fuel_type":"solar","status":"operational","precision":"approximate","source":"powerplantmatching v0.9.0, 2026-10-03 · Global Energy Monitor, OpenStreetMap","source_url":"https://www.openstreetmap.org/relation/7032669","tech":"PV","commissioning_year":2014},"geometry":{"type":"Point","coordinates":[2.623,42.671]}},{"type":"Feature","properties":{"id":"ppm-fr-16859","name":"Fonds Hacqueville Wind Farm","capacity_mw":10.3,"fuel_type":"wind","status":"operational","precision":"approximate","source":"powerplantmatching v0.9.0, 2026-10-03 · Global Energy Monitor","source_url":"https://github.com/PyPSA/powerplantmatching","tech":"Onshore","commissioning_year":2021},"geometry":{"type":"Point","coordinates":[1.552,49.309]}},{"type":"Feature","properties":{"id":"ppm-fr-19258","name":"La Monjoie Wind Farm","capacity_mw":10.3,"fuel_type":"wind","status":"operational","precision":"approximate","source":"powerplantmatching v0.9.0, 2026-10-03 · Global Energy Monitor","source_url":"https://github.com/PyPSA/powerplantmatching","tech":"Onshore","commissioning_year":2009},"geometry":{"type":"Point","coordinates":[5.61,48.472]}},{"type":"Feature","properties":{"id":"ppm-fr-20830","name":"Monteleger Confidentiel Solar Farm","capacity_mw":10.3,"fuel_type":"solar","status":"operational","precision":"approximate","source":"powerplantmatching v0.9.0, 2026-10-03 · Global Energy Monitor","source_url":"https://github.com/PyPSA/powerplantmatching","tech":"PV","commissioning_year":2011},"geometry":{"type":"Point","coordinates":[4.955,44.843]}},{"type":"Feature","properties":{"id":"ppm-fr-23424","name":"Saint Marcel Sur Aude Confidentiel Solar Farm","capacity_mw":10.3,"fuel_type":"solar","status":"operational","precision":"approximate","source":"powerplantmatching v0.9.0, 2026-10-03 · Global Energy Monitor","source_url":"https://github.com/PyPSA/powerplantmatching","tech":"PV","commissioning_year":2011},"geometry":{"type":"Point","coordinates":[2.922,43.245]}},{"type":"Feature","properties":{"id":"ppm-fr-23647","name":"Scaer Crenonien Wind Farm","capacity_mw":10.3,"fuel_type":"wind","status":"operational","precision":"approximate","source":"powerplantmatching v0.9.0, 2026-10-03 · Global Energy Monitor","source_url":"https://github.com/PyPSA/powerplantmatching","tech":"Onshore","commissioning_year":2017},"geometry":{"type":"Point","coordinates":[-3.756,48.029]}},{"type":"Feature","properties":{"id":"ppm-fr-23785","name":"Sevremoine Confidentiel Solar","capacity_mw":10.3,"fuel_type":"solar","status":"operational","precision":"approximate","source":"powerplantmatching v0.9.0, 2026-10-03 · Global Energy Monitor","source_url":"https://github.com/PyPSA/powerplantmatching","tech":"PV","commissioning_year":2023},"geometry":{"type":"Point","coordinates":[-1.082,47.088]}},{"type":"Feature","properties":{"id":"ppm-fr-3391","name":"Brach Confidentiel Solar Farm","capacity_mw":10.2,"fuel_type":"solar","status":"operational","precision":"approximate","source":"powerplantmatching v0.9.0, 2026-10-03 · Global Energy Monitor, WRI GPPD, OpenStreetMap","source_url":"https://www.openstreetmap.org/relation/10016137","tech":"PV","commissioning_year":2017},"geometry":{"type":"Point","coordinates":[-0.937,45.042]}},{"type":"Feature","properties":{"id":"ppm-fr-7685","name":"Ancien Site Arcelor De Laudun Ardoise Solar Farm","capacity_mw":10.2,"fuel_type":"solar","status":"operational","precision":"approximate","source":"powerplantmatching v0.9.0, 2026-10-03 · Global Energy Monitor, OpenStreetMap","source_url":"https://www.openstreetmap.org/relation/15036820","tech":"PV","commissioning_year":2021},"geometry":{"type":"Point","coordinates":[4.657,44.106]}},{"type":"Feature","properties":{"id":"ppm-fr-10632","name":"Centrale Solaire Perchigat Solar Farm","capacity_mw":10.2,"fuel_type":"solar","status":"operational","precision":"approximate","source":"powerplantmatching v0.9.0, 2026-10-03 · Global Energy Monitor, WRI GPPD","source_url":"https://github.com/PyPSA/powerplantmatching","tech":"PV","commissioning_year":2014},"geometry":{"type":"Point","coordinates":[-0.944,43.933]}},{"type":"Feature","properties":{"id":"ppm-fr-19223","name":"La Capelle Et Masmolene Confidentiel Solar Farm","capacity_mw":10.2,"fuel_type":"solar","status":"operational","precision":"approximate","source":"powerplantmatching v0.9.0, 2026-10-03 · Global Energy Monitor","source_url":"https://github.com/PyPSA/powerplantmatching","tech":"PV","commissioning_year":2016},"geometry":{"type":"Point","coordinates":[4.53,44.044]}},{"type":"Feature","properties":{"id":"ppm-fr-6610","name":"Nueil Sous Faye Wind Farm","capacity_mw":10.1,"fuel_type":"wind","status":"operational","precision":"approximate","source":"powerplantmatching v0.9.0, 2026-10-03 · Global Energy Monitor, OpenStreetMap","source_url":"https://www.openstreetmap.org/relation/17342790","tech":"Onshore","commissioning_year":2024},"geometry":{"type":"Point","coordinates":[0.269,46.977]}},{"type":"Feature","properties":{"id":"ppm-fr-6799","name":"Trans Et Courcite Wind Farm","capacity_mw":10.1,"fuel_type":"wind","status":"operational","precision":"approximate","source":"powerplantmatching v0.9.0, 2026-10-03 · Global Energy Monitor, OpenStreetMap","source_url":"https://www.openstreetmap.org/relation/7324173","tech":"Onshore","commissioning_year":2016},"geometry":{"type":"Point","coordinates":[-0.262,48.311]}},{"type":"Feature","properties":{"id":"ppm-fr-15263","name":"Clermont Ferrand Confidentiel Solar Farm","capacity_mw":10.1,"fuel_type":"solar","status":"operational","precision":"approximate","source":"powerplantmatching v0.9.0, 2026-10-03 · Global Energy Monitor","source_url":"https://github.com/PyPSA/powerplantmatching","tech":"PV","commissioning_year":2012},"geometry":{"type":"Point","coordinates":[3.082,45.778]}},{"type":"Feature","properties":{"id":"ppm-fr-16123","name":"Douai Confidentiel Solar Farm","capacity_mw":10.1,"fuel_type":"solar","status":"operational","precision":"approximate","source":"powerplantmatching v0.9.0, 2026-10-03 · Global Energy Monitor","source_url":"https://github.com/PyPSA/powerplantmatching","tech":"PV","commissioning_year":2012},"geometry":{"type":"Point","coordinates":[3.08,50.368]}},{"type":"Feature","properties":{"id":"ppm-fr-19629","name":"Le Havre Confidentiel Solar","capacity_mw":10.1,"fuel_type":"solar","status":"operational","precision":"approximate","source":"powerplantmatching v0.9.0, 2026-10-03 · Global Energy Monitor","source_url":"https://github.com/PyPSA/powerplantmatching","tech":"PV","commissioning_year":2011},"geometry":{"type":"Point","coordinates":[0.108,49.494]}},{"type":"Feature","properties":{"id":"ppm-fr-20392","name":"Maubeuge Confidentiel Solar Farm","capacity_mw":10.1,"fuel_type":"solar","status":"operational","precision":"approximate","source":"powerplantmatching v0.9.0, 2026-10-03 · Global Energy Monitor","source_url":"https://github.com/PyPSA/powerplantmatching","tech":"PV","commissioning_year":2012},"geometry":{"type":"Point","coordinates":[3.967,50.28]}},{"type":"Feature","properties":{"id":"ppm-fr-23418","name":"Saint Leger Confidentiel Solar Farm","capacity_mw":10.1,"fuel_type":"solar","status":"operational","precision":"approximate","source":"powerplantmatching v0.9.0, 2026-10-03 · Global Energy Monitor","source_url":"https://github.com/PyPSA/powerplantmatching","tech":"PV","commissioning_year":2011},"geometry":{"type":"Point","coordinates":[-0.584,45.622]}},{"type":"Feature","properties":{"id":"ppm-fr-3318","name":"Oyre Saint Sauveur Wind Farm","capacity_mw":10.0,"fuel_type":"wind","status":"operational","precision":"approximate","source":"powerplantmatching v0.9.0, 2026-10-03 · Global Energy Monitor, WRI GPPD, OpenStreetMap","source_url":"https://www.openstreetmap.org/relation/8343554","tech":"Onshore","commissioning_year":2014},"geometry":{"type":"Point","coordinates":[0.628,46.836]}},{"type":"Feature","properties":{"id":"ppm-fr-6224","name":"Villiers Le Sec Wind Farm","capacity_mw":10.0,"fuel_type":"wind","status":"operational","precision":"approximate","source":"powerplantmatching v0.9.0, 2026-10-03 · Global Energy Monitor, OpenStreetMap","source_url":"https://www.openstreetmap.org/relation/7952599","tech":"Onshore","commissioning_year":2008},"geometry":{"type":"Point","coordinates":[3.401,49.754]}},{"type":"Feature","properties":{"id":"ppm-fr-6280","name":"Voie Du Moulin Wind Farm","capacity_mw":10.0,"fuel_type":"wind","status":"operational","precision":"approximate","source":"powerplantmatching v0.9.0, 2026-10-03 · Global Energy Monitor, OpenStreetMap","source_url":"https://www.openstreetmap.org/relation/7970525","tech":"Onshore","commissioning_year":2016},"geometry":{"type":"Point","coordinates":[1.284,49.398]}},{"type":"Feature","properties":{"id":"ppm-fr-6283","name":"Woelfling Wind Farm","capacity_mw":10.0,"fuel_type":"wind","status":"operational","precision":"approximate","source":"powerplantmatching v0.9.0, 2026-10-03 · Global Energy Monitor, OpenStreetMap","source_url":"https://www.openstreetmap.org/relation/6902211","tech":"Onshore","commissioning_year":2012},"geometry":{"type":"Point","coordinates":[7.184,49.076]}},{"type":"Feature","properties":{"id":"ppm-fr-6374","name":"Vallee Du Don Wind Farm","capacity_mw":10.0,"fuel_type":"wind","status":"operational","precision":"approximate","source":"powerplantmatching v0.9.0, 2026-10-03 · Global Energy Monitor, OpenStreetMap","source_url":"https://www.openstreetmap.org/relation/6621945","tech":"Onshore","commissioning_year":2015},"geometry":{"type":"Point","coordinates":[-1.653,47.575]}},{"type":"Feature","properties":{"id":"ppm-fr-6392","name":"St Germain De Longue Chaume Wind Farm","capacity_mw":10.0,"fuel_type":"wind","status":"operational","precision":"approximate","source":"powerplantmatching v0.9.0, 2026-10-03 · Global Energy Monitor, OpenStreetMap","source_url":"https://www.openstreetmap.org/relation/4037982","tech":"Onshore","commissioning_year":2008},"geometry":{"type":"Point","coordinates":[-0.363,46.714]}},{"type":"Feature","properties":{"id":"ppm-fr-6431","name":"Seuil Mont Laurent Wind Farm","capacity_mw":10.0,"fuel_type":"wind","status":"operational","precision":"approximate","source":"powerplantmatching v0.9.0, 2026-10-03 · Global Energy Monitor, OpenStreetMap","source_url":"https://www.openstreetmap.org/relation/7985985","tech":"Onshore","commissioning_year":2016},"geometry":{"type":"Point","coordinates":[4.448,49.463]}},{"type":"Feature","properties":{"id":"ppm-fr-6460","name":"Saint Pierre De Jullers Wind Farm","capacity_mw":10.0,"fuel_type":"wind","status":"operational","precision":"approximate","source":"powerplantmatching v0.9.0, 2026-10-03 · Global Energy Monitor, OpenStreetMap","source_url":"https://www.openstreetmap.org/relation/10121846","tech":"Onshore","commissioning_year":2017},"geometry":{"type":"Point","coordinates":[-0.367,45.963]}},{"type":"Feature","properties":{"id":"ppm-fr-6467","name":"Soudan Wind Farm","capacity_mw":10.0,"fuel_type":"wind","status":"operational","precision":"approximate","source":"powerplantmatching v0.9.0, 2026-10-03 · Global Energy Monitor, OpenStreetMap","source_url":"https://www.openstreetmap.org/relation/10710780","tech":"Onshore","commissioning_year":2012},"geometry":{"type":"Point","coordinates":[-0.039,46.41]}},{"type":"Feature","properties":{"id":"ppm-fr-6468","name":"Souilly Cote Du Gibet Wind Farm","capacity_mw":10.0,"fuel_type":"wind","status":"operational","precision":"approximate","source":"powerplantmatching v0.9.0, 2026-10-03 · Global Energy Monitor, OpenStreetMap","source_url":"https://www.openstreetmap.org/relation/20345581","tech":"Onshore","commissioning_year":2012},"geometry":{"type":"Point","coordinates":[5.311,49.026]}},{"type":"Feature","properties":{"id":"ppm-fr-6469","name":"Source De Seves Wind Farm","capacity_mw":10.0,"fuel_type":"wind","status":"operational","precision":"approximate","source":"powerplantmatching v0.9.0, 2026-10-03 · Global Energy Monitor, OpenStreetMap","source_url":"https://www.openstreetmap.org/relation/14367054","tech":"Onshore","commissioning_year":2021},"geometry":{"type":"Point","coordinates":[-1.433,49.159]}},{"type":"Feature","properties":{"id":"ppm-fr-6470","name":"Saint Michel Chef Wind Farm","capacity_mw":10.0,"fuel_type":"wind","status":"operational","precision":"approximate","source":"powerplantmatching v0.9.0, 2026-10-03 · Global Energy Monitor, OpenStreetMap","source_url":"https://www.openstreetmap.org/relation/6618898","tech":"Onshore","commissioning_year":2010},"geometry":{"type":"Point","coordinates":[-2.112,47.184]}},{"type":"Feature","properties":{"id":"ppm-fr-6484","name":"Saint Cyr En Pail Wind Farm","capacity_mw":10.0,"fuel_type":"wind","status":"operational","precision":"approximate","source":"powerplantmatching v0.9.0, 2026-10-03 · Global Energy Monitor, OpenStreetMap","source_url":"https://www.openstreetmap.org/relation/6618897","tech":"Onshore","commissioning_year":2009},"geometry":{"type":"Point","coordinates":[-0.234,48.428]}},{"type":"Feature","properties":{"id":"ppm-fr-6491","name":"Saint Alban Wind Farm","capacity_mw":10.0,"fuel_type":"wind","status":"operational","precision":"approximate","source":"powerplantmatching v0.9.0, 2026-10-03 · Global Energy Monitor, OpenStreetMap","source_url":"https://www.openstreetmap.org/relation/6004071","tech":"Onshore","commissioning_year":2009},"geometry":{"type":"Point","coordinates":[-2.5,48.53]}},{"type":"Feature","properties":{"id":"ppm-fr-6499","name":"Savigny Sur Braye Solar Farm","capacity_mw":10.0,"fuel_type":"solar","status":"operational","precision":"approximate","source":"powerplantmatching v0.9.0, 2026-10-03 · Global Energy Monitor, OpenStreetMap","source_url":"https://www.openstreetmap.org/way/1180153113","tech":"PV","commissioning_year":2021},"geometry":{"type":"Point","coordinates":[0.838,47.873]}},{"type":"Feature","properties":{"id":"ppm-fr-6529","name":"Saint Julien Du Terroux Wind Farm","capacity_mw":10.0,"fuel_type":"wind","status":"operational","precision":"approximate","source":"powerplantmatching v0.9.0, 2026-10-03 · Global Energy Monitor, OpenStreetMap","source_url":"https://www.openstreetmap.org/relation/7324049","tech":"Onshore","commissioning_year":2017},"geometry":{"type":"Point","coordinates":[-0.408,48.497]}},{"type":"Feature","properties":{"id":"ppm-fr-6540","name":"Saint Germier Wind Farm","capacity_mw":10.0,"fuel_type":"wind","status":"operational","precision":"approximate","source":"powerplantmatching v0.9.0, 2026-10-03 · Global Energy Monitor, OpenStreetMap","source_url":"https://www.openstreetmap.org/relation/10121955","tech":"Onshore","commissioning_year":2017},"geometry":{"type":"Point","coordinates":[-0.028,46.457]}},{"type":"Feature","properties":{"id":"ppm-fr-6542","name":"Saint Jacques De Nehou Wind Farm","capacity_mw":10.0,"fuel_type":"wind","status":"operational","precision":"approximate","source":"powerplantmatching v0.9.0, 2026-10-03 · Global Energy Monitor, OpenStreetMap","source_url":"https://www.openstreetmap.org/relation/3629510","tech":"Onshore","commissioning_year":2008},"geometry":{"type":"Point","coordinates":[-1.62,49.423]}},{"type":"Feature","properties":{"id":"ppm-fr-6551","name":"Plouvien Wind Farm","capacity_mw":10.0,"fuel_type":"wind","status":"operational","precision":"approximate","source":"powerplantmatching v0.9.0, 2026-10-03 · Global Energy Monitor, OpenStreetMap","source_url":"https://www.openstreetmap.org/relation/6004997","tech":"Onshore","commissioning_year":2007},"geometry":{"type":"Point","coordinates":[-4.449,48.553]}},{"type":"Feature","properties":{"id":"ppm-fr-6552","name":"Plaine Dynamique Wind Farm","capacity_mw":10.0,"fuel_type":"wind","status":"operational","precision":"approximate","source":"powerplantmatching v0.9.0, 2026-10-03 · Global Energy Monitor, OpenStreetMap","source_url":"https://www.openstreetmap.org/relation/13462689","tech":"Onshore","commissioning_year":2012},"geometry":{"type":"Point","coordinates":[3.873,48.62]}},{"type":"Feature","properties":{"id":"ppm-fr-6562","name":"Roman Wind Farm","capacity_mw":10.0,"fuel_type":"wind","status":"operational","precision":"approximate","source":"powerplantmatching v0.9.0, 2026-10-03 · Global Energy Monitor, OpenStreetMap","source_url":"https://www.openstreetmap.org/relation/14376866","tech":"Onshore","commissioning_year":2010},"geometry":{"type":"Point","coordinates":[1.068,48.842]}},{"type":"Feature","properties":{"id":"ppm-fr-6572","name":"Rezentieres Vieillespesse Wind Farm","capacity_mw":10.0,"fuel_type":"wind","status":"operational","precision":"approximate","source":"powerplantmatching v0.9.0, 2026-10-03 · Global Energy Monitor, OpenStreetMap","source_url":"https://www.openstreetmap.org/relation/3401419","tech":"Onshore","commissioning_year":2010},"geometry":{"type":"Point","coordinates":[3.108,45.12]}},{"type":"Feature","properties":{"id":"ppm-fr-6576","name":"Pays Othe Wind Farm","capacity_mw":10.0,"fuel_type":"wind","status":"operational","precision":"approximate","source":"powerplantmatching v0.9.0, 2026-10-03 · Global Energy Monitor, OpenStreetMap","source_url":"https://www.openstreetmap.org/relation/20428798","tech":"Onshore","commissioning_year":2014},"geometry":{"type":"Point","coordinates":[3.576,48.153]}},{"type":"Feature","properties":{"id":"ppm-fr-6582","name":"Petit Caux Wind Farm","capacity_mw":10.0,"fuel_type":"wind","status":"operational","precision":"approximate","source":"powerplantmatching v0.9.0, 2026-10-03 · Global Energy Monitor, OpenStreetMap","source_url":"https://www.openstreetmap.org/relation/7970510","tech":"Onshore","commissioning_year":2007},"geometry":{"type":"Point","coordinates":[1.254,49.952]}},{"type":"Feature","properties":{"id":"ppm-fr-6611","name":"Oasis Wind Farm","capacity_mw":10.0,"fuel_type":"wind","status":"operational","precision":"approximate","source":"powerplantmatching v0.9.0, 2026-10-03 · Global Energy Monitor, OpenStreetMap","source_url":"https://www.openstreetmap.org/relation/7324026","tech":"Onshore","commissioning_year":2018},"geometry":{"type":"Point","coordinates":[-0.432,48.348]}},{"type":"Feature","properties":{"id":"ppm-fr-6614","name":"Ondefontaine Wind Farm","capacity_mw":10.0,"fuel_type":"wind","status":"operational","precision":"approximate","source":"powerplantmatching v0.9.0, 2026-10-03 · Global Energy Monitor, OpenStreetMap","source_url":"https://www.openstreetmap.org/relation/7970503","tech":"Onshore","commissioning_year":2016},"geometry":{"type":"Point","coordinates":[-0.681,48.996]}},{"type":"Feature","properties":{"id":"ppm-fr-6615","name":"Orles De La Tomelle Wind Farm","capacity_mw":10.0,"fuel_type":"wind","status":"operational","precision":"approximate","source":"powerplantmatching v0.9.0, 2026-10-03 · Global Energy Monitor, OpenStreetMap","source_url":"https://www.openstreetmap.org/relation/7985934","tech":"Onshore","commissioning_year":2010},"geometry":{"type":"Point","coordinates":[4.338,49.559]}},{"type":"Feature","properties":{"id":"ppm-fr-6622","name":"Noyal Muzillac Wind Farm","capacity_mw":10.0,"fuel_type":"wind","status":"operational","precision":"approximate","source":"powerplantmatching v0.9.0, 2026-10-03 · Global Energy Monitor, OpenStreetMap","source_url":"https://www.openstreetmap.org/relation/14385457","tech":"Onshore","commissioning_year":2021},"geometry":{"type":"Point","coordinates":[-2.471,47.628]}},{"type":"Feature","properties":{"id":"ppm-fr-6631","name":"Neuvy Bouin Wind Farm","capacity_mw":10.0,"fuel_type":"wind","status":"operational","precision":"approximate","source":"powerplantmatching v0.9.0, 2026-10-03 · Global Energy Monitor, OpenStreetMap","source_url":"https://www.openstreetmap.org/relation/4037968","tech":"Onshore","commissioning_year":2011},"geometry":{"type":"Point","coordinates":[-0.455,46.666]}},{"type":"Feature","properties":{"id":"ppm-fr-6632","name":"Petit Fougeray Wind Farm","capacity_mw":10.0,"fuel_type":"wind","status":"operational","precision":"approximate","source":"powerplantmatching v0.9.0, 2026-10-03 · Global Energy Monitor, OpenStreetMap","source_url":"https://www.openstreetmap.org/relation/8009264","tech":"Onshore","commissioning_year":2017},"geometry":{"type":"Point","coordinates":[-1.63,47.933]}},{"type":"Feature","properties":{"id":"ppm-fr-6633","name":"Petit Palais Et Cornemps Confidentiel Solar Farm","capacity_mw":10.0,"fuel_type":"solar","status":"operational","precision":"approximate","source":"powerplantmatching v0.9.0, 2026-10-03 · Global Energy Monitor, OpenStreetMap","source_url":"https://www.openstreetmap.org/way/720934707","tech":"PV","commissioning_year":2011},"geometry":{"type":"Point","coordinates":[-0.05,44.982]}},{"type":"Feature","properties":{"id":"ppm-fr-6656","name":"Pannece Beausejour Wind Farm","capacity_mw":10.0,"fuel_type":"wind","status":"operational","precision":"approximate","source":"powerplantmatching v0.9.0, 2026-10-03 · Global Energy Monitor, OpenStreetMap","source_url":"https://www.openstreetmap.org/relation/5662891","tech":"Onshore","commissioning_year":2009},"geometry":{"type":"Point","coordinates":[-1.232,47.502]}},{"type":"Feature","properties":{"id":"ppm-fr-6659","name":"Parc Du Rio Wind Farm","capacity_mw":10.0,"fuel_type":"wind","status":"operational","precision":"approximate","source":"powerplantmatching v0.9.0, 2026-10-03 · Global Energy Monitor, OpenStreetMap","source_url":"https://www.openstreetmap.org/relation/11176853","tech":"Onshore","commissioning_year":2019},"geometry":{"type":"Point","coordinates":[2.857,50.074]}},{"type":"Feature","properties":{"id":"ppm-fr-6667","name":"Ourcq Et Du Clignon Wind Farm","capacity_mw":10.0,"fuel_type":"wind","status":"operational","precision":"approximate","source":"powerplantmatching v0.9.0, 2026-10-03 · Global Energy Monitor, OpenStreetMap","source_url":"https://www.openstreetmap.org/relation/10115154","tech":"Onshore","commissioning_year":2016},"geometry":{"type":"Point","coordinates":[3.168,49.115]}},{"type":"Feature","properties":{"id":"ppm-fr-6671","name":"Pamproux Edf Wind Farm","capacity_mw":10.0,"fuel_type":"wind","status":"operational","precision":"approximate","source":"powerplantmatching v0.9.0, 2026-10-03 · Global Energy Monitor, OpenStreetMap","source_url":"https://www.openstreetmap.org/relation/4037969","tech":"Onshore","commissioning_year":2012},"geometry":{"type":"Point","coordinates":[0.034,46.411]}},{"type":"Feature","properties":{"id":"ppm-fr-6685","name":"Menil La Horgne Wind Farm","capacity_mw":10.0,"fuel_type":"wind","status":"operational","precision":"approximate","source":"powerplantmatching v0.9.0, 2026-10-03 · Global Energy Monitor, OpenStreetMap","source_url":"https://www.openstreetmap.org/relation/6902158","tech":"Onshore","commissioning_year":2006},"geometry":{"type":"Point","coordinates":[5.507,48.701]}},{"type":"Feature","properties":{"id":"ppm-fr-6687","name":"Mezieres Sissy Wind Farm","capacity_mw":10.0,"fuel_type":"wind","status":"operational","precision":"approximate","source":"powerplantmatching v0.9.0, 2026-10-03 · Global Energy Monitor, OpenStreetMap","source_url":"https://www.openstreetmap.org/relation/10115388","tech":"Onshore","commissioning_year":2017},"geometry":{"type":"Point","coordinates":[3.384,49.812]}},{"type":"Feature","properties":{"id":"ppm-fr-6700","name":"Moulin Vent Wind Farm","capacity_mw":10.0,"fuel_type":"wind","status":"operational","precision":"approximate","source":"powerplantmatching v0.9.0, 2026-10-03 · Global Energy Monitor, OpenStreetMap","source_url":"https://www.openstreetmap.org/relation/7985942","tech":"Onshore","commissioning_year":2011},"geometry":{"type":"Point","coordinates":[3.566,48.406]}},{"type":"Feature","properties":{"id":"ppm-fr-6703","name":"Muzillac Wind Farm","capacity_mw":10.0,"fuel_type":"wind","status":"operational","precision":"approximate","source":"powerplantmatching v0.9.0, 2026-10-03 · Global Energy Monitor, OpenStreetMap","source_url":"https://www.openstreetmap.org/relation/6017190","tech":"Onshore","commissioning_year":2008},"geometry":{"type":"Point","coordinates":[-2.452,47.52]}},{"type":"Feature","properties":{"id":"ppm-fr-6709","name":"Louvieres Et Poulangy Wind Farm","capacity_mw":10.0,"fuel_type":"wind","status":"operational","precision":"approximate","source":"powerplantmatching v0.9.0, 2026-10-03 · Global Energy Monitor, OpenStreetMap","source_url":"https://www.openstreetmap.org/relation/14377023","tech":"Onshore","commissioning_year":2020},"geometry":{"type":"Point","coordinates":[5.264,48.04]}},{"type":"Feature","properties":{"id":"ppm-fr-6721","name":"Montafilant Wind Farm","capacity_mw":10.0,"fuel_type":"wind","status":"operational","precision":"approximate","source":"powerplantmatching v0.9.0, 2026-10-03 · Global Energy Monitor, OpenStreetMap","source_url":"https://www.openstreetmap.org/relation/5824085","tech":"Onshore","commissioning_year":2012},"geometry":{"type":"Point","coordinates":[-1.571,47.738]}},{"type":"Feature","properties":{"id":"ppm-fr-6726","name":"Levigny Wind Farm","capacity_mw":10.0,"fuel_type":"wind","status":"operational","precision":"approximate","source":"powerplantmatching v0.9.0, 2026-10-03 · Global Energy Monitor, OpenStreetMap","source_url":"https://www.openstreetmap.org/relation/7985972","tech":"Onshore","commissioning_year":2009},"geometry":{"type":"Point","coordinates":[4.701,48.293]}},{"type":"Feature","properties":{"id":"ppm-fr-6728","name":"Molinons Wind Farm","capacity_mw":10.0,"fuel_type":"wind","status":"operational","precision":"approximate","source":"powerplantmatching v0.9.0, 2026-10-03 · Global Energy Monitor, OpenStreetMap","source_url":"https://www.openstreetmap.org/relation/7931948","tech":"Onshore","commissioning_year":2014},"geometry":{"type":"Point","coordinates":[3.545,48.208]}},{"type":"Feature","properties":{"id":"ppm-fr-6750","name":"Les Landes Du Tertre Wind Farm","capacity_mw":10.0,"fuel_type":"wind","status":"operational","precision":"approximate","source":"powerplantmatching v0.9.0, 2026-10-03 · Global Energy Monitor, OpenStreetMap","source_url":"https://www.openstreetmap.org/relation/6017169","tech":"Onshore","commissioning_year":2010},"geometry":{"type":"Point","coordinates":[-2.648,48.186]}},{"type":"Feature","properties":{"id":"ppm-fr-6772","name":"Lehaucourt Wind Farm","capacity_mw":10.0,"fuel_type":"wind","status":"operational","precision":"approximate","source":"powerplantmatching v0.9.0, 2026-10-03 · Global Energy Monitor, OpenStreetMap","source_url":"https://www.openstreetmap.org/relation/7947851","tech":"Onshore","commissioning_year":2006},"geometry":{"type":"Point","coordinates":[3.283,49.917]}},{"type":"Feature","properties":{"id":"ppm-fr-6784","name":"Les Vents De Nord Sarthe Wind Farm","capacity_mw":10.0,"fuel_type":"wind","status":"operational","precision":"approximate","source":"powerplantmatching v0.9.0, 2026-10-03 · Global Energy Monitor, OpenStreetMap","source_url":"https://www.openstreetmap.org/relation/10122099","tech":"Onshore","commissioning_year":2018},"geometry":{"type":"Point","coordinates":[0.206,48.298]}},{"type":"Feature","properties":{"id":"ppm-fr-6797","name":"Pithiviers Le Vieil Wind Farm","capacity_mw":10.0,"fuel_type":"wind","status":"operational","precision":"approximate","source":"powerplantmatching v0.9.0, 2026-10-03 · Global Energy Monitor, OpenStreetMap","source_url":"https://www.openstreetmap.org/relation/7938721","tech":"Onshore","commissioning_year":2007},"geometry":{"type":"Point","coordinates":[2.22,48.193]}},{"type":"Feature","properties":{"id":"ppm-fr-6800","name":"Laucourt Wind Farm","capacity_mw":10.0,"fuel_type":"wind","status":"operational","precision":"approximate","source":"powerplantmatching v0.9.0, 2026-10-03 · Global Energy Monitor, OpenStreetMap","source_url":"https://www.openstreetmap.org/relation/10124277","tech":"Onshore","commissioning_year":2016},"geometry":{"type":"Point","coordinates":[2.758,49.675]}},{"type":"Feature","properties":{"id":"ppm-fr-6809","name":"Laneuville Au Rupt Wind Farm","capacity_mw":10.0,"fuel_type":"wind","status":"operational","precision":"approximate","source":"powerplantmatching v0.9.0, 2026-10-03 · Global Energy Monitor, OpenStreetMap","source_url":"https://www.openstreetmap.org/relation/6902150","tech":"Onshore","commissioning_year":2007},"geometry":{"type":"Point","coordinates":[5.581,48.714]}},{"type":"Feature","properties":{"id":"ppm-fr-6819","name":"Les Cretes Wind Farm","capacity_mw":10.0,"fuel_type":"wind","status":"operational","precision":"approximate","source":"powerplantmatching v0.9.0, 2026-10-03 · Global Energy Monitor, OpenStreetMap","source_url":"https://www.openstreetmap.org/relation/2841588","tech":"Onshore","commissioning_year":2008},"geometry":{"type":"Point","coordinates":[-0.65,47.144]}},{"type":"Feature","properties":{"id":"ppm-fr-6846","name":"La Haie Du Vent Stenay Wind Farm","capacity_mw":10.0,"fuel_type":"wind","status":"operational","precision":"approximate","source":"powerplantmatching v0.9.0, 2026-10-03 · Global Energy Monitor, OpenStreetMap","source_url":"https://www.openstreetmap.org/relation/6902165","tech":"Onshore","commissioning_year":2007},"geometry":{"type":"Point","coordinates":[5.198,49.501]}},{"type":"Feature","properties":{"id":"ppm-fr-6856","name":"Le Champ Vert Wind Farm","capacity_mw":10.0,"fuel_type":"wind","status":"operational","precision":"approximate","source":"powerplantmatching v0.9.0, 2026-10-03 · Global Energy Monitor, OpenStreetMap","source_url":"https://www.openstreetmap.org/relation/7947847","tech":"Onshore","commissioning_year":2007},"geometry":{"type":"Point","coordinates":[3.099,49.7]}},{"type":"Feature","properties":{"id":"ppm-fr-6858","name":"Le Florembeau Wind Farm","capacity_mw":10.0,"fuel_type":"wind","status":"operational","precision":"approximate","source":"powerplantmatching v0.9.0, 2026-10-03 · Global Energy Monitor, OpenStreetMap","source_url":"https://www.openstreetmap.org/relation/12572214","tech":"Onshore","commissioning_year":2007},"geometry":{"type":"Point","coordinates":[2.043,50.515]}},{"type":"Feature","properties":{"id":"ppm-fr-6859","name":"Le Fouilloux Confidentiel Solar Farm","capacity_mw":10.0,"fuel_type":"solar","status":"operational","precision":"approximate","source":"powerplantmatching v0.9.0, 2026-10-03 · Global Energy Monitor, OpenStreetMap","source_url":"https://www.openstreetmap.org/relation/9987200","tech":"PV","commissioning_year":2017},"geometry":{"type":"Point","coordinates":[-0.125,45.19]}},{"type":"Feature","properties":{"id":"ppm-fr-6860","name":"Le Fouy Wind Farm","capacity_mw":10.0,"fuel_type":"wind","status":"operational","precision":"approximate","source":"powerplantmatching v0.9.0, 2026-10-03 · Global Energy Monitor, OpenStreetMap","source_url":"https://www.openstreetmap.org/relation/2841577","tech":"Onshore","commissioning_year":2008},"geometry":{"type":"Point","coordinates":[-0.786,47.191]}},{"type":"Feature","properties":{"id":"ppm-fr-6861","name":"Le Gollot Wind Farm","capacity_mw":10.0,"fuel_type":"wind","status":"operational","precision":"approximate","source":"powerplantmatching v0.9.0, 2026-10-03 · Global Energy Monitor, OpenStreetMap","source_url":"https://www.openstreetmap.org/relation/13096370","tech":"Onshore","commissioning_year":2006},"geometry":{"type":"Point","coordinates":[-3.278,48.466]}},{"type":"Feature","properties":{"id":"ppm-fr-6863","name":"Le Grand Camp Wind Farm","capacity_mw":10.0,"fuel_type":"wind","status":"operational","precision":"approximate","source":"powerplantmatching v0.9.0, 2026-10-03 · Global Energy Monitor, OpenStreetMap","source_url":"https://www.openstreetmap.org/relation/2684250","tech":"Onshore","commissioning_year":2009},"geometry":{"type":"Point","coordinates":[1.936,48.264]}},{"type":"Feature","properties":{"id":"ppm-fr-6870","name":"Ker Rose Wind Farm","capacity_mw":10.0,"fuel_type":"wind","status":"operational","precision":"approximate","source":"powerplantmatching v0.9.0, 2026-10-03 · Global Energy Monitor, OpenStreetMap","source_url":"https://www.openstreetmap.org/relation/13096936","tech":"Onshore","commissioning_year":2011},"geometry":{"type":"Point","coordinates":[-3.298,48.264]}},{"type":"Feature","properties":{"id":"ppm-fr-6920","name":"Kerherhal Wind Farm","capacity_mw":10.0,"fuel_type":"wind","status":"operational","precision":"approximate","source":"powerplantmatching v0.9.0, 2026-10-03 · Global Energy Monitor, OpenStreetMap","source_url":"https://www.openstreetmap.org/relation/6004993","tech":"Onshore","commissioning_year":2004},"geometry":{"type":"Point","coordinates":[-4.565,48.522]}},{"type":"Feature","properties":{"id":"ppm-fr-7139","name":"Hauts Traits Wind Farm","capacity_mw":10.0,"fuel_type":"wind","status":"operational","precision":"approximate","source":"powerplantmatching v0.9.0, 2026-10-03 · Global Energy Monitor, OpenStreetMap","source_url":"https://www.openstreetmap.org/relation/7970517","tech":"Onshore","commissioning_year":2007},"geometry":{"type":"Point","coordinates":[1.296,49.915]}},{"type":"Feature","properties":{"id":"ppm-fr-7157","name":"Gomiecourt Wind Farm","capacity_mw":10.0,"fuel_type":"wind","status":"operational","precision":"approximate","source":"powerplantmatching v0.9.0, 2026-10-03 · Global Energy Monitor, OpenStreetMap","source_url":"https://www.openstreetmap.org/relation/6094555","tech":"Onshore","commissioning_year":2010},"geometry":{"type":"Point","coordinates":[2.812,50.152]}},{"type":"Feature","properties":{"id":"ppm-fr-7163","name":"Freyssenet Wind Farm","capacity_mw":10.0,"fuel_type":"wind","status":"operational","precision":"approximate","source":"powerplantmatching v0.9.0, 2026-10-03 · Global Energy Monitor, OpenStreetMap","source_url":"https://www.openstreetmap.org/relation/4031898","tech":"Onshore","commissioning_year":2006},"geometry":{"type":"Point","coordinates":[4.557,44.678]}},{"type":"Feature","properties":{"id":"ppm-fr-7165","name":"Futures Energies Drambon Pontailler Solar Farm","capacity_mw":10.0,"fuel_type":"solar","status":"operational","precision":"approximate","source":"powerplantmatching v0.9.0, 2026-10-03 · Global Energy Monitor, OpenStreetMap","source_url":"https://www.openstreetmap.org/relation/10690833","tech":"PV","commissioning_year":2018},"geometry":{"type":"Point","coordinates":[5.36,47.337]}},{"type":"Feature","properties":{"id":"ppm-fr-7169","name":"Fontenille Wind Farm","capacity_mw":10.0,"fuel_type":"wind","status":"operational","precision":"approximate","source":"powerplantmatching v0.9.0, 2026-10-03 · Global Energy Monitor, OpenStreetMap","source_url":"https://www.openstreetmap.org/relation/10115237","tech":"Onshore","commissioning_year":2017},"geometry":{"type":"Point","coordinates":[0.191,45.924]}},{"type":"Feature","properties":{"id":"ppm-fr-7189","name":"Familly Wind Farm","capacity_mw":10.0,"fuel_type":"wind","status":"operational","precision":"approximate","source":"powerplantmatching v0.9.0, 2026-10-03 · Global Energy Monitor, OpenStreetMap","source_url":"https://www.openstreetmap.org/relation/3630198","tech":"Onshore","commissioning_year":2010},"geometry":{"type":"Point","coordinates":[0.343,48.949]}},{"type":"Feature","properties":{"id":"ppm-fr-7208","name":"Goulafriere Wind Farm","capacity_mw":10.0,"fuel_type":"wind","status":"operational","precision":"approximate","source":"powerplantmatching v0.9.0, 2026-10-03 · Global Energy Monitor, OpenStreetMap","source_url":"https://www.openstreetmap.org/relation/14383886","tech":"Onshore","commissioning_year":2022},"geometry":{"type":"Point","coordinates":[0.471,48.959]}},{"type":"Feature","properties":{"id":"ppm-fr-7243","name":"Fillieres Wind Farm","capacity_mw":10.0,"fuel_type":"wind","status":"operational","precision":"approximate","source":"powerplantmatching v0.9.0, 2026-10-03 · Global Energy Monitor, OpenStreetMap","source_url":"https://www.openstreetmap.org/relation/2841825","tech":"Onshore","commissioning_year":2012},"geometry":{"type":"Point","coordinates":[5.832,49.419]}},{"type":"Feature","properties":{"id":"ppm-fr-7244","name":"Flamets Fretils Wind Farm","capacity_mw":10.0,"fuel_type":"wind","status":"operational","precision":"approximate","source":"powerplantmatching v0.9.0, 2026-10-03 · Global Energy Monitor, OpenStreetMap","source_url":"https://www.openstreetmap.org/relation/10126259","tech":"Onshore","commissioning_year":2018},"geometry":{"type":"Point","coordinates":[1.571,49.739]}},{"type":"Feature","properties":{"id":"ppm-fr-7245","name":"Cs Oroix Solar","capacity_mw":10.0,"fuel_type":"solar","status":"operational","precision":"approximate","source":"powerplantmatching v0.9.0, 2026-10-03 · Global Energy Monitor, OpenStreetMap","source_url":"https://www.openstreetmap.org/way/329748567","tech":"PV","commissioning_year":2025},"geometry":{"type":"Point","coordinates":[-0.033,43.301]}},{"type":"Feature","properties":{"id":"ppm-fr-7257","name":"Crennes Sur Fraubee Wind Farm","capacity_mw":10.0,"fuel_type":"wind","status":"operational","precision":"approximate","source":"powerplantmatching v0.9.0, 2026-10-03 · Global Energy Monitor, OpenStreetMap","source_url":"https://www.openstreetmap.org/relation/6618900","tech":"Onshore","commissioning_year":2009},"geometry":{"type":"Point","coordinates":[-0.285,48.384]}},{"type":"Feature","properties":{"id":"ppm-fr-7274","name":"Echauffour Wind Farm","capacity_mw":10.0,"fuel_type":"wind","status":"operational","precision":"approximate","source":"powerplantmatching v0.9.0, 2026-10-03 · Global Energy Monitor, OpenStreetMap","source_url":"https://www.openstreetmap.org/relation/10780340","tech":"Onshore","commissioning_year":2019},"geometry":{"type":"Point","coordinates":[0.377,48.742]}},{"type":"Feature","properties":{"id":"ppm-fr-7293","name":"Comes De Arce Wind Farm","capacity_mw":10.0,"fuel_type":"wind","status":"operational","precision":"approximate","source":"powerplantmatching v0.9.0, 2026-10-03 · Global Energy Monitor, OpenStreetMap","source_url":"https://www.openstreetmap.org/relation/5651154","tech":"Onshore","commissioning_year":2015},"geometry":{"type":"Point","coordinates":[4.438,48.148]}},{"type":"Feature","properties":{"id":"ppm-fr-7302","name":"Clamanges Wind Farm","capacity_mw":10.0,"fuel_type":"wind","status":"operational","precision":"approximate","source":"powerplantmatching v0.9.0, 2026-10-03 · Global Energy Monitor, OpenStreetMap","source_url":"https://www.openstreetmap.org/relation/13462759","tech":"Onshore","commissioning_year":2008},"geometry":{"type":"Point","coordinates":[4.081,48.844]}},{"type":"Feature","properties":{"id":"ppm-fr-7340","name":"Couffe Wind Farm","capacity_mw":10.0,"fuel_type":"wind","status":"operational","precision":"approximate","source":"powerplantmatching v0.9.0, 2026-10-03 · Global Energy Monitor, OpenStreetMap","source_url":"https://www.openstreetmap.org/relation/4657295","tech":"Onshore","commissioning_year":2014},"geometry":{"type":"Point","coordinates":[-1.284,47.412]}},{"type":"Feature","properties":{"id":"ppm-fr-7378","name":"Champs Besnard Wind Farm","capacity_mw":10.0,"fuel_type":"wind","status":"operational","precision":"approximate","source":"powerplantmatching v0.9.0, 2026-10-03 · Global Energy Monitor, OpenStreetMap","source_url":"https://www.openstreetmap.org/relation/2684318","tech":"Onshore","commissioning_year":2006},"geometry":{"type":"Point","coordinates":[1.897,48.148]}},{"type":"Feature","properties":{"id":"ppm-fr-7379","name":"Champs Parents Wind Farm","capacity_mw":10.0,"fuel_type":"wind","status":"operational","precision":"approximate","source":"powerplantmatching v0.9.0, 2026-10-03 · Global Energy Monitor, OpenStreetMap","source_url":"https://www.openstreetmap.org/relation/10767058","tech":"Onshore","commissioning_year":2010},"geometry":{"type":"Point","coordinates":[4.558,48.855]}},{"type":"Feature","properties":{"id":"ppm-fr-7443","name":"Caban Sud Wind Farm","capacity_mw":10.0,"fuel_type":"wind","status":"operational","precision":"approximate","source":"powerplantmatching v0.9.0, 2026-10-03 · Global Energy Monitor, OpenStreetMap","source_url":"https://www.openstreetmap.org/relation/4031871","tech":"Onshore","commissioning_year":2006},"geometry":{"type":"Point","coordinates":[4.869,43.408]}},{"type":"Feature","properties":{"id":"ppm-fr-7451","name":"Champ Chardon Wind Farm","capacity_mw":10.0,"fuel_type":"wind","status":"operational","precision":"approximate","source":"powerplantmatching v0.9.0, 2026-10-03 · Global Energy Monitor, OpenStreetMap","source_url":"https://www.openstreetmap.org/relation/10763017","tech":"Onshore","commissioning_year":2018},"geometry":{"type":"Point","coordinates":[2.652,49.569]}},{"type":"Feature","properties":{"id":"ppm-fr-7493","name":"Catesis Wind Farm","capacity_mw":10.0,"fuel_type":"wind","status":"operational","precision":"approximate","source":"powerplantmatching v0.9.0, 2026-10-03 · Global Energy Monitor, OpenStreetMap","source_url":"https://www.openstreetmap.org/relation/10762976","tech":"Onshore","commissioning_year":2019},"geometry":{"type":"Point","coordinates":[3.611,50.071]}},{"type":"Feature","properties":{"id":"ppm-fr-7497","name":"Campigny Wind Farm","capacity_mw":10.0,"fuel_type":"wind","status":"operational","precision":"approximate","source":"powerplantmatching v0.9.0, 2026-10-03 · Global Energy Monitor, OpenStreetMap","source_url":"https://www.openstreetmap.org/relation/7970508","tech":"Onshore","commissioning_year":2011},"geometry":{"type":"Point","coordinates":[0.565,49.317]}},{"type":"Feature","properties":{"id":"ppm-fr-7521","name":"Bosc Berenger Wind Farm","capacity_mw":10.0,"fuel_type":"wind","status":"operational","precision":"approximate","source":"powerplantmatching v0.9.0, 2026-10-03 · Global Energy Monitor, OpenStreetMap","source_url":"https://www.openstreetmap.org/relation/10125315","tech":"Onshore","commissioning_year":2018},"geometry":{"type":"Point","coordinates":[1.245,49.627]}},{"type":"Feature","properties":{"id":"ppm-fr-7523","name":"Bouhy Et Dampierre Sous Bouhy Wind Farm","capacity_mw":10.0,"fuel_type":"wind","status":"operational","precision":"approximate","source":"powerplantmatching v0.9.0, 2026-10-03 · Global Energy Monitor, OpenStreetMap","source_url":"https://www.openstreetmap.org/relation/7931956","tech":"Onshore","commissioning_year":2017},"geometry":{"type":"Point","coordinates":[3.15,47.487]}},{"type":"Feature","properties":{"id":"ppm-fr-7526","name":"Bourbriac Wind Farm","capacity_mw":10.0,"fuel_type":"wind","status":"operational","precision":"approximate","source":"powerplantmatching v0.9.0, 2026-10-03 · Global Energy Monitor, OpenStreetMap","source_url":"https://www.openstreetmap.org/relation/15586371","tech":"Onshore","commissioning_year":2008},"geometry":{"type":"Point","coordinates":[-3.187,48.473]}},{"type":"Feature","properties":{"id":"ppm-fr-7620","name":"Berviller En Moselle Wind Farm","capacity_mw":10.0,"fuel_type":"wind","status":"operational","precision":"approximate","source":"powerplantmatching v0.9.0, 2026-10-03 · Global Energy Monitor, OpenStreetMap","source_url":"https://www.openstreetmap.org/relation/6902217","tech":"Onshore","commissioning_year":2009},"geometry":{"type":"Point","coordinates":[6.662,49.265]}},{"type":"Feature","properties":{"id":"ppm-fr-7640","name":"Ballendaux Wind Farm","capacity_mw":10.0,"fuel_type":"wind","status":"operational","precision":"approximate","source":"powerplantmatching v0.9.0, 2026-10-03 · Global Energy Monitor, OpenStreetMap","source_url":"https://www.openstreetmap.org/relation/9470124","tech":"Onshore","commissioning_year":2017},"geometry":{"type":"Point","coordinates":[-0.061,48.715]}},{"type":"Feature","properties":{"id":"ppm-fr-7650","name":"Avessac Wind Farm","capacity_mw":10.0,"fuel_type":"wind","status":"operational","precision":"approximate","source":"powerplantmatching v0.9.0, 2026-10-03 · Global Energy Monitor, OpenStreetMap","source_url":"https://www.openstreetmap.org/relation/8009413","tech":"Onshore","commissioning_year":2017},"geometry":{"type":"Point","coordinates":[-2.01,47.615]}},{"type":"Feature","properties":{"id":"ppm-fr-7672","name":"Anoux Wind Farm","capacity_mw":10.0,"fuel_type":"wind","status":"operational","precision":"approximate","source":"powerplantmatching v0.9.0, 2026-10-03 · Global Energy Monitor, OpenStreetMap","source_url":"https://www.openstreetmap.org/relation/5595385","tech":"Onshore","commissioning_year":2008},"geometry":{"type":"Point","coordinates":[5.89,49.27]}},{"type":"Feature","properties":{"id":"ppm-fr-7681","name":"Allondrelle La Malmaison Wind Farm","capacity_mw":10.0,"fuel_type":"wind","status":"operational","precision":"approximate","source":"powerplantmatching v0.9.0, 2026-10-03 · Global Energy Monitor, OpenStreetMap","source_url":"https://www.openstreetmap.org/relation/4126309","tech":"Onshore","commissioning_year":2014},"geometry":{"type":"Point","coordinates":[5.55,49.511]}},{"type":"Feature","properties":{"id":"ppm-fr-7692","name":"Beausoleil Wind Farm","capacity_mw":10.0,"fuel_type":"wind","status":"operational","precision":"approximate","source":"powerplantmatching v0.9.0, 2026-10-03 · Global Energy Monitor, OpenStreetMap","source_url":"https://www.openstreetmap.org/relation/6017186","tech":"Onshore","commissioning_year":2009},"geometry":{"type":"Point","coordinates":[-2.46,48.001]}},{"type":"Feature","properties":{"id":"ppm-fr-7753","name":"Ablainzevelle Wind Farm","capacity_mw":10.0,"fuel_type":"wind","status":"operational","precision":"approximate","source":"powerplantmatching v0.9.0, 2026-10-03 · Global Energy Monitor, OpenStreetMap","source_url":"https://www.openstreetmap.org/relation/6094561","tech":"Onshore","commissioning_year":2010},"geometry":{"type":"Point","coordinates":[2.745,50.154]}},{"type":"Feature","properties":{"id":"ppm-fr-7755","name":"Aerodis Herbitzheim Wind Farm","capacity_mw":10.0,"fuel_type":"wind","status":"operational","precision":"approximate","source":"powerplantmatching v0.9.0, 2026-10-03 · Global Energy Monitor, OpenStreetMap","source_url":"https://www.openstreetmap.org/relation/10105479","tech":"Onshore","commissioning_year":2017},"geometry":{"type":"Point","coordinates":[7.092,49.037]}},{"type":"Feature","properties":{"id":"ppm-fr-7758","name":"Aiguillon Confidentiel Solar","capacity_mw":10.0,"fuel_type":"solar","status":"operational","precision":"approximate","source":"powerplantmatching v0.9.0, 2026-10-03 · Global Energy Monitor, OpenStreetMap","source_url":"https://www.openstreetmap.org/relation/18208032","tech":"PV","commissioning_year":2024},"geometry":{"type":"Point","coordinates":[0.342,44.3]}},{"type":"Feature","properties":{"id":"ppm-fr-10304","name":"Les Cigalettes","capacity_mw":10.0,"fuel_type":"solar","status":"operational","precision":"approximate","source":"powerplantmatching v0.9.0, 2026-10-03 · WRI GPPD, OpenStreetMap","source_url":"https://www.openstreetmap.org/way/1331642478","tech":"PV","commissioning_year":2025},"geometry":{"type":"Point","coordinates":[5.93,44.053]}},{"type":"Feature","properties":{"id":"ppm-fr-12103","name":"Ablaincourt Pressoir Wind Farm","capacity_mw":10.0,"fuel_type":"wind","status":"operational","precision":"approximate","source":"powerplantmatching v0.9.0, 2026-10-03 · Global Energy Monitor","source_url":"https://github.com/PyPSA/powerplantmatching","tech":"Onshore","commissioning_year":2009},"geometry":{"type":"Point","coordinates":[2.802,49.843]}},{"type":"Feature","properties":{"id":"ppm-fr-12484","name":"Ambon Wind Farm","capacity_mw":10.0,"fuel_type":"wind","status":"operational","precision":"approximate","source":"powerplantmatching v0.9.0, 2026-10-03 · Global Energy Monitor","source_url":"https://github.com/PyPSA/powerplantmatching","tech":"Onshore","commissioning_year":2008},"geometry":{"type":"Point","coordinates":[-2.541,47.58]}},{"type":"Feature","properties":{"id":"ppm-fr-13229","name":"Barly Wind Farm","capacity_mw":10.0,"fuel_type":"wind","status":"operational","precision":"approximate","source":"powerplantmatching v0.9.0, 2026-10-03 · Global Energy Monitor","source_url":"https://github.com/PyPSA/powerplantmatching","tech":"Onshore","commissioning_year":2018},"geometry":{"type":"Point","coordinates":[2.539,50.26]}},{"type":"Feature","properties":{"id":"ppm-fr-13287","name":"Beaurevoir Wind Farm","capacity_mw":10.0,"fuel_type":"wind","status":"operational","precision":"approximate","source":"powerplantmatching v0.9.0, 2026-10-03 · Global Energy Monitor","source_url":"https://github.com/PyPSA/powerplantmatching","tech":"Onshore","commissioning_year":2009},"geometry":{"type":"Point","coordinates":[3.342,49.987]}},{"type":"Feature","properties":{"id":"ppm-fr-13848","name":"Boubers Conchy Wind Farm","capacity_mw":10.0,"fuel_type":"wind","status":"operational","precision":"approximate","source":"powerplantmatching v0.9.0, 2026-10-03 · Global Energy Monitor","source_url":"https://github.com/PyPSA/powerplantmatching","tech":"Onshore"},"geometry":{"type":"Point","coordinates":[2.225,50.297]}},{"type":"Feature","properties":{"id":"ppm-fr-14238","name":"Canton Du Quesnoy Wind Farm","capacity_mw":10.0,"fuel_type":"wind","status":"operational","precision":"approximate","source":"powerplantmatching v0.9.0, 2026-10-03 · Global Energy Monitor","source_url":"https://github.com/PyPSA/powerplantmatching","tech":"Onshore","commissioning_year":2009},"geometry":{"type":"Point","coordinates":[3.557,50.266]}},{"type":"Feature","properties":{"id":"ppm-fr-15267","name":"Clos Bataille Wind Farm","capacity_mw":10.0,"fuel_type":"wind","status":"operational","precision":"approximate","source":"powerplantmatching v0.9.0, 2026-10-03 · Global Energy Monitor","source_url":"https://github.com/PyPSA/powerplantmatching","tech":"Onshore","commissioning_year":2008},"geometry":{"type":"Point","coordinates":[1.508,49.851]}},{"type":"Feature","properties":{"id":"ppm-fr-15458","name":"Coyecques Wind Farm","capacity_mw":10.0,"fuel_type":"wind","status":"operational","precision":"approximate","source":"powerplantmatching v0.9.0, 2026-10-03 · Global Energy Monitor","source_url":"https://github.com/PyPSA/powerplantmatching","tech":"Onshore","commissioning_year":2019},"geometry":{"type":"Point","coordinates":[2.205,50.597]}},{"type":"Feature","properties":{"id":"ppm-fr-15679","name":"Dahlia Wind Farm","capacity_mw":10.0,"fuel_type":"wind","status":"operational","precision":"approximate","source":"powerplantmatching v0.9.0, 2026-10-03 · Global Energy Monitor","source_url":"https://github.com/PyPSA/powerplantmatching","tech":"Onshore","commissioning_year":2022},"geometry":{"type":"Point","coordinates":[5.298,48.197]}},{"type":"Feature","properties":{"id":"ppm-fr-16510","name":"Esnouveaux Wind Farm","capacity_mw":10.0,"fuel_type":"wind","status":"operational","precision":"approximate","source":"powerplantmatching v0.9.0, 2026-10-03 · Global Energy Monitor","source_url":"https://github.com/PyPSA/powerplantmatching","tech":"Onshore"},"geometry":{"type":"Point","coordinates":[5.348,48.132]}},{"type":"Feature","properties":{"id":"ppm-fr-16858","name":"Fonds De Fresnes Wind Farm","capacity_mw":10.0,"fuel_type":"wind","status":"operational","precision":"approximate","source":"powerplantmatching v0.9.0, 2026-10-03 · Global Energy Monitor","source_url":"https://github.com/PyPSA/powerplantmatching","tech":"Onshore","commissioning_year":2006},"geometry":{"type":"Point","coordinates":[1.448,49.594]}},{"type":"Feature","properties":{"id":"ppm-fr-16866","name":"Fontenai Sur Orne Wind Farm","capacity_mw":10.0,"fuel_type":"wind","status":"operational","precision":"approximate","source":"powerplantmatching v0.9.0, 2026-10-03 · Global Energy Monitor","source_url":"https://github.com/PyPSA/powerplantmatching","tech":"Onshore","commissioning_year":2017},"geometry":{"type":"Point","coordinates":[-0.074,48.718]}},{"type":"Feature","properties":{"id":"ppm-fr-16889","name":"Fos Sur Mer Wind Farm","capacity_mw":10.0,"fuel_type":"wind","status":"operational","precision":"approximate","source":"powerplantmatching v0.9.0, 2026-10-03 · Global Energy Monitor","source_url":"https://github.com/PyPSA/powerplantmatching","tech":"Onshore","commissioning_year":2006},"geometry":{"type":"Point","coordinates":[4.904,43.456]}},{"type":"Feature","properties":{"id":"ppm-fr-17684","name":"Hauts De Melleray Wind Farm","capacity_mw":10.0,"fuel_type":"wind","status":"operational","precision":"approximate","source":"powerplantmatching v0.9.0, 2026-10-03 · Global Energy Monitor","source_url":"https://github.com/PyPSA/powerplantmatching","tech":"Onshore","commissioning_year":2006},"geometry":{"type":"Point","coordinates":[1.894,48.21]}},{"type":"Feature","properties":{"id":"ppm-fr-18271","name":"Jouac Confidentiel Solar","capacity_mw":10.0,"fuel_type":"solar","status":"operational","precision":"approximate","source":"powerplantmatching v0.9.0, 2026-10-03 · Global Energy Monitor","source_url":"https://github.com/PyPSA/powerplantmatching","tech":"PV","commissioning_year":2023},"geometry":{"type":"Point","coordinates":[1.261,46.353]}},{"type":"Feature","properties":{"id":"ppm-fr-18273","name":"Joyeuses Wind Farm","capacity_mw":10.0,"fuel_type":"wind","status":"operational","precision":"approximate","source":"powerplantmatching v0.9.0, 2026-10-03 · Global Energy Monitor","source_url":"https://github.com/PyPSA/powerplantmatching","tech":"Onshore","commissioning_year":2009},"geometry":{"type":"Point","coordinates":[2.082,46.977]}},{"type":"Feature","properties":{"id":"ppm-fr-19227","name":"La Chaussee Brunehaut Quadran Wind Farm","capacity_mw":10.0,"fuel_type":"wind","status":"operational","precision":"approximate","source":"powerplantmatching v0.9.0, 2026-10-03 · Global Energy Monitor","source_url":"https://github.com/PyPSA/powerplantmatching","tech":"Onshore","commissioning_year":2017},"geometry":{"type":"Point","coordinates":[2.213,49.626]}},{"type":"Feature","properties":{"id":"ppm-fr-19262","name":"La Nourais Wind Farm","capacity_mw":10.0,"fuel_type":"wind","status":"operational","precision":"approximate","source":"powerplantmatching v0.9.0, 2026-10-03 · Global Energy Monitor","source_url":"https://github.com/PyPSA/powerplantmatching","tech":"Onshore","commissioning_year":2007},"geometry":{"type":"Point","coordinates":[-1.452,47.463]}},{"type":"Feature","properties":{"id":"ppm-fr-19400","name":"Lanques Sur Rognon Wind Farm","capacity_mw":10.0,"fuel_type":"wind","status":"operational","precision":"approximate","source":"powerplantmatching v0.9.0, 2026-10-03 · Global Energy Monitor","source_url":"https://github.com/PyPSA/powerplantmatching","tech":"Onshore","commissioning_year":2014},"geometry":{"type":"Point","coordinates":[5.37,48.088]}},{"type":"Feature","properties":{"id":"ppm-fr-19595","name":"Lauzach Wind Farm","capacity_mw":10.0,"fuel_type":"wind","status":"operational","precision":"approximate","source":"powerplantmatching v0.9.0, 2026-10-03 · Global Energy Monitor","source_url":"https://github.com/PyPSA/powerplantmatching","tech":"Onshore","commissioning_year":2008},"geometry":{"type":"Point","coordinates":[-2.543,47.601]}},{"type":"Feature","properties":{"id":"ppm-fr-19729","name":"Les Trois Fermes Wind Farm","capacity_mw":10.0,"fuel_type":"wind","status":"operational","precision":"approximate","source":"powerplantmatching v0.9.0, 2026-10-03 · Global Energy Monitor","source_url":"https://github.com/PyPSA/powerplantmatching","tech":"Onshore"},"geometry":{"type":"Point","coordinates":[2.207,48.173]}},{"type":"Feature","properties":{"id":"ppm-fr-20401","name":"Mauron Wind Farm","capacity_mw":10.0,"fuel_type":"wind","status":"operational","precision":"approximate","source":"powerplantmatching v0.9.0, 2026-10-03 · Global Energy Monitor","source_url":"https://github.com/PyPSA/powerplantmatching","tech":"Onshore","commissioning_year":2010},"geometry":{"type":"Point","coordinates":[-2.286,48.083]}},{"type":"Feature","properties":{"id":"ppm-fr-20584","name":"Migre Wind Farm","capacity_mw":10.0,"fuel_type":"wind","status":"operational","precision":"approximate","source":"powerplantmatching v0.9.0, 2026-10-03 · Global Energy Monitor","source_url":"https://github.com/PyPSA/powerplantmatching","tech":"Onshore","commissioning_year":2015},"geometry":{"type":"Point","coordinates":[-0.554,46.088]}},{"type":"Feature","properties":{"id":"ppm-fr-21578","name":"Opoul Perillos Wind Farm","capacity_mw":10.0,"fuel_type":"wind","status":"operational","precision":"approximate","source":"powerplantmatching v0.9.0, 2026-10-03 · Global Energy Monitor","source_url":"https://github.com/PyPSA/powerplantmatching","tech":"Onshore","commissioning_year":2003},"geometry":{"type":"Point","coordinates":[2.856,42.889]}},{"type":"Feature","properties":{"id":"ppm-fr-22317","name":"Piroy Wind Farm","capacity_mw":10.0,"fuel_type":"wind","status":"operational","precision":"approximate","source":"powerplantmatching v0.9.0, 2026-10-03 · Global Energy Monitor","source_url":"https://github.com/PyPSA/powerplantmatching","tech":"Onshore","commissioning_year":2020},"geometry":{"type":"Point","coordinates":[5.204,48.514]}},{"type":"Feature","properties":{"id":"ppm-fr-22398","name":"Plouguin Wind Farm","capacity_mw":10.0,"fuel_type":"wind","status":"operational","precision":"approximate","source":"powerplantmatching v0.9.0, 2026-10-03 · Global Energy Monitor","source_url":"https://github.com/PyPSA/powerplantmatching","tech":"Onshore","commissioning_year":2004},"geometry":{"type":"Point","coordinates":[-4.622,48.535]}},{"type":"Feature","properties":{"id":"ppm-fr-22633","name":"Ppe Guijar Solar","capacity_mw":10.0,"fuel_type":"solar","status":"operational","precision":"approximate","source":"powerplantmatching v0.9.0, 2026-10-03 · Global Energy Monitor","source_url":"https://github.com/PyPSA/powerplantmatching","tech":"PV","commissioning_year":2024},"geometry":{"type":"Point","coordinates":[0.404,44.356]}},{"type":"Feature","properties":{"id":"ppm-fr-23055","name":"Ribeyret Site Solar","capacity_mw":10.0,"fuel_type":"solar","status":"operational","precision":"approximate","source":"powerplantmatching v0.9.0, 2026-10-03 · Global Energy Monitor","source_url":"https://github.com/PyPSA/powerplantmatching","tech":"PV","commissioning_year":2024},"geometry":{"type":"Point","coordinates":[5.555,44.413]}},{"type":"Feature","properties":{"id":"ppm-fr-23226","name":"Roussas Wind Farm","capacity_mw":10.0,"fuel_type":"wind","status":"operational","precision":"approximate","source":"powerplantmatching v0.9.0, 2026-10-03 · Global Energy Monitor","source_url":"https://github.com/PyPSA/powerplantmatching","tech":"Onshore","commissioning_year":2006},"geometry":{"type":"Point","coordinates":[4.778,44.457]}},{"type":"Feature","properties":{"id":"ppm-fr-23358","name":"Saint Amand Sur Fion Wind Farm","capacity_mw":10.0,"fuel_type":"wind","status":"operational","precision":"approximate","source":"powerplantmatching v0.9.0, 2026-10-03 · Global Energy Monitor","source_url":"https://github.com/PyPSA/powerplantmatching","tech":"Onshore","commissioning_year":2014},"geometry":{"type":"Point","coordinates":[4.582,48.795]}},{"type":"Feature","properties":{"id":"ppm-fr-23440","name":"Saint Ouen Domprot Wind Farm","capacity_mw":10.0,"fuel_type":"wind","status":"operational","precision":"approximate","source":"powerplantmatching v0.9.0, 2026-10-03 · Global Energy Monitor","source_url":"https://github.com/PyPSA/powerplantmatching","tech":"Onshore","commissioning_year":2013},"geometry":{"type":"Point","coordinates":[4.393,48.614]}},{"type":"Feature","properties":{"id":"ppm-fr-24236","name":"Soulanges Et Saint Amand Wind Farm","capacity_mw":10.0,"fuel_type":"wind","status":"operational","precision":"approximate","source":"powerplantmatching v0.9.0, 2026-10-03 · Global Energy Monitor","source_url":"https://github.com/PyPSA/powerplantmatching","tech":"Onshore","commissioning_year":2015},"geometry":{"type":"Point","coordinates":[4.575,48.791]}},{"type":"Feature","properties":{"id":"ppm-fr-25297","name":"Ty Ru Wind Farm","capacity_mw":10.0,"fuel_type":"wind","status":"operational","precision":"approximate","source":"powerplantmatching v0.9.0, 2026-10-03 · Global Energy Monitor","source_url":"https://github.com/PyPSA/powerplantmatching","tech":"Onshore","commissioning_year":2012},"geometry":{"type":"Point","coordinates":[-3.689,48.58]}},{"type":"Feature","properties":{"id":"ppm-fr-25876","name":"Voie Des Monts Wind Farm","capacity_mw":10.0,"fuel_type":"wind","status":"operational","precision":"approximate","source":"powerplantmatching v0.9.0, 2026-10-03 · Global Energy Monitor","source_url":"https://github.com/PyPSA/powerplantmatching","tech":"Onshore","commissioning_year":2017},"geometry":{"type":"Point","coordinates":[3.275,49.8]}}]}